codigo,etapa,ano,area,componente,unidade_tematica,objeto_conhecimento,descricao,palavras_chave,temas_relacionados,steam_relacionado,cultura_maker,fonte_url,observacoes
EF06CI01,Ensino Fundamental - Anos Finais,6º ano,Ciências da Natureza,Ciências,,,"Classificar como homogênea ou heterogênea a mistura de dois ou mais materiais (água e sal, água e óleo, água e areia etc.).","{""classificar"",""homogenea"",""heterogenea"",""mistura"",""materiais"",""areia""}","{""classificar"",""homogenea"",""heterogenea"",""mistura"",""materiais"",""areia""}","{""ciencia""}",false,https://catalogobncc.github.io/metadados/2022/03/30/efci,Importado dos metadados públicos do Catálogo BNCC. Revisar unidade temática e objeto de conhecimento na planilha oficial BNCC/MEC.
EF06CI02,Ensino Fundamental - Anos Finais,6º ano,Ciências da Natureza,Ciências,,,"Identificar evidências de transformações químicas a partir do resultado de misturas de materiais que originam produtos diferentes dos que foram misturados (mistura de ingredientes para fazer um bolo, mistura de vinagre com bicarbonato de sódio etc.).","{""evidencias"",""transformacoes"",""quimicas"",""resultado"",""misturas"",""materiais"",""originam"",""produtos"",""foram"",""misturados""}","{""evidencias"",""transformacoes"",""quimicas"",""resultado"",""misturas"",""materiais""}","{""ciencia""}",false,https://catalogobncc.github.io/metadados/2022/03/30/efci,Importado dos metadados públicos do Catálogo BNCC. Revisar unidade temática e objeto de conhecimento na planilha oficial BNCC/MEC.
EF06CI03,Ensino Fundamental - Anos Finais,6º ano,Ciências da Natureza,Ciências,,,"Selecionar métodos mais adequados para a separação de diferentes sistemas heterogêneos a partir da identificação de processos de separação de materiais (como a produção de sal de cozinha, a destilação de petróleo, entre outros).","{""selecionar"",""metodos"",""adequados"",""separacao"",""sistemas"",""heterogeneos"",""identificacao"",""processos"",""materiais"",""producao""}","{""selecionar"",""metodos"",""adequados"",""separacao"",""sistemas"",""heterogeneos""}","{""ciencia""}",false,https://catalogobncc.github.io/metadados/2022/03/30/efci,Importado dos metadados públicos do Catálogo BNCC. Revisar unidade temática e objeto de conhecimento na planilha oficial BNCC/MEC.
EF06CI04,Ensino Fundamental - Anos Finais,6º ano,Ciências da Natureza,Ciências,,,"Associar a produção de medicamentos e outros materiais sintéticos ao desenvolvimento científico e tecnológico, reconhecendo benefícios e avaliando impactos socioambientais.","{""associar"",""producao"",""medicamentos"",""outros"",""materiais"",""sinteticos"",""desenvolvimento"",""cientifico"",""tecnologico"",""reconhecendo""}","{""associar"",""producao"",""medicamentos"",""outros"",""materiais"",""sinteticos""}","{""ciencia"",""tecnologia""}",false,https://catalogobncc.github.io/metadados/2022/03/30/efci,Importado dos metadados públicos do Catálogo BNCC. Revisar unidade temática e objeto de conhecimento na planilha oficial BNCC/MEC.
EF06CI05,Ensino Fundamental - Anos Finais,6º ano,Ciências da Natureza,Ciências,,,Explicar a organização básica das células e seu papel como unidade estrutural e funcional dos seres vivos.,"{""explicar"",""organizacao"",""basica"",""celulas"",""papel"",""unidade"",""estrutural"",""funcional"",""seres"",""vivos""}","{""explicar"",""organizacao"",""basica"",""celulas"",""papel"",""unidade""}","{""ciencia"",""engenharia""}",false,https://catalogobncc.github.io/metadados/2022/03/30/efci,Importado dos metadados públicos do Catálogo BNCC. Revisar unidade temática e objeto de conhecimento na planilha oficial BNCC/MEC.
EF06CI06,Ensino Fundamental - Anos Finais,6º ano,Ciências da Natureza,Ciências,,,"Concluir, com base na análise de ilustrações e/ou modelos (físicos ou digitais), que os organismos são um complexo arranjo de sistemas com diferentes níveis de organização.","{""concluir"",""analise"",""ilustracoes"",""modelos"",""fisicos"",""digitais"",""organismos"",""complexo"",""arranjo"",""sistemas""}","{""concluir"",""analise"",""ilustracoes"",""modelos"",""fisicos"",""digitais""}","{""ciencia""}",true,https://catalogobncc.github.io/metadados/2022/03/30/efci,Importado dos metadados públicos do Catálogo BNCC. Revisar unidade temática e objeto de conhecimento na planilha oficial BNCC/MEC.
EF06CI07,Ensino Fundamental - Anos Finais,6º ano,Ciências da Natureza,Ciências,,,"Justificar o papel do sistema nervoso na coordenação das ações motoras e sensoriais do corpo, com base na análise de suas estruturas básicas e respectivas funções.","{""justificar"",""papel"",""sistema"",""nervoso"",""coordenacao"",""acoes"",""motoras"",""sensoriais"",""corpo"",""analise""}","{""justificar"",""papel"",""sistema"",""nervoso"",""coordenacao"",""acoes""}","{""ciencia"",""engenharia""}",false,https://catalogobncc.github.io/metadados/2022/03/30/efci,Importado dos metadados públicos do Catálogo BNCC. Revisar unidade temática e objeto de conhecimento na planilha oficial BNCC/MEC.
EF06CI08,Ensino Fundamental - Anos Finais,6º ano,Ciências da Natureza,Ciências,,,"Explicar a importância da visão (captação e interpretação das imagens) na interação do organismo com o meio e, com base no funcionamento do olho humano, selecionar lentes adequadas para a correção de diferentes defeitos da visão.","{""explicar"",""importancia"",""visao"",""captacao"",""interpretacao"",""imagens"",""interacao"",""organismo"",""funcionamento"",""humano""}","{""explicar"",""importancia"",""visao"",""captacao"",""interpretacao"",""imagens""}","{""ciencia""}",false,https://catalogobncc.github.io/metadados/2022/03/30/efci,Importado dos metadados públicos do Catálogo BNCC. Revisar unidade temática e objeto de conhecimento na planilha oficial BNCC/MEC.
EF06CI09,Ensino Fundamental - Anos Finais,6º ano,Ciências da Natureza,Ciências,,,"Deduzir que a estrutura, a sustentação e a movimentação dos animais resultam da interação entre os sistemas muscular, ósseo e nervoso.","{""deduzir"",""estrutura"",""sustentacao"",""movimentacao"",""animais"",""resultam"",""interacao"",""sistemas"",""muscular"",""osseo""}","{""deduzir"",""estrutura"",""sustentacao"",""movimentacao"",""animais"",""resultam""}","{""ciencia"",""engenharia""}",false,https://catalogobncc.github.io/metadados/2022/03/30/efci,Importado dos metadados públicos do Catálogo BNCC. Revisar unidade temática e objeto de conhecimento na planilha oficial BNCC/MEC.
EF06CI10,Ensino Fundamental - Anos Finais,6º ano,Ciências da Natureza,Ciências,,,Explicar como o funcionamento do sistema nervoso pode ser afetado por substâncias psicoativas.,"{""explicar"",""funcionamento"",""sistema"",""nervoso"",""afetado"",""substancias"",""psicoativas""}","{""explicar"",""funcionamento"",""sistema"",""nervoso"",""afetado"",""substancias""}","{""ciencia""}",false,https://catalogobncc.github.io/metadados/2022/03/30/efci,Importado dos metadados públicos do Catálogo BNCC. Revisar unidade temática e objeto de conhecimento na planilha oficial BNCC/MEC.
EF06CI11,Ensino Fundamental - Anos Finais,6º ano,Ciências da Natureza,Ciências,,,Identificar as diferentes camadas que estruturam o planeta Terra (da estrutura interna à atmosfera) e suas principais características.,"{""camadas"",""estruturam"",""planeta"",""terra"",""estrutura"",""interna"",""atmosfera"",""principais"",""caracteristicas""}","{""camadas"",""estruturam"",""planeta"",""terra"",""estrutura"",""interna""}","{""ciencia"",""engenharia""}",false,https://catalogobncc.github.io/metadados/2022/03/30/efci,Importado dos metadados públicos do Catálogo BNCC. Revisar unidade temática e objeto de conhecimento na planilha oficial BNCC/MEC.
EF06CI12,Ensino Fundamental - Anos Finais,6º ano,Ciências da Natureza,Ciências,,,"Identificar diferentes tipos de rocha, relacionando a formação de fósseis a rochas sedimentares em diferentes períodos geológicos.","{""tipos"",""rocha"",""relacionando"",""formacao"",""fosseis"",""rochas"",""sedimentares"",""periodos"",""geologicos""}","{""tipos"",""rocha"",""relacionando"",""formacao"",""fosseis"",""rochas""}","{""ciencia""}",false,https://catalogobncc.github.io/metadados/2022/03/30/efci,Importado dos metadados públicos do Catálogo BNCC. Revisar unidade temática e objeto de conhecimento na planilha oficial BNCC/MEC.
EF06CI13,Ensino Fundamental - Anos Finais,6º ano,Ciências da Natureza,Ciências,,,Selecionar argumentos e evidências que demonstrem a esfericidade da Terra.,"{""selecionar"",""argumentos"",""evidencias"",""demonstrem"",""esfericidade"",""terra""}","{""selecionar"",""argumentos"",""evidencias"",""demonstrem"",""esfericidade"",""terra""}","{""ciencia""}",false,https://catalogobncc.github.io/metadados/2022/03/30/efci,Importado dos metadados públicos do Catálogo BNCC. Revisar unidade temática e objeto de conhecimento na planilha oficial BNCC/MEC.
EF06CI14,Ensino Fundamental - Anos Finais,6º ano,Ciências da Natureza,Ciências,,,"Inferir que as mudanças na sombra de uma vara (gnômon) ao longo do dia em diferentes períodos do ano são uma evidência dos movimentos relativos entre a Terra e o Sol, que podem ser explicados por meio dos movimentos de rotação e translação da Terra e da inclinação de seu eixo de rotação em relação ao plano de sua órbita em torno do Sol.","{""inferir"",""mudancas"",""sombra"",""gnomon"",""longo"",""periodos"",""evidencia"",""movimentos"",""relativos"",""terra""}","{""inferir"",""mudancas"",""sombra"",""gnomon"",""longo"",""periodos""}","{""ciencia"",""artes""}",false,https://catalogobncc.github.io/metadados/2022/03/30/efci,Importado dos metadados públicos do Catálogo BNCC. Revisar unidade temática e objeto de conhecimento na planilha oficial BNCC/MEC.
EF06ER01,Ensino Fundamental - Anos Finais,6º ano,Ensino Religioso,Ensino Religioso,,,"Reconhecer o papel da tradição escrita na preservação de memórias, acontecimentos e ensinamentos religiosos.","{""papel"",""tradicao"",""escrita"",""preservacao"",""memorias"",""acontecimentos"",""ensinamentos"",""religiosos""}","{""papel"",""tradicao"",""escrita"",""preservacao"",""memorias"",""acontecimentos""}",{},false,https://catalogobncc.github.io/metadados/2022/03/30/efer,Importado dos metadados públicos do Catálogo BNCC. Revisar unidade temática e objeto de conhecimento na planilha oficial BNCC/MEC.
EF06ER02,Ensino Fundamental - Anos Finais,6º ano,Ensino Religioso,Ensino Religioso,,,"Reconhecer e valorizar a diversidade de textos religiosos escritos (textos do Budismo, Cristianismo, Espiritismo, Hinduísmo, Islamismo, Judaísmo, entre outros).","{""valorizar"",""diversidade"",""textos"",""religiosos"",""escritos"",""budismo"",""cristianismo"",""espiritismo"",""hinduismo"",""islamismo""}","{""valorizar"",""diversidade"",""textos"",""religiosos"",""escritos"",""budismo""}",{},false,https://catalogobncc.github.io/metadados/2022/03/30/efer,Importado dos metadados públicos do Catálogo BNCC. Revisar unidade temática e objeto de conhecimento na planilha oficial BNCC/MEC.
EF06ER03,Ensino Fundamental - Anos Finais,6º ano,Ensino Religioso,Ensino Religioso,,,"Reconhecer, em textos escritos, ensinamentos relacionados a modos de ser e viver.","{""textos"",""escritos"",""ensinamentos"",""relacionados"",""modos"",""viver""}","{""textos"",""escritos"",""ensinamentos"",""relacionados"",""modos"",""viver""}",{},false,https://catalogobncc.github.io/metadados/2022/03/30/efer,Importado dos metadados públicos do Catálogo BNCC. Revisar unidade temática e objeto de conhecimento na planilha oficial BNCC/MEC.
EF06ER04,Ensino Fundamental - Anos Finais,6º ano,Ensino Religioso,Ensino Religioso,,,Reconhecer que os textos escritos são utilizados pelas tradições religiosas de maneiras diversas.,"{""textos"",""escritos"",""utilizados"",""pelas"",""tradicoes"",""religiosas"",""maneiras""}","{""textos"",""escritos"",""utilizados"",""pelas"",""tradicoes"",""religiosas""}",{},false,https://catalogobncc.github.io/metadados/2022/03/30/efer,Importado dos metadados públicos do Catálogo BNCC. Revisar unidade temática e objeto de conhecimento na planilha oficial BNCC/MEC.
EF06ER05,Ensino Fundamental - Anos Finais,6º ano,Ensino Religioso,Ensino Religioso,,,Discutir como o estudo e a interpretação dos textos religiosos influenciam os adeptos a vivenciarem os ensinamentos das tradições religiosas.,"{""estudo"",""interpretacao"",""textos"",""religiosos"",""influenciam"",""adeptos"",""vivenciarem"",""ensinamentos"",""tradicoes"",""religiosas""}","{""estudo"",""interpretacao"",""textos"",""religiosos"",""influenciam"",""adeptos""}",{},false,https://catalogobncc.github.io/metadados/2022/03/30/efer,Importado dos metadados públicos do Catálogo BNCC. Revisar unidade temática e objeto de conhecimento na planilha oficial BNCC/MEC.
EF06ER06,Ensino Fundamental - Anos Finais,6º ano,Ensino Religioso,Ensino Religioso,,,"Reconhecer a importância dos mitos, ritos, símbolos e textos na estruturação das diferentes crenças, tradições e movimentos religiosos.","{""importancia"",""mitos"",""ritos"",""simbolos"",""textos"",""estruturacao"",""crencas"",""tradicoes"",""movimentos"",""religiosos""}","{""importancia"",""mitos"",""ritos"",""simbolos"",""textos"",""estruturacao""}","{""engenharia""}",false,https://catalogobncc.github.io/metadados/2022/03/30/efer,Importado dos metadados públicos do Catálogo BNCC. Revisar unidade temática e objeto de conhecimento na planilha oficial BNCC/MEC.
EF06ER07,Ensino Fundamental - Anos Finais,6º ano,Ensino Religioso,Ensino Religioso,,,"Exemplificar a relação entre mito, rito e símbolo nas práticas celebrativas de diferentes tradições religiosas.","{""exemplificar"",""relacao"",""simbolo"",""praticas"",""celebrativas"",""tradicoes"",""religiosas""}","{""exemplificar"",""relacao"",""simbolo"",""praticas"",""celebrativas"",""tradicoes""}",{},false,https://catalogobncc.github.io/metadados/2022/03/30/efer,Importado dos metadados públicos do Catálogo BNCC. Revisar unidade temática e objeto de conhecimento na planilha oficial BNCC/MEC.
EF06GE01,Ensino Fundamental - Anos Finais,6º ano,Ciências Humanas,Geografia,,,Comparar modificações das paisagens nos lugares de vivência e os usos desses lugares em diferentes tempos.,"{""modificacoes"",""paisagens"",""lugares"",""vivencia"",""desses"",""tempos""}","{""modificacoes"",""paisagens"",""lugares"",""vivencia"",""desses"",""tempos""}",{},false,https://catalogobncc.github.io/metadados/2022/03/30/efge,Importado dos metadados públicos do Catálogo BNCC. Revisar unidade temática e objeto de conhecimento na planilha oficial BNCC/MEC.
EF06GE02,Ensino Fundamental - Anos Finais,6º ano,Ciências Humanas,Geografia,,,"Analisar modificações de paisagens por diferentes tipos de sociedade, com destaque para os povos originários.","{""modificacoes"",""paisagens"",""tipos"",""sociedade"",""destaque"",""povos"",""originarios""}","{""modificacoes"",""paisagens"",""tipos"",""sociedade"",""destaque"",""povos""}",{},false,https://catalogobncc.github.io/metadados/2022/03/30/efge,Importado dos metadados públicos do Catálogo BNCC. Revisar unidade temática e objeto de conhecimento na planilha oficial BNCC/MEC.
EF06GE03,Ensino Fundamental - Anos Finais,6º ano,Ciências Humanas,Geografia,,,"Descrever os movimentos do planeta e sua relação com a circulação geral da atmosfera, o tempo atmosférico e os padrões climáticos.","{""descrever"",""movimentos"",""planeta"",""relacao"",""circulacao"",""geral"",""atmosfera"",""tempo"",""atmosferico"",""padroes""}","{""descrever"",""movimentos"",""planeta"",""relacao"",""circulacao"",""geral""}",{},false,https://catalogobncc.github.io/metadados/2022/03/30/efge,Importado dos metadados públicos do Catálogo BNCC. Revisar unidade temática e objeto de conhecimento na planilha oficial BNCC/MEC.
EF06GE04,Ensino Fundamental - Anos Finais,6º ano,Ciências Humanas,Geografia,,,"Descrever o ciclo da água, comparando o escoamento superficial no ambiente urbano e rural, reconhecendo os principais componentes da morfologia das bacias e das redes hidrográficas e a sua localização no modelado da superfície terrestre e da cobertura vegetal.","{""descrever"",""ciclo"",""comparando"",""escoamento"",""superficial"",""ambiente"",""urbano"",""rural"",""reconhecendo"",""principais""}","{""descrever"",""ciclo"",""comparando"",""escoamento"",""superficial"",""ambiente""}","{""ciencia""}",false,https://catalogobncc.github.io/metadados/2022/03/30/efge,Importado dos metadados públicos do Catálogo BNCC. Revisar unidade temática e objeto de conhecimento na planilha oficial BNCC/MEC.
EF06GE05,Ensino Fundamental - Anos Finais,6º ano,Ciências Humanas,Geografia,,,"Relacionar padrões climáticos, tipos de solo, relevo e formações vegetais.","{""relacionar"",""padroes"",""climaticos"",""tipos"",""relevo"",""formacoes"",""vegetais""}","{""relacionar"",""padroes"",""climaticos"",""tipos"",""relevo"",""formacoes""}",{},false,https://catalogobncc.github.io/metadados/2022/03/30/efge,Importado dos metadados públicos do Catálogo BNCC. Revisar unidade temática e objeto de conhecimento na planilha oficial BNCC/MEC.
EF06GE06,Ensino Fundamental - Anos Finais,6º ano,Ciências Humanas,Geografia,,,Identificar as características das paisagens transformadas pelo trabalho humano a partir do desenvolvimento da agropecuária e do processo de industrialização.,"{""caracteristicas"",""paisagens"",""transformadas"",""trabalho"",""humano"",""desenvolvimento"",""agropecuaria"",""processo"",""industrializacao""}","{""caracteristicas"",""paisagens"",""transformadas"",""trabalho"",""humano"",""desenvolvimento""}",{},false,https://catalogobncc.github.io/metadados/2022/03/30/efge,Importado dos metadados públicos do Catálogo BNCC. Revisar unidade temática e objeto de conhecimento na planilha oficial BNCC/MEC.
EF06GE07,Ensino Fundamental - Anos Finais,6º ano,Ciências Humanas,Geografia,,,Explicar as mudanças na interação humana com a natureza a partir do surgimento das cidades.,"{""explicar"",""mudancas"",""interacao"",""humana"",""natureza"",""surgimento"",""cidades""}","{""explicar"",""mudancas"",""interacao"",""humana"",""natureza"",""surgimento""}","{""ciencia"",""artes""}",false,https://catalogobncc.github.io/metadados/2022/03/30/efge,Importado dos metadados públicos do Catálogo BNCC. Revisar unidade temática e objeto de conhecimento na planilha oficial BNCC/MEC.
EF06GE08,Ensino Fundamental - Anos Finais,6º ano,Ciências Humanas,Geografia,,,Medir distâncias na superfície pelas escalas gráficas e numéricas dos mapas.,"{""medir"",""distancias"",""superficie"",""pelas"",""escalas"",""graficas"",""numericas"",""mapas""}","{""medir"",""distancias"",""superficie"",""pelas"",""escalas"",""graficas""}",{},false,https://catalogobncc.github.io/metadados/2022/03/30/efge,Importado dos metadados públicos do Catálogo BNCC. Revisar unidade temática e objeto de conhecimento na planilha oficial BNCC/MEC.
EF06GE09,Ensino Fundamental - Anos Finais,6º ano,Ciências Humanas,Geografia,,,"Elaborar modelos tridimensionais, blocos-diagramas e perfis topográficos e de vegetação, visando à representação de elementos e estruturas da superfície terrestre.","{""modelos"",""tridimensionais"",""blocos"",""diagramas"",""perfis"",""topograficos"",""vegetacao"",""visando"",""representacao"",""elementos""}","{""modelos"",""tridimensionais"",""blocos"",""diagramas"",""perfis"",""topograficos""}","{""engenharia"",""matematica""}",true,https://catalogobncc.github.io/metadados/2022/03/30/efge,Importado dos metadados públicos do Catálogo BNCC. Revisar unidade temática e objeto de conhecimento na planilha oficial BNCC/MEC.
EF06GE10,Ensino Fundamental - Anos Finais,6º ano,Ciências Humanas,Geografia,,,"Explicar as diferentes formas de uso do solo (rotação de terras, terraceamento, aterros etc.) e de apropriação dos recursos hídricos (sistema de irrigação, tratamento e redes de distribuição), bem como suas vantagens e desvantagens em diferentes épocas e lugares.","{""explicar"",""rotacao"",""terras"",""terraceamento"",""aterros"",""apropriacao"",""recursos"",""hidricos"",""sistema"",""irrigacao""}","{""explicar"",""rotacao"",""terras"",""terraceamento"",""aterros"",""apropriacao""}",{},false,https://catalogobncc.github.io/metadados/2022/03/30/efge,Importado dos metadados públicos do Catálogo BNCC. Revisar unidade temática e objeto de conhecimento na planilha oficial BNCC/MEC.
EF06GE11,Ensino Fundamental - Anos Finais,6º ano,Ciências Humanas,Geografia,,,"Analisar distintas interações das sociedades com a natureza, com base na distribuição dos componentes físico-naturais, incluindo as transformações da biodiversidade local e do mundo.","{""distintas"",""interacoes"",""sociedades"",""natureza"",""distribuicao"",""componentes"",""fisico"",""naturais"",""incluindo"",""transformacoes""}","{""distintas"",""interacoes"",""sociedades"",""natureza"",""distribuicao"",""componentes""}","{""ciencia""}",false,https://catalogobncc.github.io/metadados/2022/03/30/efge,Importado dos metadados públicos do Catálogo BNCC. Revisar unidade temática e objeto de conhecimento na planilha oficial BNCC/MEC.
EF06GE12,Ensino Fundamental - Anos Finais,6º ano,Ciências Humanas,Geografia,,,"Identificar o consumo dos recursos hídricos e o uso das principais bacias hidrográficas no Brasil e no mundo, enfatizando as transformações nos ambientes urbanos.","{""consumo"",""recursos"",""hidricos"",""principais"",""bacias"",""hidrograficas"",""brasil"",""mundo"",""enfatizando"",""transformacoes""}","{""consumo"",""recursos"",""hidricos"",""principais"",""bacias"",""hidrograficas""}","{""ciencia""}",false,https://catalogobncc.github.io/metadados/2022/03/30/efge,Importado dos metadados públicos do Catálogo BNCC. Revisar unidade temática e objeto de conhecimento na planilha oficial BNCC/MEC.
EF06GE13,Ensino Fundamental - Anos Finais,6º ano,Ciências Humanas,Geografia,,,"Analisar consequências, vantagens e desvantagens das práticas humanas na dinâmica climática (ilha de calor etc.).","{""consequencias"",""vantagens"",""desvantagens"",""praticas"",""humanas"",""dinamica"",""climatica"",""calor""}","{""consequencias"",""vantagens"",""desvantagens"",""praticas"",""humanas"",""dinamica""}",{},false,https://catalogobncc.github.io/metadados/2022/03/30/efge,Importado dos metadados públicos do Catálogo BNCC. Revisar unidade temática e objeto de conhecimento na planilha oficial BNCC/MEC.
EF06HI01,Ensino Fundamental - Anos Finais,6º ano,Ciências Humanas,História,,,Identificar diferentes formas de compreensão da noção de tempo e de periodização dos processos históricos (continuidades e rupturas).,"{""compreensao"",""nocao"",""tempo"",""periodizacao"",""processos"",""historicos"",""continuidades"",""rupturas""}","{""compreensao"",""nocao"",""tempo"",""periodizacao"",""processos"",""historicos""}",{},false,https://catalogobncc.github.io/metadados/2022/03/30/efhi,Importado dos metadados públicos do Catálogo BNCC. Revisar unidade temática e objeto de conhecimento na planilha oficial BNCC/MEC.
EF06HI02,Ensino Fundamental - Anos Finais,6º ano,Ciências Humanas,História,,,Identificar a gênese da produção do saber histórico e analisar o significado das fontes que originaram determinadas formas de registro em sociedades e épocas distintas.,"{""genese"",""producao"",""saber"",""historico"",""significado"",""fontes"",""originaram"",""determinadas"",""registro"",""sociedades""}","{""genese"",""producao"",""saber"",""historico"",""significado"",""fontes""}",{},false,https://catalogobncc.github.io/metadados/2022/03/30/efhi,Importado dos metadados públicos do Catálogo BNCC. Revisar unidade temática e objeto de conhecimento na planilha oficial BNCC/MEC.
EF06HI03,Ensino Fundamental - Anos Finais,6º ano,Ciências Humanas,História,,,Identificar as hipóteses científicas sobre o surgimento da espécie humana e sua historicidade e analisar os significados dos mitos de fundação.,"{""hipoteses"",""cientificas"",""surgimento"",""especie"",""humana"",""historicidade"",""significados"",""mitos"",""fundacao""}","{""hipoteses"",""cientificas"",""surgimento"",""especie"",""humana"",""historicidade""}","{""ciencia""}",false,https://catalogobncc.github.io/metadados/2022/03/30/efhi,Importado dos metadados públicos do Catálogo BNCC. Revisar unidade temática e objeto de conhecimento na planilha oficial BNCC/MEC.
EF06HI04,Ensino Fundamental - Anos Finais,6º ano,Ciências Humanas,História,,,Conhecer as teorias sobre a origem do homem americano.,"{""conhecer"",""teorias"",""origem"",""homem"",""americano""}","{""conhecer"",""teorias"",""origem"",""homem"",""americano""}",{},false,https://catalogobncc.github.io/metadados/2022/03/30/efhi,Importado dos metadados públicos do Catálogo BNCC. Revisar unidade temática e objeto de conhecimento na planilha oficial BNCC/MEC.
EF06HI05,Ensino Fundamental - Anos Finais,6º ano,Ciências Humanas,História,,,"Descrever modificações da natureza e da paisagem realizadas por diferentes tipos de sociedade, com destaque para os povos indígenas originários e povos africanos, e discutir a natureza e a lógica das transformações ocorridas.","{""descrever"",""modificacoes"",""natureza"",""paisagem"",""realizadas"",""tipos"",""sociedade"",""destaque"",""povos"",""indigenas""}","{""descrever"",""modificacoes"",""natureza"",""paisagem"",""realizadas"",""tipos""}","{""ciencia""}",false,https://catalogobncc.github.io/metadados/2022/03/30/efhi,Importado dos metadados públicos do Catálogo BNCC. Revisar unidade temática e objeto de conhecimento na planilha oficial BNCC/MEC.
EF06HI06,Ensino Fundamental - Anos Finais,6º ano,Ciências Humanas,História,,,Identificar geograficamente as rotas de povoamento no território americano.,"{""geograficamente"",""rotas"",""povoamento"",""territorio"",""americano""}","{""geograficamente"",""rotas"",""povoamento"",""territorio"",""americano""}",{},false,https://catalogobncc.github.io/metadados/2022/03/30/efhi,Importado dos metadados públicos do Catálogo BNCC. Revisar unidade temática e objeto de conhecimento na planilha oficial BNCC/MEC.
EF06HI07,Ensino Fundamental - Anos Finais,6º ano,Ciências Humanas,História,,,"Identificar aspectos e formas de registro das sociedades antigas na África, no Oriente Médio e nas Américas, distinguindo alguns significados presentes na cultura material e na tradição oral dessas sociedades.","{""aspectos"",""registro"",""sociedades"",""antigas"",""africa"",""oriente"",""medio"",""americas"",""distinguindo"",""alguns""}","{""aspectos"",""registro"",""sociedades"",""antigas"",""africa"",""oriente""}","{""ciencia"",""engenharia"",""artes""}",false,https://catalogobncc.github.io/metadados/2022/03/30/efhi,Importado dos metadados públicos do Catálogo BNCC. Revisar unidade temática e objeto de conhecimento na planilha oficial BNCC/MEC.
EF06HI08,Ensino Fundamental - Anos Finais,6º ano,Ciências Humanas,História,,,"Identificar os espaços territoriais ocupados e os aportes culturais, científicos, sociais e econômicos dos astecas, maias e incas e dos povos indígenas de diversas regiões brasileiras.","{""espacos"",""territoriais"",""ocupados"",""aportes"",""culturais"",""cientificos"",""sociais"",""economicos"",""astecas"",""maias""}","{""espacos"",""territoriais"",""ocupados"",""aportes"",""culturais"",""cientificos""}","{""ciencia"",""artes""}",false,https://catalogobncc.github.io/metadados/2022/03/30/efhi,Importado dos metadados públicos do Catálogo BNCC. Revisar unidade temática e objeto de conhecimento na planilha oficial BNCC/MEC.
EF06HI09,Ensino Fundamental - Anos Finais,6º ano,Ciências Humanas,História,,,"Discutir o conceito de Antiguidade Clássica, seu alcance e limite na tradição ocidental, assim como os impactos sobre outras sociedades e culturas.","{""conceito"",""antiguidade"",""classica"",""alcance"",""limite"",""tradicao"",""ocidental"",""assim"",""impactos"",""outras""}","{""conceito"",""antiguidade"",""classica"",""alcance"",""limite"",""tradicao""}","{""artes""}",false,https://catalogobncc.github.io/metadados/2022/03/30/efhi,Importado dos metadados públicos do Catálogo BNCC. Revisar unidade temática e objeto de conhecimento na planilha oficial BNCC/MEC.
EF06HI10,Ensino Fundamental - Anos Finais,6º ano,Ciências Humanas,História,,,"Explicar a formação da Grécia Antiga, com ênfase na formação da pólis e nas transformações políticas, sociais e culturais.","{""explicar"",""formacao"",""grecia"",""antiga"",""enfase"",""polis"",""transformacoes"",""politicas"",""sociais"",""culturais""}","{""explicar"",""formacao"",""grecia"",""antiga"",""enfase"",""polis""}","{""artes""}",false,https://catalogobncc.github.io/metadados/2022/03/30/efhi,Importado dos metadados públicos do Catálogo BNCC. Revisar unidade temática e objeto de conhecimento na planilha oficial BNCC/MEC.
EF06HI11,Ensino Fundamental - Anos Finais,6º ano,Ciências Humanas,História,,,Caracterizar o processo de formação da Roma Antiga e suas configurações sociais e políticas nos períodos monárquico e republicano.,"{""caracterizar"",""processo"",""formacao"",""antiga"",""configuracoes"",""sociais"",""politicas"",""periodos"",""monarquico"",""republicano""}","{""caracterizar"",""processo"",""formacao"",""antiga"",""configuracoes"",""sociais""}",{},false,https://catalogobncc.github.io/metadados/2022/03/30/efhi,Importado dos metadados públicos do Catálogo BNCC. Revisar unidade temática e objeto de conhecimento na planilha oficial BNCC/MEC.
EF06HI12,Ensino Fundamental - Anos Finais,6º ano,Ciências Humanas,História,,,Associar o conceito de cidadania a dinâmicas de inclusão e exclusão na Grécia e Roma antigas.,"{""associar"",""conceito"",""cidadania"",""dinamicas"",""inclusao"",""exclusao"",""grecia"",""antigas""}","{""associar"",""conceito"",""cidadania"",""dinamicas"",""inclusao"",""exclusao""}",{},false,https://catalogobncc.github.io/metadados/2022/03/30/efhi,Importado dos metadados públicos do Catálogo BNCC. Revisar unidade temática e objeto de conhecimento na planilha oficial BNCC/MEC.
EF06HI13,Ensino Fundamental - Anos Finais,6º ano,Ciências Humanas,História,,,"Conceituar “império” no mundo antigo, com vistas à análise das diferentes formas de equilíbrio e desequilíbrio entre as partes envolvidas.","{""conceituar"",""imperio"",""mundo"",""antigo"",""vistas"",""analise"",""equilibrio"",""desequilibrio"",""partes"",""envolvidas""}","{""conceituar"",""imperio"",""mundo"",""antigo"",""vistas"",""analise""}","{""ciencia"",""artes""}",false,https://catalogobncc.github.io/metadados/2022/03/30/efhi,Importado dos metadados públicos do Catálogo BNCC. Revisar unidade temática e objeto de conhecimento na planilha oficial BNCC/MEC.
EF06HI14,Ensino Fundamental - Anos Finais,6º ano,Ciências Humanas,História,,,"Identificar e analisar diferentes formas de contato, adaptação ou exclusão entre populações em diferentes tempos e espaços.","{""contato"",""adaptacao"",""exclusao"",""populacoes"",""tempos"",""espacos""}","{""contato"",""adaptacao"",""exclusao"",""populacoes"",""tempos"",""espacos""}",{},false,https://catalogobncc.github.io/metadados/2022/03/30/efhi,Importado dos metadados públicos do Catálogo BNCC. Revisar unidade temática e objeto de conhecimento na planilha oficial BNCC/MEC.
EF06HI15,Ensino Fundamental - Anos Finais,6º ano,Ciências Humanas,História,,,"Descrever as dinâmicas de circulação de pessoas, produtos e culturas no Mediterrâneo e seu significado.","{""descrever"",""dinamicas"",""circulacao"",""pessoas"",""produtos"",""culturas"",""mediterraneo"",""significado""}","{""descrever"",""dinamicas"",""circulacao"",""pessoas"",""produtos"",""culturas""}","{""artes""}",false,https://catalogobncc.github.io/metadados/2022/03/30/efhi,Importado dos metadados públicos do Catálogo BNCC. Revisar unidade temática e objeto de conhecimento na planilha oficial BNCC/MEC.
EF06HI16,Ensino Fundamental - Anos Finais,6º ano,Ciências Humanas,História,,,"Caracterizar e comparar as dinâmicas de abastecimento e as formas de organização do trabalho e da vida social em diferentes sociedades e períodos, com destaque para as relações entre senhores e servos.","{""caracterizar"",""dinamicas"",""abastecimento"",""organizacao"",""trabalho"",""social"",""sociedades"",""periodos"",""destaque"",""relacoes""}","{""caracterizar"",""dinamicas"",""abastecimento"",""organizacao"",""trabalho"",""social""}","{""ciencia""}",false,https://catalogobncc.github.io/metadados/2022/03/30/efhi,Importado dos metadados públicos do Catálogo BNCC. Revisar unidade temática e objeto de conhecimento na planilha oficial BNCC/MEC.
EF06HI17,Ensino Fundamental - Anos Finais,6º ano,Ciências Humanas,História,,,"Diferenciar escravidão, servidão e trabalho livre no mundo antigo.","{""diferenciar"",""escravidao"",""servidao"",""trabalho"",""livre"",""mundo"",""antigo""}","{""diferenciar"",""escravidao"",""servidao"",""trabalho"",""livre"",""mundo""}","{""ciencia""}",false,https://catalogobncc.github.io/metadados/2022/03/30/efhi,Importado dos metadados públicos do Catálogo BNCC. Revisar unidade temática e objeto de conhecimento na planilha oficial BNCC/MEC.
EF06HI18,Ensino Fundamental - Anos Finais,6º ano,Ciências Humanas,História,,,Analisar o papel da religião cristã na cultura e nos modos de organização social no período medieval.,"{""papel"",""religiao"",""crista"",""cultura"",""modos"",""organizacao"",""social"",""periodo"",""medieval""}","{""papel"",""religiao"",""crista"",""cultura"",""modos"",""organizacao""}","{""artes""}",false,https://catalogobncc.github.io/metadados/2022/03/30/efhi,Importado dos metadados públicos do Catálogo BNCC. Revisar unidade temática e objeto de conhecimento na planilha oficial BNCC/MEC.
EF06HI19,Ensino Fundamental - Anos Finais,6º ano,Ciências Humanas,História,,,Descrever e analisar os diferentes papéis sociais das mulheres no mundo antigo e nas sociedades medievais.,"{""descrever"",""papeis"",""sociais"",""mulheres"",""mundo"",""antigo"",""sociedades"",""medievais""}","{""descrever"",""papeis"",""sociais"",""mulheres"",""mundo"",""antigo""}",{},false,https://catalogobncc.github.io/metadados/2022/03/30/efhi,Importado dos metadados públicos do Catálogo BNCC. Revisar unidade temática e objeto de conhecimento na planilha oficial BNCC/MEC.
EF06LI01,Ensino Fundamental - Anos Finais,6º ano,Linguagens,Língua Inglesa,,,"Interagir em situações de intercâmbio oral, demonstrando iniciativa para utilizar a língua inglesa.","{""interagir"",""situacoes"",""intercambio"",""demonstrando"",""iniciativa"",""utilizar"",""lingua"",""inglesa""}","{""interagir"",""situacoes"",""intercambio"",""demonstrando"",""iniciativa"",""utilizar""}",{},false,https://catalogobncc.github.io/metadados/2022/03/30/efli,Importado dos metadados públicos do Catálogo BNCC. Revisar unidade temática e objeto de conhecimento na planilha oficial BNCC/MEC.
EF06LI02,Ensino Fundamental - Anos Finais,6º ano,Linguagens,Língua Inglesa,,,"Coletar informações do grupo, perguntando e respondendo sobre a família, os amigos, a escola e a comunidade..","{""coletar"",""informacoes"",""grupo"",""perguntando"",""respondendo"",""familia"",""amigos"",""escola"",""comunidade""}","{""coletar"",""informacoes"",""grupo"",""perguntando"",""respondendo"",""familia""}",{},false,https://catalogobncc.github.io/metadados/2022/03/30/efli,Importado dos metadados públicos do Catálogo BNCC. Revisar unidade temática e objeto de conhecimento na planilha oficial BNCC/MEC.
EF06LI03,Ensino Fundamental - Anos Finais,6º ano,Linguagens,Língua Inglesa,,,Solicitar esclarecimentos em língua inglesa sobre o que não entendeu e o significado de palavras ou expressões desconhecidas.,"{""solicitar"",""esclarecimentos"",""lingua"",""inglesa"",""entendeu"",""significado"",""palavras"",""expressoes"",""desconhecidas""}","{""solicitar"",""esclarecimentos"",""lingua"",""inglesa"",""entendeu"",""significado""}",{},false,https://catalogobncc.github.io/metadados/2022/03/30/efli,Importado dos metadados públicos do Catálogo BNCC. Revisar unidade temática e objeto de conhecimento na planilha oficial BNCC/MEC.
EF06LI04,Ensino Fundamental - Anos Finais,6º ano,Linguagens,Língua Inglesa,,,"Reconhecer, com o apoio de palavras cognatas e pistas do contexto discursivo, o assunto e as informações principais em textos orais sobre temas familiares.","{""apoio"",""palavras"",""cognatas"",""pistas"",""contexto"",""discursivo"",""assunto"",""informacoes"",""principais"",""textos""}","{""apoio"",""palavras"",""cognatas"",""pistas"",""contexto"",""discursivo""}",{},false,https://catalogobncc.github.io/metadados/2022/03/30/efli,Importado dos metadados públicos do Catálogo BNCC. Revisar unidade temática e objeto de conhecimento na planilha oficial BNCC/MEC.
EF06LI05,Ensino Fundamental - Anos Finais,6º ano,Linguagens,Língua Inglesa,,,"Aplicar os conhecimentos da língua inglesa para falar de si e de outras pessoas, explicitando informações pessoais e características relacionadas a gostos, preferências e rotinas.","{""aplicar"",""conhecimentos"",""lingua"",""inglesa"",""falar"",""outras"",""pessoas"",""explicitando"",""informacoes"",""pessoais""}","{""aplicar"",""conhecimentos"",""lingua"",""inglesa"",""falar"",""outras""}",{},false,https://catalogobncc.github.io/metadados/2022/03/30/efli,Importado dos metadados públicos do Catálogo BNCC. Revisar unidade temática e objeto de conhecimento na planilha oficial BNCC/MEC.
EF06LI06,Ensino Fundamental - Anos Finais,6º ano,Linguagens,Língua Inglesa,,,"Planejar apresentação sobre a família, a comunidade e a escola, compartilhando-a oralmente com o grupo.","{""planejar"",""apresentacao"",""familia"",""comunidade"",""escola"",""compartilhando"",""oralmente"",""grupo""}","{""planejar"",""apresentacao"",""familia"",""comunidade"",""escola"",""compartilhando""}",{},true,https://catalogobncc.github.io/metadados/2022/03/30/efli,Importado dos metadados públicos do Catálogo BNCC. Revisar unidade temática e objeto de conhecimento na planilha oficial BNCC/MEC.
EF06LI07,Ensino Fundamental - Anos Finais,6º ano,Linguagens,Língua Inglesa,,,"Formular hipóteses sobre a finalidade de um texto em língua inglesa, com base em sua estrutura, organização textual e pistas gráficas.","{""formular"",""hipoteses"",""finalidade"",""texto"",""lingua"",""inglesa"",""estrutura"",""organizacao"",""textual"",""pistas""}","{""formular"",""hipoteses"",""finalidade"",""texto"",""lingua"",""inglesa""}","{""engenharia""}",false,https://catalogobncc.github.io/metadados/2022/03/30/efli,Importado dos metadados públicos do Catálogo BNCC. Revisar unidade temática e objeto de conhecimento na planilha oficial BNCC/MEC.
EF06LI08,Ensino Fundamental - Anos Finais,6º ano,Linguagens,Língua Inglesa,,,"Identificar o assunto de um texto, reconhecendo sua organização textual e palavras cognatas.","{""assunto"",""texto"",""reconhecendo"",""organizacao"",""textual"",""palavras"",""cognatas""}","{""assunto"",""texto"",""reconhecendo"",""organizacao"",""textual"",""palavras""}",{},false,https://catalogobncc.github.io/metadados/2022/03/30/efli,Importado dos metadados públicos do Catálogo BNCC. Revisar unidade temática e objeto de conhecimento na planilha oficial BNCC/MEC.
EF06LI09,Ensino Fundamental - Anos Finais,6º ano,Linguagens,Língua Inglesa,,,Localizar informações específicas em texto.,"{""localizar"",""informacoes"",""especificas"",""texto""}","{""localizar"",""informacoes"",""especificas"",""texto""}",{},false,https://catalogobncc.github.io/metadados/2022/03/30/efli,Importado dos metadados públicos do Catálogo BNCC. Revisar unidade temática e objeto de conhecimento na planilha oficial BNCC/MEC.
EF06LI10,Ensino Fundamental - Anos Finais,6º ano,Linguagens,Língua Inglesa,,,Conhecer a organização de um dicionário bilíngue (impresso e/ou on-line) para construir repertório lexical.,"{""conhecer"",""organizacao"",""dicionario"",""bilingue"",""impresso"",""construir"",""repertorio"",""lexical""}","{""conhecer"",""organizacao"",""dicionario"",""bilingue"",""impresso"",""construir""}","{""engenharia""}",true,https://catalogobncc.github.io/metadados/2022/03/30/efli,Importado dos metadados públicos do Catálogo BNCC. Revisar unidade temática e objeto de conhecimento na planilha oficial BNCC/MEC.
EF06LI11,Ensino Fundamental - Anos Finais,6º ano,Linguagens,Língua Inglesa,,,Explorar ambientes virtuais e/ou aplicativos para construir repertório lexical na língua inglesa.,"{""explorar"",""ambientes"",""virtuais"",""aplicativos"",""construir"",""repertorio"",""lexical"",""lingua"",""inglesa""}","{""explorar"",""ambientes"",""virtuais"",""aplicativos"",""construir"",""repertorio""}","{""ciencia"",""tecnologia"",""engenharia""}",true,https://catalogobncc.github.io/metadados/2022/03/30/efli,Importado dos metadados públicos do Catálogo BNCC. Revisar unidade temática e objeto de conhecimento na planilha oficial BNCC/MEC.
EF06LI12,Ensino Fundamental - Anos Finais,6º ano,Linguagens,Língua Inglesa,,,"Interessar-se pelo texto lido, compartilhando suas ideias sobre o que o texto informa/comunica.","{""interessar"",""texto"",""compartilhando"",""ideias"",""informa"",""comunica""}","{""interessar"",""texto"",""compartilhando"",""ideias"",""informa"",""comunica""}",{},false,https://catalogobncc.github.io/metadados/2022/03/30/efli,Importado dos metadados públicos do Catálogo BNCC. Revisar unidade temática e objeto de conhecimento na planilha oficial BNCC/MEC.
EF06LI13,Ensino Fundamental - Anos Finais,6º ano,Linguagens,Língua Inglesa,,,"Listar ideias para a produção de textos, levando em conta o tema e o assunto.","{""listar"",""ideias"",""producao"",""textos"",""levando"",""conta"",""assunto""}","{""listar"",""ideias"",""producao"",""textos"",""levando"",""conta""}",{},false,https://catalogobncc.github.io/metadados/2022/03/30/efli,Importado dos metadados públicos do Catálogo BNCC. Revisar unidade temática e objeto de conhecimento na planilha oficial BNCC/MEC.
EF06LI14,Ensino Fundamental - Anos Finais,6º ano,Linguagens,Língua Inglesa,,,"Organizar ideias, selecionando-as em função da estrutura e do objetivo do texto.","{""organizar"",""ideias"",""selecionando"",""funcao"",""estrutura"",""objetivo"",""texto""}","{""organizar"",""ideias"",""selecionando"",""funcao"",""estrutura"",""objetivo""}","{""engenharia""}",false,https://catalogobncc.github.io/metadados/2022/03/30/efli,Importado dos metadados públicos do Catálogo BNCC. Revisar unidade temática e objeto de conhecimento na planilha oficial BNCC/MEC.
EF06LI15,Ensino Fundamental - Anos Finais,6º ano,Linguagens,Língua Inglesa,,,"Produzir textos escritos em língua inglesa (histórias em quadrinhos, cartazes, chats, blogues, agendas, fotolegendas, entre outros), sobre si mesmo, sua família, seus amigos, gostos, preferências e rotinas, sua comunidade e seu contexto escolar.","{""textos"",""escritos"",""lingua"",""inglesa"",""historias"",""quadrinhos"",""cartazes"",""chats"",""blogues"",""agendas""}","{""textos"",""escritos"",""lingua"",""inglesa"",""historias"",""quadrinhos""}",{},true,https://catalogobncc.github.io/metadados/2022/03/30/efli,Importado dos metadados públicos do Catálogo BNCC. Revisar unidade temática e objeto de conhecimento na planilha oficial BNCC/MEC.
EF06LI16,Ensino Fundamental - Anos Finais,6º ano,Linguagens,Língua Inglesa,,,Construir repertório relativo às expressões usadas para o convívio social e o uso da língua inglesa em sala de aula.,"{""construir"",""repertorio"",""relativo"",""expressoes"",""usadas"",""convivio"",""social"",""lingua"",""inglesa""}","{""construir"",""repertorio"",""relativo"",""expressoes"",""usadas"",""convivio""}","{""engenharia""}",true,https://catalogobncc.github.io/metadados/2022/03/30/efli,Importado dos metadados públicos do Catálogo BNCC. Revisar unidade temática e objeto de conhecimento na planilha oficial BNCC/MEC.
EF06LI17,Ensino Fundamental - Anos Finais,6º ano,Linguagens,Língua Inglesa,,,"Construir repertório lexical relativo a temas familiares (escola, família, rotina diária, atividades de lazer, esportes, entre outros).","{""construir"",""repertorio"",""lexical"",""relativo"",""temas"",""familiares"",""escola"",""familia"",""rotina"",""diaria""}","{""construir"",""repertorio"",""lexical"",""relativo"",""temas"",""familiares""}","{""ciencia"",""engenharia""}",true,https://catalogobncc.github.io/metadados/2022/03/30/efli,Importado dos metadados públicos do Catálogo BNCC. Revisar unidade temática e objeto de conhecimento na planilha oficial BNCC/MEC.
EF06LI18,Ensino Fundamental - Anos Finais,6º ano,Linguagens,Língua Inglesa,,,Reconhecer semelhanças e diferenças na pronúncia de palavras da língua inglesa e da língua materna e/ou outras línguas conhecidas.,"{""semelhancas"",""diferencas"",""pronuncia"",""palavras"",""lingua"",""inglesa"",""materna"",""outras"",""linguas"",""conhecidas""}","{""semelhancas"",""diferencas"",""pronuncia"",""palavras"",""lingua"",""inglesa""}",{},false,https://catalogobncc.github.io/metadados/2022/03/30/efli,Importado dos metadados públicos do Catálogo BNCC. Revisar unidade temática e objeto de conhecimento na planilha oficial BNCC/MEC.
EF06LI19,Ensino Fundamental - Anos Finais,6º ano,Linguagens,Língua Inglesa,,,Utilizar o presente do indicativo para identificar pessoas (verbo to be) e descrever rotinas diárias.,"{""utilizar"",""presente"",""indicativo"",""pessoas"",""verbo"",""descrever"",""rotinas"",""diarias""}","{""utilizar"",""presente"",""indicativo"",""pessoas"",""verbo"",""descrever""}",{},false,https://catalogobncc.github.io/metadados/2022/03/30/efli,Importado dos metadados públicos do Catálogo BNCC. Revisar unidade temática e objeto de conhecimento na planilha oficial BNCC/MEC.
EF06LI20,Ensino Fundamental - Anos Finais,6º ano,Linguagens,Língua Inglesa,,,Utilizar o presente contínuo para descrever ações em progresso.,"{""utilizar"",""presente"",""continuo"",""descrever"",""acoes"",""progresso""}","{""utilizar"",""presente"",""continuo"",""descrever"",""acoes"",""progresso""}",{},false,https://catalogobncc.github.io/metadados/2022/03/30/efli,Importado dos metadados públicos do Catálogo BNCC. Revisar unidade temática e objeto de conhecimento na planilha oficial BNCC/MEC.
EF06LI21,Ensino Fundamental - Anos Finais,6º ano,Linguagens,Língua Inglesa,,,"Reconhecer o uso do imperativo em enunciados de atividades, comandos e instruções.","{""imperativo"",""enunciados"",""atividades"",""comandos"",""instrucoes""}","{""imperativo"",""enunciados"",""atividades"",""comandos"",""instrucoes""}","{""ciencia""}",false,https://catalogobncc.github.io/metadados/2022/03/30/efli,Importado dos metadados públicos do Catálogo BNCC. Revisar unidade temática e objeto de conhecimento na planilha oficial BNCC/MEC.
EF06LI22,Ensino Fundamental - Anos Finais,6º ano,Linguagens,Língua Inglesa,,,Descrever relações por meio do uso de apóstrofo (’) + s.,"{""descrever"",""relacoes"",""apostrofo""}","{""descrever"",""relacoes"",""apostrofo""}",{},false,https://catalogobncc.github.io/metadados/2022/03/30/efli,Importado dos metadados públicos do Catálogo BNCC. Revisar unidade temática e objeto de conhecimento na planilha oficial BNCC/MEC.
EF06LI23,Ensino Fundamental - Anos Finais,6º ano,Linguagens,Língua Inglesa,,,"Empregar, de forma inteligível, os adjetivos possessivos.","{""empregar"",""inteligivel"",""adjetivos"",""possessivos""}","{""empregar"",""inteligivel"",""adjetivos"",""possessivos""}",{},false,https://catalogobncc.github.io/metadados/2022/03/30/efli,Importado dos metadados públicos do Catálogo BNCC. Revisar unidade temática e objeto de conhecimento na planilha oficial BNCC/MEC.
EF06LI24,Ensino Fundamental - Anos Finais,6º ano,Linguagens,Língua Inglesa,,,Investigar o alcance da língua inglesa no mundo: como língua materna e/ou oficial (primeira ou segunda língua).,"{""investigar"",""alcance"",""lingua"",""inglesa"",""mundo"",""materna"",""oficial"",""primeira"",""segunda""}","{""investigar"",""alcance"",""lingua"",""inglesa"",""mundo"",""materna""}",{},true,https://catalogobncc.github.io/metadados/2022/03/30/efli,Importado dos metadados públicos do Catálogo BNCC. Revisar unidade temática e objeto de conhecimento na planilha oficial BNCC/MEC.
EF06LI25,Ensino Fundamental - Anos Finais,6º ano,Linguagens,Língua Inglesa,,,"Identificar a presença da língua inglesa na sociedade brasileira/comunidade (palavras, expressões, suportes e esferas de circulação e consumo) e seu significado.","{""presenca"",""lingua"",""inglesa"",""sociedade"",""brasileira"",""comunidade"",""palavras"",""expressoes"",""suportes"",""esferas""}","{""presenca"",""lingua"",""inglesa"",""sociedade"",""brasileira"",""comunidade""}",{},false,https://catalogobncc.github.io/metadados/2022/03/30/efli,Importado dos metadados públicos do Catálogo BNCC. Revisar unidade temática e objeto de conhecimento na planilha oficial BNCC/MEC.
EF06LI26,Ensino Fundamental - Anos Finais,6º ano,Linguagens,Língua Inglesa,,,"Avaliar, problematizando elementos/produtos culturais de países de língua inglesa absorvidos pela sociedade brasileira/comunidade.","{""avaliar"",""problematizando"",""elementos"",""produtos"",""culturais"",""paises"",""lingua"",""inglesa"",""absorvidos"",""sociedade""}","{""avaliar"",""problematizando"",""elementos"",""produtos"",""culturais"",""paises""}","{""artes""}",false,https://catalogobncc.github.io/metadados/2022/03/30/efli,Importado dos metadados públicos do Catálogo BNCC. Revisar unidade temática e objeto de conhecimento na planilha oficial BNCC/MEC.
EF06LP01,Ensino Fundamental - Anos Finais,6º ano,Linguagens,Língua Portuguesa,,,"Reconhecer a impossibilidade de uma neutralidade absoluta no relato de fatos e identificar diferentes graus de parcialidade/ imparcialidade dados pelo recorte feito e pelos efeitos de sentido advindos de escolhas feitas pelo autor, de forma a poder desenvolver uma atitude crítica frente aos textos jornalísticos e tornar-se consciente das escolhas feitas enquanto produtor de textos.","{""impossibilidade"",""neutralidade"",""absoluta"",""relato"",""fatos"",""graus"",""parcialidade"",""imparcialidade"",""dados"",""recorte""}","{""impossibilidade"",""neutralidade"",""absoluta"",""relato"",""fatos"",""graus""}","{""tecnologia""}",true,https://catalogobncc.github.io/metadados/2022/03/30/eflp,Importado dos metadados públicos do Catálogo BNCC. Revisar unidade temática e objeto de conhecimento na planilha oficial BNCC/MEC.
EF06LP02,Ensino Fundamental - Anos Finais,6º ano,Linguagens,Língua Portuguesa,,,"Estabelecer relação entre os diferentes gêneros jornalísticos, compreendendo a centralidade da notícia.","{""estabelecer"",""relacao"",""generos"",""jornalisticos"",""compreendendo"",""centralidade"",""noticia""}","{""estabelecer"",""relacao"",""generos"",""jornalisticos"",""compreendendo"",""centralidade""}",{},false,https://catalogobncc.github.io/metadados/2022/03/30/eflp,Importado dos metadados públicos do Catálogo BNCC. Revisar unidade temática e objeto de conhecimento na planilha oficial BNCC/MEC.
EF06LP03,Ensino Fundamental - Anos Finais,6º ano,Linguagens,Língua Portuguesa,,,Analisar diferenças de sentido entre palavras de uma série sinonímica.,"{""diferencas"",""sentido"",""palavras"",""serie"",""sinonimica""}","{""diferencas"",""sentido"",""palavras"",""serie"",""sinonimica""}",{},false,https://catalogobncc.github.io/metadados/2022/03/30/eflp,Importado dos metadados públicos do Catálogo BNCC. Revisar unidade temática e objeto de conhecimento na planilha oficial BNCC/MEC.
EF06LP04,Ensino Fundamental - Anos Finais,6º ano,Linguagens,Língua Portuguesa,,,"Analisar a função e as flexões de substantivos e adjetivos e de verbos nos modos Indicativo, Subjuntivo e Imperativo: afirmativo e negativo.","{""funcao"",""flexoes"",""substantivos"",""adjetivos"",""verbos"",""modos"",""indicativo"",""subjuntivo"",""imperativo"",""afirmativo""}","{""funcao"",""flexoes"",""substantivos"",""adjetivos"",""verbos"",""modos""}",{},false,https://catalogobncc.github.io/metadados/2022/03/30/eflp,Importado dos metadados públicos do Catálogo BNCC. Revisar unidade temática e objeto de conhecimento na planilha oficial BNCC/MEC.
EF06LP05,Ensino Fundamental - Anos Finais,6º ano,Linguagens,Língua Portuguesa,,,"Identificar os efeitos de sentido dos modos verbais, considerando o gênero textual e a intenção comunicativa.","{""efeitos"",""sentido"",""modos"",""verbais"",""considerando"",""genero"",""textual"",""intencao"",""comunicativa""}","{""efeitos"",""sentido"",""modos"",""verbais"",""considerando"",""genero""}",{},false,https://catalogobncc.github.io/metadados/2022/03/30/eflp,Importado dos metadados públicos do Catálogo BNCC. Revisar unidade temática e objeto de conhecimento na planilha oficial BNCC/MEC.
EF06LP06,Ensino Fundamental - Anos Finais,6º ano,Linguagens,Língua Portuguesa,,,"Empregar, adequadamente, as regras de concordância nominal (relações entre os substantivos e seus determinantes) e as regras de concordância verbal (relações entre o verbo e o sujeito simples e composto).","{""empregar"",""adequadamente"",""regras"",""concordancia"",""nominal"",""relacoes"",""substantivos"",""determinantes"",""verbal"",""verbo""}","{""empregar"",""adequadamente"",""regras"",""concordancia"",""nominal"",""relacoes""}",{},false,https://catalogobncc.github.io/metadados/2022/03/30/eflp,Importado dos metadados públicos do Catálogo BNCC. Revisar unidade temática e objeto de conhecimento na planilha oficial BNCC/MEC.
EF06LP07,Ensino Fundamental - Anos Finais,6º ano,Linguagens,Língua Portuguesa,,,"Identificar, em textos, períodos compostos por orações separadas por vírgula sem a utilização de conectivos, nomeando-os como períodos compostos por coordenação.","{""textos"",""periodos"",""compostos"",""oracoes"",""separadas"",""virgula"",""utilizacao"",""conectivos"",""nomeando"",""coordenacao""}","{""textos"",""periodos"",""compostos"",""oracoes"",""separadas"",""virgula""}",{},false,https://catalogobncc.github.io/metadados/2022/03/30/eflp,Importado dos metadados públicos do Catálogo BNCC. Revisar unidade temática e objeto de conhecimento na planilha oficial BNCC/MEC.
EF06LP08,Ensino Fundamental - Anos Finais,6º ano,Linguagens,Língua Portuguesa,,,"Identificar, em texto ou sequência textual, orações como unidades constituídas em torno de um núcleo verbal e períodos como conjunto de orações conectadas.","{""texto"",""sequencia"",""textual"",""oracoes"",""unidades"",""constituidas"",""torno"",""nucleo"",""verbal"",""periodos""}","{""texto"",""sequencia"",""textual"",""oracoes"",""unidades"",""constituidas""}",{},false,https://catalogobncc.github.io/metadados/2022/03/30/eflp,Importado dos metadados públicos do Catálogo BNCC. Revisar unidade temática e objeto de conhecimento na planilha oficial BNCC/MEC.
EF06LP09,Ensino Fundamental - Anos Finais,6º ano,Linguagens,Língua Portuguesa,,,"Classificar, em texto ou sequência textual, os períodos simples compostos.","{""classificar"",""texto"",""sequencia"",""textual"",""periodos"",""simples"",""compostos""}","{""classificar"",""texto"",""sequencia"",""textual"",""periodos"",""simples""}",{},false,https://catalogobncc.github.io/metadados/2022/03/30/eflp,Importado dos metadados públicos do Catálogo BNCC. Revisar unidade temática e objeto de conhecimento na planilha oficial BNCC/MEC.
EF06LP10,Ensino Fundamental - Anos Finais,6º ano,Linguagens,Língua Portuguesa,,,Identificar sintagmas nominais e verbais como constituintes imediatos da oração.,"{""sintagmas"",""nominais"",""verbais"",""constituintes"",""imediatos"",""oracao""}","{""sintagmas"",""nominais"",""verbais"",""constituintes"",""imediatos"",""oracao""}",{},false,https://catalogobncc.github.io/metadados/2022/03/30/eflp,Importado dos metadados públicos do Catálogo BNCC. Revisar unidade temática e objeto de conhecimento na planilha oficial BNCC/MEC.
EF06LP11,Ensino Fundamental - Anos Finais,6º ano,Linguagens,Língua Portuguesa,,,"Utilizar, ao produzir texto, conhecimentos linguísticos e gramaticais: tempos verbais, concordância nominal e verbal, regras ortográficas, pontuação etc.","{""utilizar"",""texto"",""conhecimentos"",""linguisticos"",""gramaticais"",""tempos"",""verbais"",""concordancia"",""nominal"",""verbal""}","{""utilizar"",""texto"",""conhecimentos"",""linguisticos"",""gramaticais"",""tempos""}",{},true,https://catalogobncc.github.io/metadados/2022/03/30/eflp,Importado dos metadados públicos do Catálogo BNCC. Revisar unidade temática e objeto de conhecimento na planilha oficial BNCC/MEC.
EF06LP12,Ensino Fundamental - Anos Finais,6º ano,Linguagens,Língua Portuguesa,,,"Utilizar, ao produzir texto, recursos de coesão referencial (nome e pronomes), recursos semânticos de sinonímia, antonímia e homonímia e mecanismos de representação de diferentes vozes (discurso direto e indireto).","{""utilizar"",""texto"",""recursos"",""coesao"",""referencial"",""pronomes"",""semanticos"",""sinonimia"",""antonimia"",""homonimia""}","{""utilizar"",""texto"",""recursos"",""coesao"",""referencial"",""pronomes""}","{""engenharia""}",true,https://catalogobncc.github.io/metadados/2022/03/30/eflp,Importado dos metadados públicos do Catálogo BNCC. Revisar unidade temática e objeto de conhecimento na planilha oficial BNCC/MEC.
EF06MA01,Ensino Fundamental - Anos Finais,6º ano,Matemática,Matemática,,,"Comparar, ordenar, ler e escrever números naturais e números racionais cuja representação decimal é finita, fazendo uso da reta numérica.","{""ordenar"",""escrever"",""numeros"",""naturais"",""racionais"",""representacao"",""decimal"",""finita"",""fazendo"",""numerica""}","{""ordenar"",""escrever"",""numeros"",""naturais"",""racionais"",""representacao""}","{""matematica""}",false,https://catalogobncc.github.io/metadados/2022/03/30/efma,Importado dos metadados públicos do Catálogo BNCC. Revisar unidade temática e objeto de conhecimento na planilha oficial BNCC/MEC.
EF06MA02,Ensino Fundamental - Anos Finais,6º ano,Matemática,Matemática,,,"Reconhecer o sistema de numeração decimal, como o que prevaleceu no mundo ocidental, e destacar semelhanças e diferenças com outros sistemas, de modo a sistematizar suas principais características (base, valor posicional e função do zero), utilizando, inclusive, a composição e decomposição de números naturais e números racionais em sua representação decimal.","{""sistema"",""numeracao"",""decimal"",""prevaleceu"",""mundo"",""ocidental"",""destacar"",""semelhancas"",""diferencas"",""outros""}","{""sistema"",""numeracao"",""decimal"",""prevaleceu"",""mundo"",""ocidental""}","{""matematica""}",false,https://catalogobncc.github.io/metadados/2022/03/30/efma,Importado dos metadados públicos do Catálogo BNCC. Revisar unidade temática e objeto de conhecimento na planilha oficial BNCC/MEC.
EF06MA03,Ensino Fundamental - Anos Finais,6º ano,Matemática,Matemática,,,"Resolver e elaborar problemas que envolvam cálculos (mentais ou escritos, exatos ou aproximados) com números naturais, por meio de estratégias variadas, com compreensão dos processos neles envolvidos com e sem uso de calculadora.","{""problemas"",""envolvam"",""calculos"",""mentais"",""escritos"",""exatos"",""aproximados"",""numeros"",""naturais"",""estrategias""}","{""problemas"",""envolvam"",""calculos"",""mentais"",""escritos"",""exatos""}","{""matematica""}",true,https://catalogobncc.github.io/metadados/2022/03/30/efma,Importado dos metadados públicos do Catálogo BNCC. Revisar unidade temática e objeto de conhecimento na planilha oficial BNCC/MEC.
EF06MA04,Ensino Fundamental - Anos Finais,6º ano,Matemática,Matemática,,,"Construir algoritmo em linguagem natural e representá-lo por fluxograma que indique a resolução de um problema simples (por exemplo, se um número natural qualquer é par).","{""construir"",""algoritmo"",""linguagem"",""natural"",""representa"",""fluxograma"",""indique"",""resolucao"",""problema"",""simples""}","{""construir"",""algoritmo"",""linguagem"",""natural"",""representa"",""fluxograma""}","{""engenharia"",""matematica""}",true,https://catalogobncc.github.io/metadados/2022/03/30/efma,Importado dos metadados públicos do Catálogo BNCC. Revisar unidade temática e objeto de conhecimento na planilha oficial BNCC/MEC.
EF06MA05,Ensino Fundamental - Anos Finais,6º ano,Matemática,Matemática,,,"Classificar números naturais em primos e compostos, estabelecer relações entre números, expressas pelos termos “é múltiplo de”, “é divisor de”, “é fator de”, e estabelecer, por meio de investigações, critérios de divisibilidade por 2, 3, 4, 5, 6, 8, 9, 10, 100 e 1000.","{""classificar"",""numeros"",""naturais"",""primos"",""compostos"",""estabelecer"",""relacoes"",""expressas"",""pelos"",""termos""}","{""classificar"",""numeros"",""naturais"",""primos"",""compostos"",""estabelecer""}","{""matematica""}",false,https://catalogobncc.github.io/metadados/2022/03/30/efma,Importado dos metadados públicos do Catálogo BNCC. Revisar unidade temática e objeto de conhecimento na planilha oficial BNCC/MEC.
EF06MA06,Ensino Fundamental - Anos Finais,6º ano,Matemática,Matemática,,,Resolver e elaborar problemas que envolvam as ideias de múltiplo e de divisor.,"{""problemas"",""envolvam"",""ideias"",""multiplo"",""divisor""}","{""problemas"",""envolvam"",""ideias"",""multiplo"",""divisor""}","{""matematica""}",true,https://catalogobncc.github.io/metadados/2022/03/30/efma,Importado dos metadados públicos do Catálogo BNCC. Revisar unidade temática e objeto de conhecimento na planilha oficial BNCC/MEC.
EF06MA07,Ensino Fundamental - Anos Finais,6º ano,Matemática,Matemática,,,"Compreender, comparar e ordenar frações associadas às ideias de partes de inteiros e resultado de divisão, identificando frações equivalentes.","{""ordenar"",""fracoes"",""associadas"",""ideias"",""partes"",""inteiros"",""resultado"",""divisao"",""identificando"",""equivalentes""}","{""ordenar"",""fracoes"",""associadas"",""ideias"",""partes"",""inteiros""}","{""artes"",""matematica""}",false,https://catalogobncc.github.io/metadados/2022/03/30/efma,Importado dos metadados públicos do Catálogo BNCC. Revisar unidade temática e objeto de conhecimento na planilha oficial BNCC/MEC.
EF06MA08,Ensino Fundamental - Anos Finais,6º ano,Matemática,Matemática,,,"Reconhecer que os números racionais positivos podem ser expressos nas formas fracionária e decimal, estabelecer relações entre essas representações, passando de uma representação para outra, e relacioná-los a pontos na reta numérica.","{""numeros"",""racionais"",""positivos"",""podem"",""expressos"",""fracionaria"",""decimal"",""estabelecer"",""relacoes"",""representacoes""}","{""numeros"",""racionais"",""positivos"",""podem"",""expressos"",""fracionaria""}","{""matematica""}",false,https://catalogobncc.github.io/metadados/2022/03/30/efma,Importado dos metadados públicos do Catálogo BNCC. Revisar unidade temática e objeto de conhecimento na planilha oficial BNCC/MEC.
EF06MA09,Ensino Fundamental - Anos Finais,6º ano,Matemática,Matemática,,,"Resolver e elaborar problemas que envolvam o cálculo da fração de uma quantidade e cujo resultado seja um número natural, com e sem uso de calculadora.","{""problemas"",""envolvam"",""calculo"",""fracao"",""quantidade"",""resultado"",""numero"",""natural"",""calculadora""}","{""problemas"",""envolvam"",""calculo"",""fracao"",""quantidade"",""resultado""}","{""matematica""}",true,https://catalogobncc.github.io/metadados/2022/03/30/efma,Importado dos metadados públicos do Catálogo BNCC. Revisar unidade temática e objeto de conhecimento na planilha oficial BNCC/MEC.
EF06MA10,Ensino Fundamental - Anos Finais,6º ano,Matemática,Matemática,,,Resolver e elaborar problemas que envolvam adição ou subtração com números racionais positivos na representação fracionária.,"{""problemas"",""envolvam"",""adicao"",""subtracao"",""numeros"",""racionais"",""positivos"",""representacao"",""fracionaria""}","{""problemas"",""envolvam"",""adicao"",""subtracao"",""numeros"",""racionais""}","{""matematica""}",true,https://catalogobncc.github.io/metadados/2022/03/30/efma,Importado dos metadados públicos do Catálogo BNCC. Revisar unidade temática e objeto de conhecimento na planilha oficial BNCC/MEC.
EF06MA11,Ensino Fundamental - Anos Finais,6º ano,Matemática,Matemática,,,"Resolver e elaborar problemas com números racionais positivos na representação decimal, envolvendo as quatro operações fundamentais e a potenciação, por meio de estratégias diversas, utilizando estimativas e arredondamentos para verificar a razoabilidade de respostas, com e sem uso de calculadora.","{""problemas"",""numeros"",""racionais"",""positivos"",""representacao"",""decimal"",""envolvendo"",""quatro"",""operacoes"",""fundamentais""}","{""problemas"",""numeros"",""racionais"",""positivos"",""representacao"",""decimal""}","{""matematica""}",true,https://catalogobncc.github.io/metadados/2022/03/30/efma,Importado dos metadados públicos do Catálogo BNCC. Revisar unidade temática e objeto de conhecimento na planilha oficial BNCC/MEC.
EF06MA12,Ensino Fundamental - Anos Finais,6º ano,Matemática,Matemática,,,Fazer estimativas de quantidades e aproximar números para múltiplos da potência de 10 mais próxima.,"{""fazer"",""estimativas"",""quantidades"",""aproximar"",""numeros"",""multiplos"",""potencia"",""proxima""}","{""fazer"",""estimativas"",""quantidades"",""aproximar"",""numeros"",""multiplos""}","{""matematica""}",false,https://catalogobncc.github.io/metadados/2022/03/30/efma,Importado dos metadados públicos do Catálogo BNCC. Revisar unidade temática e objeto de conhecimento na planilha oficial BNCC/MEC.
EF06MA13,Ensino Fundamental - Anos Finais,6º ano,Matemática,Matemática,,,"Resolver e elaborar problemas que envolvam porcentagens, com base na ideia de proporcionalidade, sem fazer uso da “regra de três”, utilizando estratégias pessoais, cálculo mental e calculadora, em contextos de educação financeira, entre outros.","{""problemas"",""envolvam"",""porcentagens"",""ideia"",""proporcionalidade"",""fazer"",""regra"",""estrategias"",""pessoais"",""calculo""}","{""problemas"",""envolvam"",""porcentagens"",""ideia"",""proporcionalidade"",""fazer""}","{""matematica""}",true,https://catalogobncc.github.io/metadados/2022/03/30/efma,Importado dos metadados públicos do Catálogo BNCC. Revisar unidade temática e objeto de conhecimento na planilha oficial BNCC/MEC.
EF06MA14,Ensino Fundamental - Anos Finais,6º ano,Matemática,Matemática,,,"Reconhecer que a relação de igualdade matemática não se altera ao adicionar, subtrair, multiplicar ou dividir os seus dois membros por um mesmo número e utilizar essa noção para determinar valores desconhecidos na resolução de problemas.","{""relacao"",""igualdade"",""matematica"",""altera"",""adicionar"",""subtrair"",""multiplicar"",""dividir"",""membros"",""mesmo""}","{""relacao"",""igualdade"",""matematica"",""altera"",""adicionar"",""subtrair""}","{""engenharia"",""matematica""}",true,https://catalogobncc.github.io/metadados/2022/03/30/efma,Importado dos metadados públicos do Catálogo BNCC. Revisar unidade temática e objeto de conhecimento na planilha oficial BNCC/MEC.
EF06MA15,Ensino Fundamental - Anos Finais,6º ano,Matemática,Matemática,,,"Resolver e elaborar problemas que envolvam a partilha de uma quantidade em duas partes desiguais, envolvendo relações aditivas e multiplicativas, bem como a razão entre as partes e entre uma das partes e o todo.","{""problemas"",""envolvam"",""partilha"",""quantidade"",""partes"",""desiguais"",""envolvendo"",""relacoes"",""aditivas"",""multiplicativas""}","{""problemas"",""envolvam"",""partilha"",""quantidade"",""partes"",""desiguais""}","{""artes"",""matematica""}",true,https://catalogobncc.github.io/metadados/2022/03/30/efma,Importado dos metadados públicos do Catálogo BNCC. Revisar unidade temática e objeto de conhecimento na planilha oficial BNCC/MEC.
EF06MA16,Ensino Fundamental - Anos Finais,6º ano,Matemática,Matemática,,,"Associar pares ordenados de números a pontos do plano cartesiano do 1º quadrante, em situações como a localização dos vértices de um polígono.","{""associar"",""pares"",""ordenados"",""numeros"",""pontos"",""plano"",""cartesiano"",""quadrante"",""situacoes"",""localizacao""}","{""associar"",""pares"",""ordenados"",""numeros"",""pontos"",""plano""}","{""artes"",""matematica""}",false,https://catalogobncc.github.io/metadados/2022/03/30/efma,Importado dos metadados públicos do Catálogo BNCC. Revisar unidade temática e objeto de conhecimento na planilha oficial BNCC/MEC.
EF06MA17,Ensino Fundamental - Anos Finais,6º ano,Matemática,Matemática,,,"Quantificar e estabelecer relações entre o número de vértices, faces e arestas de prismas e pirâmides, em função do seu polígono da base, para resolver problemas e desenvolver a percepção espacial.","{""quantificar"",""estabelecer"",""relacoes"",""numero"",""vertices"",""faces"",""arestas"",""prismas"",""piramides"",""funcao""}","{""quantificar"",""estabelecer"",""relacoes"",""numero"",""vertices"",""faces""}","{""matematica""}",true,https://catalogobncc.github.io/metadados/2022/03/30/efma,Importado dos metadados públicos do Catálogo BNCC. Revisar unidade temática e objeto de conhecimento na planilha oficial BNCC/MEC.
EF06MA18,Ensino Fundamental - Anos Finais,6º ano,Matemática,Matemática,,,"Reconhecer, nomear e comparar polígonos, considerando lados, vértices e ângulos, e classificá-los em regulares e não regulares, tanto em suas representações no plano como em faces de poliedros.","{""nomear"",""poligonos"",""considerando"",""lados"",""vertices"",""angulos"",""classifica"",""regulares"",""tanto"",""representacoes""}","{""nomear"",""poligonos"",""considerando"",""lados"",""vertices"",""angulos""}","{""matematica""}",false,https://catalogobncc.github.io/metadados/2022/03/30/efma,Importado dos metadados públicos do Catálogo BNCC. Revisar unidade temática e objeto de conhecimento na planilha oficial BNCC/MEC.
EF06MA19,Ensino Fundamental - Anos Finais,6º ano,Matemática,Matemática,,,Identificar características dos triângulos e classificá-los em relação às medidas dos lados e dos ângulos.,"{""caracteristicas"",""triangulos"",""classifica"",""relacao"",""medidas"",""lados"",""angulos""}","{""caracteristicas"",""triangulos"",""classifica"",""relacao"",""medidas"",""lados""}","{""matematica""}",false,https://catalogobncc.github.io/metadados/2022/03/30/efma,Importado dos metadados públicos do Catálogo BNCC. Revisar unidade temática e objeto de conhecimento na planilha oficial BNCC/MEC.
EF06MA20,Ensino Fundamental - Anos Finais,6º ano,Matemática,Matemática,,,"Identificar características dos quadriláteros, classificá-los em relação a lados e a ângulos e reconhecer a inclusão e a intersecção de classes entre eles.","{""caracteristicas"",""quadrilateros"",""classifica"",""relacao"",""lados"",""angulos"",""inclusao"",""interseccao"",""classes""}","{""caracteristicas"",""quadrilateros"",""classifica"",""relacao"",""lados"",""angulos""}","{""matematica""}",false,https://catalogobncc.github.io/metadados/2022/03/30/efma,Importado dos metadados públicos do Catálogo BNCC. Revisar unidade temática e objeto de conhecimento na planilha oficial BNCC/MEC.
EF06MA21,Ensino Fundamental - Anos Finais,6º ano,Matemática,Matemática,,,"Construir figuras planas semelhantes em situações de ampliação e de redução, com o uso de malhas quadriculadas, plano cartesiano ou tecnologias digitais.","{""construir"",""figuras"",""planas"",""semelhantes"",""situacoes"",""ampliacao"",""reducao"",""malhas"",""quadriculadas"",""plano""}","{""construir"",""figuras"",""planas"",""semelhantes"",""situacoes"",""ampliacao""}","{""tecnologia"",""engenharia"",""artes"",""matematica""}",true,https://catalogobncc.github.io/metadados/2022/03/30/efma,Importado dos metadados públicos do Catálogo BNCC. Revisar unidade temática e objeto de conhecimento na planilha oficial BNCC/MEC.
EF06MA22,Ensino Fundamental - Anos Finais,6º ano,Matemática,Matemática,,,"Utilizar instrumentos, como réguas e esquadros, ou softwares para representações de retas paralelas e perpendiculares e construção de quadriláteros, entre outros.","{""utilizar"",""instrumentos"",""reguas"",""esquadros"",""softwares"",""representacoes"",""retas"",""paralelas"",""perpendiculares"",""construcao""}","{""utilizar"",""instrumentos"",""reguas"",""esquadros"",""softwares"",""representacoes""}","{""tecnologia"",""engenharia"",""matematica""}",true,https://catalogobncc.github.io/metadados/2022/03/30/efma,Importado dos metadados públicos do Catálogo BNCC. Revisar unidade temática e objeto de conhecimento na planilha oficial BNCC/MEC.
EF06MA23,Ensino Fundamental - Anos Finais,6º ano,Matemática,Matemática,,,Construir algoritmo para resolver situações passo a passo (como na construção de dobraduras ou na indicação de deslocamento de um objeto no plano segundo pontos de referência e distâncias fornecidas etc.).,"{""construir"",""algoritmo"",""situacoes"",""passo"",""construcao"",""dobraduras"",""indicacao"",""deslocamento"",""objeto"",""plano""}","{""construir"",""algoritmo"",""situacoes"",""passo"",""construcao"",""dobraduras""}","{""engenharia"",""matematica""}",true,https://catalogobncc.github.io/metadados/2022/03/30/efma,Importado dos metadados públicos do Catálogo BNCC. Revisar unidade temática e objeto de conhecimento na planilha oficial BNCC/MEC.
EF06MA24,Ensino Fundamental - Anos Finais,6º ano,Matemática,Matemática,,,"Resolver e elaborar problemas que envolvam as grandezas comprimento, massa, tempo, temperatura, área (triângulos e retângulos), capacidade e volume (sólidos formados por blocos retangulares), sem uso de fórmulas, inseridos, sempre que possível, em contextos oriundos de situações reais e/ou relacionadas às outras áreas do conhecimento.","{""problemas"",""envolvam"",""grandezas"",""comprimento"",""massa"",""tempo"",""temperatura"",""triangulos"",""retangulos"",""capacidade""}","{""problemas"",""envolvam"",""grandezas"",""comprimento"",""massa"",""tempo""}","{""matematica""}",true,https://catalogobncc.github.io/metadados/2022/03/30/efma,Importado dos metadados públicos do Catálogo BNCC. Revisar unidade temática e objeto de conhecimento na planilha oficial BNCC/MEC.
EF06MA25,Ensino Fundamental - Anos Finais,6º ano,Matemática,Matemática,,,Reconhecer a abertura do ângulo como grandeza associada às figuras geométricas.,"{""abertura"",""angulo"",""grandeza"",""associada"",""figuras"",""geometricas""}","{""abertura"",""angulo"",""grandeza"",""associada"",""figuras"",""geometricas""}","{""matematica""}",false,https://catalogobncc.github.io/metadados/2022/03/30/efma,Importado dos metadados públicos do Catálogo BNCC. Revisar unidade temática e objeto de conhecimento na planilha oficial BNCC/MEC.
EF06MA26,Ensino Fundamental - Anos Finais,6º ano,Matemática,Matemática,,,"Resolver problemas que envolvam a noção de ângulo em diferentes contextos e em situações reais, como ângulo de visão.","{""problemas"",""envolvam"",""nocao"",""angulo"",""contextos"",""situacoes"",""reais"",""visao""}","{""problemas"",""envolvam"",""nocao"",""angulo"",""contextos"",""situacoes""}","{""matematica""}",false,https://catalogobncc.github.io/metadados/2022/03/30/efma,Importado dos metadados públicos do Catálogo BNCC. Revisar unidade temática e objeto de conhecimento na planilha oficial BNCC/MEC.
EF06MA27,Ensino Fundamental - Anos Finais,6º ano,Matemática,Matemática,,,"Determinar medidas da abertura de ângulos, por meio de transferidor e/ou tecnologias digitais.","{""determinar"",""medidas"",""abertura"",""angulos"",""transferidor"",""tecnologias"",""digitais""}","{""determinar"",""medidas"",""abertura"",""angulos"",""transferidor"",""tecnologias""}","{""tecnologia"",""matematica""}",false,https://catalogobncc.github.io/metadados/2022/03/30/efma,Importado dos metadados públicos do Catálogo BNCC. Revisar unidade temática e objeto de conhecimento na planilha oficial BNCC/MEC.
EF06MA28,Ensino Fundamental - Anos Finais,6º ano,Matemática,Matemática,,,"Interpretar, descrever e desenhar plantas baixas simples de residências e vistas aéreas.","{""interpretar"",""descrever"",""desenhar"",""plantas"",""baixas"",""simples"",""residencias"",""vistas"",""aereas""}","{""interpretar"",""descrever"",""desenhar"",""plantas"",""baixas"",""simples""}","{""matematica""}",false,https://catalogobncc.github.io/metadados/2022/03/30/efma,Importado dos metadados públicos do Catálogo BNCC. Revisar unidade temática e objeto de conhecimento na planilha oficial BNCC/MEC.
EF06MA29,Ensino Fundamental - Anos Finais,6º ano,Matemática,Matemática,,,"Analisar e descrever mudanças que ocorrem no perímetro e na área de um quadrado ao se ampliarem ou reduzirem, igualmente, as medidas de seus lados, para compreender que o perímetro é proporcional à medida do lado, o que não ocorre com a área.","{""descrever"",""mudancas"",""ocorrem"",""perimetro"",""quadrado"",""ampliarem"",""reduzirem"",""igualmente"",""medidas"",""lados""}","{""descrever"",""mudancas"",""ocorrem"",""perimetro"",""quadrado"",""ampliarem""}","{""artes"",""matematica""}",true,https://catalogobncc.github.io/metadados/2022/03/30/efma,Importado dos metadados públicos do Catálogo BNCC. Revisar unidade temática e objeto de conhecimento na planilha oficial BNCC/MEC.
EF06MA30,Ensino Fundamental - Anos Finais,6º ano,Matemática,Matemática,,,"Calcular a probabilidade de um evento aleatório, expressando-a por número racional (forma fracionária, decimal e percentual) e comparar esse número com a probabilidade obtida por meio de experimentos sucessivos.","{""calcular"",""probabilidade"",""evento"",""aleatorio"",""expressando"",""numero"",""racional"",""fracionaria"",""decimal"",""percentual""}","{""calcular"",""probabilidade"",""evento"",""aleatorio"",""expressando"",""numero""}","{""matematica""}",true,https://catalogobncc.github.io/metadados/2022/03/30/efma,Importado dos metadados públicos do Catálogo BNCC. Revisar unidade temática e objeto de conhecimento na planilha oficial BNCC/MEC.
EF06MA31,Ensino Fundamental - Anos Finais,6º ano,Matemática,Matemática,,,"Identificar as variáveis e suas frequências e os elementos constitutivos (título, eixos, legendas, fontes e datas) em diferentes tipos de gráfico.","{""variaveis"",""frequencias"",""elementos"",""constitutivos"",""titulo"",""eixos"",""legendas"",""fontes"",""datas"",""tipos""}","{""variaveis"",""frequencias"",""elementos"",""constitutivos"",""titulo"",""eixos""}","{""matematica""}",false,https://catalogobncc.github.io/metadados/2022/03/30/efma,Importado dos metadados públicos do Catálogo BNCC. Revisar unidade temática e objeto de conhecimento na planilha oficial BNCC/MEC.
EF06MA32,Ensino Fundamental - Anos Finais,6º ano,Matemática,Matemática,,,"Interpretar e resolver situações que envolvam dados de pesquisas sobre contextos ambientais, sustentabilidade, trânsito, consumo responsável, entre outros, apresentadas pela mídia em tabelas e em diferentes tipos de gráficos e redigir textos escritos com o objetivo de sintetizar conclusões.","{""interpretar"",""situacoes"",""envolvam"",""dados"",""pesquisas"",""contextos"",""ambientais"",""sustentabilidade"",""transito"",""consumo""}","{""interpretar"",""situacoes"",""envolvam"",""dados"",""pesquisas"",""contextos""}","{""ciencia"",""tecnologia"",""matematica""}",false,https://catalogobncc.github.io/metadados/2022/03/30/efma,Importado dos metadados públicos do Catálogo BNCC. Revisar unidade temática e objeto de conhecimento na planilha oficial BNCC/MEC.
EF06MA33,Ensino Fundamental - Anos Finais,6º ano,Matemática,Matemática,,,"Planejar e coletar dados de pesquisa referente a práticas sociais escolhidas pelos alunos e fazer uso de planilhas eletrônicas para registro, representação e interpretação das informações, em tabelas, vários tipos de gráficos e texto.","{""planejar"",""coletar"",""dados"",""pesquisa"",""referente"",""praticas"",""sociais"",""escolhidas"",""pelos"",""alunos""}","{""planejar"",""coletar"",""dados"",""pesquisa"",""referente"",""praticas""}","{""tecnologia"",""matematica""}",true,https://catalogobncc.github.io/metadados/2022/03/30/efma,Importado dos metadados públicos do Catálogo BNCC. Revisar unidade temática e objeto de conhecimento na planilha oficial BNCC/MEC.
EF06MA34,Ensino Fundamental - Anos Finais,6º ano,Matemática,Matemática,,,"Interpretar e desenvolver fluxogramas simples, identificando as relações entre os objetos representados (por exemplo, posição de cidades considerando as estradas que as unem, hierarquia dos funcionários de uma empresa etc.).","{""interpretar"",""desenvolver"",""fluxogramas"",""simples"",""identificando"",""relacoes"",""objetos"",""representados"",""exemplo"",""posicao""}","{""interpretar"",""desenvolver"",""fluxogramas"",""simples"",""identificando"",""relacoes""}","{""matematica""}",true,https://catalogobncc.github.io/metadados/2022/03/30/efma,Importado dos metadados públicos do Catálogo BNCC. Revisar unidade temática e objeto de conhecimento na planilha oficial BNCC/MEC.
EF07CI01,Ensino Fundamental - Anos Finais,7º ano,Ciências da Natureza,Ciências,,,"Discutir a aplicação, ao longo da história, das máquinas simples e propor soluções e invenções para a realização de tarefas mecânicas cotidianas.","{""aplicacao"",""longo"",""historia"",""maquinas"",""simples"",""propor"",""solucoes"",""invencoes"",""realizacao"",""tarefas""}","{""aplicacao"",""longo"",""historia"",""maquinas"",""simples"",""propor""}","{""ciencia"",""engenharia""}",true,https://catalogobncc.github.io/metadados/2022/03/30/efci,Importado dos metadados públicos do Catálogo BNCC. Revisar unidade temática e objeto de conhecimento na planilha oficial BNCC/MEC.
EF07CI02,Ensino Fundamental - Anos Finais,7º ano,Ciências da Natureza,Ciências,,,"Diferenciar temperatura, calor e sensação térmica nas diferentes situações de equilíbrio termodinâmico cotidianas.","{""diferenciar"",""temperatura"",""calor"",""sensacao"",""termica"",""situacoes"",""equilibrio"",""termodinamico"",""cotidianas""}","{""diferenciar"",""temperatura"",""calor"",""sensacao"",""termica"",""situacoes""}","{""ciencia""}",false,https://catalogobncc.github.io/metadados/2022/03/30/efci,Importado dos metadados públicos do Catálogo BNCC. Revisar unidade temática e objeto de conhecimento na planilha oficial BNCC/MEC.
EF07CI03,Ensino Fundamental - Anos Finais,7º ano,Ciências da Natureza,Ciências,,,"Utilizar o conhecimento das formas de propagação do calor para justificar a utilização de determinados materiais (condutores e isolantes) na vida cotidiana, explicar o princípio de funcionamento de alguns equipamentos (garrafa térmica, coletor solar etc.) e/ou construir soluções tecnológicas a partir desse conhecimento.","{""utilizar"",""conhecimento"",""propagacao"",""calor"",""justificar"",""utilizacao"",""determinados"",""materiais"",""condutores"",""isolantes""}","{""utilizar"",""conhecimento"",""propagacao"",""calor"",""justificar"",""utilizacao""}","{""ciencia"",""tecnologia"",""engenharia""}",true,https://catalogobncc.github.io/metadados/2022/03/30/efci,Importado dos metadados públicos do Catálogo BNCC. Revisar unidade temática e objeto de conhecimento na planilha oficial BNCC/MEC.
EF07CI04,Ensino Fundamental - Anos Finais,7º ano,Ciências da Natureza,Ciências,,,"Avaliar o papel do equilíbrio termodinâmico para a manutenção da vida na Terra, para o funcionamento de máquinas térmicas e em outras situações cotidianas.","{""avaliar"",""papel"",""equilibrio"",""termodinamico"",""manutencao"",""terra"",""funcionamento"",""maquinas"",""termicas"",""outras""}","{""avaliar"",""papel"",""equilibrio"",""termodinamico"",""manutencao"",""terra""}","{""ciencia"",""engenharia""}",false,https://catalogobncc.github.io/metadados/2022/03/30/efci,Importado dos metadados públicos do Catálogo BNCC. Revisar unidade temática e objeto de conhecimento na planilha oficial BNCC/MEC.
EF07CI05,Ensino Fundamental - Anos Finais,7º ano,Ciências da Natureza,Ciências,,,"Discutir o uso de diferentes tipos de combustível e máquinas térmicas ao longo do tempo, para avaliar avanços, questões econômicas e problemas socioambientais causados pela produção e uso desses materiais e máquinas.","{""tipos"",""combustivel"",""maquinas"",""termicas"",""longo"",""tempo"",""avaliar"",""avancos"",""questoes"",""economicas""}","{""tipos"",""combustivel"",""maquinas"",""termicas"",""longo"",""tempo""}","{""ciencia"",""engenharia""}",false,https://catalogobncc.github.io/metadados/2022/03/30/efci,Importado dos metadados públicos do Catálogo BNCC. Revisar unidade temática e objeto de conhecimento na planilha oficial BNCC/MEC.
EF07CI06,Ensino Fundamental - Anos Finais,7º ano,Ciências da Natureza,Ciências,,,"Discutir e avaliar mudanças econômicas, culturais e sociais, tanto na vida cotidiana quanto no mundo do trabalho, decorrentes do desenvolvimento de novos materiais e tecnologias (como automação e informatização).","{""avaliar"",""mudancas"",""economicas"",""culturais"",""sociais"",""tanto"",""cotidiana"",""quanto"",""mundo"",""trabalho""}","{""avaliar"",""mudancas"",""economicas"",""culturais"",""sociais"",""tanto""}","{""ciencia"",""tecnologia"",""artes""}",false,https://catalogobncc.github.io/metadados/2022/03/30/efci,Importado dos metadados públicos do Catálogo BNCC. Revisar unidade temática e objeto de conhecimento na planilha oficial BNCC/MEC.
EF07CI07,Ensino Fundamental - Anos Finais,7º ano,Ciências da Natureza,Ciências,,,"Caracterizar os principais ecossistemas brasileiros quanto à paisagem, à quantidade de água, ao tipo de solo, à disponibilidade de luz solar, à temperatura etc., correlacionando essas características à flora e fauna específicas.","{""caracterizar"",""principais"",""ecossistemas"",""brasileiros"",""quanto"",""paisagem"",""quantidade"",""disponibilidade"",""solar"",""temperatura""}","{""caracterizar"",""principais"",""ecossistemas"",""brasileiros"",""quanto"",""paisagem""}","{""ciencia""}",false,https://catalogobncc.github.io/metadados/2022/03/30/efci,Importado dos metadados públicos do Catálogo BNCC. Revisar unidade temática e objeto de conhecimento na planilha oficial BNCC/MEC.
EF07CI08,Ensino Fundamental - Anos Finais,7º ano,Ciências da Natureza,Ciências,,,"Avaliar como os impactos provocados por catástrofes naturais ou mudanças nos componentes físicos, biológicos ou sociais de um ecossistema afetam suas populações, podendo ameaçar ou provocar a extinção de espécies, alteração de hábitos, migração etc.","{""avaliar"",""impactos"",""provocados"",""catastrofes"",""naturais"",""mudancas"",""componentes"",""fisicos"",""biologicos"",""sociais""}","{""avaliar"",""impactos"",""provocados"",""catastrofes"",""naturais"",""mudancas""}","{""ciencia"",""artes""}",false,https://catalogobncc.github.io/metadados/2022/03/30/efci,Importado dos metadados públicos do Catálogo BNCC. Revisar unidade temática e objeto de conhecimento na planilha oficial BNCC/MEC.
EF07CI09,Ensino Fundamental - Anos Finais,7º ano,Ciências da Natureza,Ciências,,,"Interpretar as condições de saúde da comunidade, cidade ou estado, com base na análise e comparação de indicadores de saúde (como taxa de mortalidade infantil, cobertura de saneamento básico e incidência de doenças de veiculação hídrica, atmosférica entre outras) e dos resultados de políticas públicas destinadas à saúde.","{""interpretar"",""condicoes"",""saude"",""comunidade"",""cidade"",""estado"",""analise"",""comparacao"",""indicadores"",""mortalidade""}","{""interpretar"",""condicoes"",""saude"",""comunidade"",""cidade"",""estado""}","{""ciencia""}",false,https://catalogobncc.github.io/metadados/2022/03/30/efci,Importado dos metadados públicos do Catálogo BNCC. Revisar unidade temática e objeto de conhecimento na planilha oficial BNCC/MEC.
EF07CI10,Ensino Fundamental - Anos Finais,7º ano,Ciências da Natureza,Ciências,,,"Argumentar sobre a importância da vacinação para a saúde pública, com base em informações sobre a maneira como a vacina atua no organismo e o papel histórico da vacinação para a manutenção da saúde individual e coletiva e para a erradicação de doenças.","{""argumentar"",""importancia"",""vacinacao"",""saude"",""publica"",""informacoes"",""maneira"",""vacina"",""organismo"",""papel""}","{""argumentar"",""importancia"",""vacinacao"",""saude"",""publica"",""informacoes""}","{""ciencia""}",false,https://catalogobncc.github.io/metadados/2022/03/30/efci,Importado dos metadados públicos do Catálogo BNCC. Revisar unidade temática e objeto de conhecimento na planilha oficial BNCC/MEC.
EF07CI11,Ensino Fundamental - Anos Finais,7º ano,Ciências da Natureza,Ciências,,,"Analisar historicamente o uso da tecnologia, incluindo a digital, nas diferentes dimensões da vida humana, considerando indicadores ambientais e de qualidade de vida.","{""historicamente"",""tecnologia"",""incluindo"",""digital"",""dimensoes"",""humana"",""considerando"",""indicadores"",""ambientais"",""qualidade""}","{""historicamente"",""tecnologia"",""incluindo"",""digital"",""dimensoes"",""humana""}","{""ciencia"",""tecnologia""}",false,https://catalogobncc.github.io/metadados/2022/03/30/efci,Importado dos metadados públicos do Catálogo BNCC. Revisar unidade temática e objeto de conhecimento na planilha oficial BNCC/MEC.
EF07CI12,Ensino Fundamental - Anos Finais,7º ano,Ciências da Natureza,Ciências,,,"Demonstrar que o ar é uma mistura de gases, identificando sua composição, e discutir fenômenos naturais ou antrópicos que podem alterar essa composição.","{""demonstrar"",""mistura"",""gases"",""identificando"",""composicao"",""fenomenos"",""naturais"",""antropicos"",""podem"",""alterar""}","{""demonstrar"",""mistura"",""gases"",""identificando"",""composicao"",""fenomenos""}","{""ciencia""}",false,https://catalogobncc.github.io/metadados/2022/03/30/efci,Importado dos metadados públicos do Catálogo BNCC. Revisar unidade temática e objeto de conhecimento na planilha oficial BNCC/MEC.
EF07CI13,Ensino Fundamental - Anos Finais,7º ano,Ciências da Natureza,Ciências,,,"Descrever o mecanismo natural do efeito estufa, seu papel fundamental para o desenvolvimento da vida na Terra, discutir as ações humanas responsáveis pelo seu aumento artificial (queima dos combustíveis fósseis, desmatamento, queimadas etc.) e selecionar e implementar propostas para a reversão ou controle desse quadro.","{""descrever"",""mecanismo"",""natural"",""efeito"",""estufa"",""papel"",""fundamental"",""desenvolvimento"",""terra"",""acoes""}","{""descrever"",""mecanismo"",""natural"",""efeito"",""estufa"",""papel""}","{""ciencia"",""engenharia""}",false,https://catalogobncc.github.io/metadados/2022/03/30/efci,Importado dos metadados públicos do Catálogo BNCC. Revisar unidade temática e objeto de conhecimento na planilha oficial BNCC/MEC.
EF07CI14,Ensino Fundamental - Anos Finais,7º ano,Ciências da Natureza,Ciências,,,"Justificar a importância da camada de ozônio para a vida na Terra, identificando os fatores que aumentam ou diminuem sua presença na atmosfera, e discutir propostas individuais e coletivas para sua preservação.","{""justificar"",""importancia"",""camada"",""ozonio"",""terra"",""identificando"",""fatores"",""aumentam"",""diminuem"",""presenca""}","{""justificar"",""importancia"",""camada"",""ozonio"",""terra"",""identificando""}","{""ciencia""}",false,https://catalogobncc.github.io/metadados/2022/03/30/efci,Importado dos metadados públicos do Catálogo BNCC. Revisar unidade temática e objeto de conhecimento na planilha oficial BNCC/MEC.
EF07CI15,Ensino Fundamental - Anos Finais,7º ano,Ciências da Natureza,Ciências,,,"Interpretar fenômenos naturais (como vulcões, terremotos e tsunamis) e justificar a rara ocorrência desses fenômenos no Brasil, com base no modelo das placas tectônicas.","{""interpretar"",""fenomenos"",""naturais"",""vulcoes"",""terremotos"",""tsunamis"",""justificar"",""ocorrencia"",""desses"",""brasil""}","{""interpretar"",""fenomenos"",""naturais"",""vulcoes"",""terremotos"",""tsunamis""}","{""ciencia""}",true,https://catalogobncc.github.io/metadados/2022/03/30/efci,Importado dos metadados públicos do Catálogo BNCC. Revisar unidade temática e objeto de conhecimento na planilha oficial BNCC/MEC.
EF07CI16,Ensino Fundamental - Anos Finais,7º ano,Ciências da Natureza,Ciências,,,Justificar o formato das costas brasileira e africana com base na teoria da deriva dos continentes.,"{""justificar"",""formato"",""costas"",""brasileira"",""africana"",""teoria"",""deriva"",""continentes""}","{""justificar"",""formato"",""costas"",""brasileira"",""africana"",""teoria""}","{""ciencia""}",false,https://catalogobncc.github.io/metadados/2022/03/30/efci,Importado dos metadados públicos do Catálogo BNCC. Revisar unidade temática e objeto de conhecimento na planilha oficial BNCC/MEC.
EF07ER01,Ensino Fundamental - Anos Finais,7º ano,Ensino Religioso,Ensino Religioso,,,Reconhecer e respeitar as práticas de comunicação com as divindades em distintas manifestações e tradições religiosas.,"{""respeitar"",""praticas"",""comunicacao"",""divindades"",""distintas"",""manifestacoes"",""tradicoes"",""religiosas""}","{""respeitar"",""praticas"",""comunicacao"",""divindades"",""distintas"",""manifestacoes""}",{},false,https://catalogobncc.github.io/metadados/2022/03/30/efer,Importado dos metadados públicos do Catálogo BNCC. Revisar unidade temática e objeto de conhecimento na planilha oficial BNCC/MEC.
EF07ER02,Ensino Fundamental - Anos Finais,7º ano,Ensino Religioso,Ensino Religioso,,,"Identificar práticas de espiritualidade utilizadas pelas pessoas em determinadas situações (acidentes, doenças, fenômenos climáticos).","{""praticas"",""espiritualidade"",""utilizadas"",""pelas"",""pessoas"",""determinadas"",""situacoes"",""acidentes"",""doencas"",""fenomenos""}","{""praticas"",""espiritualidade"",""utilizadas"",""pelas"",""pessoas"",""determinadas""}",{},false,https://catalogobncc.github.io/metadados/2022/03/30/efer,Importado dos metadados públicos do Catálogo BNCC. Revisar unidade temática e objeto de conhecimento na planilha oficial BNCC/MEC.
EF07ER03,Ensino Fundamental - Anos Finais,7º ano,Ensino Religioso,Ensino Religioso,,,Reconhecer os papéis atribuídos às lideranças de diferentes tradições religiosas.,"{""papeis"",""atribuidos"",""liderancas"",""tradicoes"",""religiosas""}","{""papeis"",""atribuidos"",""liderancas"",""tradicoes"",""religiosas""}",{},false,https://catalogobncc.github.io/metadados/2022/03/30/efer,Importado dos metadados públicos do Catálogo BNCC. Revisar unidade temática e objeto de conhecimento na planilha oficial BNCC/MEC.
EF07ER04,Ensino Fundamental - Anos Finais,7º ano,Ensino Religioso,Ensino Religioso,,,Exemplificar líderes religiosos que se destacaram por suas contribuições à sociedade.,"{""exemplificar"",""lideres"",""religiosos"",""destacaram"",""contribuicoes"",""sociedade""}","{""exemplificar"",""lideres"",""religiosos"",""destacaram"",""contribuicoes"",""sociedade""}",{},false,https://catalogobncc.github.io/metadados/2022/03/30/efer,Importado dos metadados públicos do Catálogo BNCC. Revisar unidade temática e objeto de conhecimento na planilha oficial BNCC/MEC.
EF07ER05,Ensino Fundamental - Anos Finais,7º ano,Ensino Religioso,Ensino Religioso,,,Discutir estratégias que promovam a convivência ética e respeitosa entre as religiões.,"{""estrategias"",""promovam"",""convivencia"",""etica"",""respeitosa"",""religioes""}","{""estrategias"",""promovam"",""convivencia"",""etica"",""respeitosa"",""religioes""}",{},false,https://catalogobncc.github.io/metadados/2022/03/30/efer,Importado dos metadados públicos do Catálogo BNCC. Revisar unidade temática e objeto de conhecimento na planilha oficial BNCC/MEC.
EF07ER06,Ensino Fundamental - Anos Finais,7º ano,Ensino Religioso,Ensino Religioso,,,"Identificar princípios éticos em diferentes tradições religiosas e filosofias de vida, discutindo como podem influenciar condutas pessoais e práticas sociais.","{""principios"",""eticos"",""tradicoes"",""religiosas"",""filosofias"",""discutindo"",""podem"",""influenciar"",""condutas"",""pessoais""}","{""principios"",""eticos"",""tradicoes"",""religiosas"",""filosofias"",""discutindo""}","{""ciencia""}",false,https://catalogobncc.github.io/metadados/2022/03/30/efer,Importado dos metadados públicos do Catálogo BNCC. Revisar unidade temática e objeto de conhecimento na planilha oficial BNCC/MEC.
EF07ER07,Ensino Fundamental - Anos Finais,7º ano,Ensino Religioso,Ensino Religioso,,,Identificar e discutir o papel das lideranças religiosas e seculares na defesa e promoção dos direitos humanos.,"{""papel"",""liderancas"",""religiosas"",""seculares"",""defesa"",""promocao"",""direitos"",""humanos""}","{""papel"",""liderancas"",""religiosas"",""seculares"",""defesa"",""promocao""}",{},false,https://catalogobncc.github.io/metadados/2022/03/30/efer,Importado dos metadados públicos do Catálogo BNCC. Revisar unidade temática e objeto de conhecimento na planilha oficial BNCC/MEC.
EF07ER08,Ensino Fundamental - Anos Finais,7º ano,Ensino Religioso,Ensino Religioso,,,"Reconhecer o direito à liberdade de consciência, crença ou convicção, questionando concepções e práticas sociais que a violam.","{""direito"",""liberdade"",""consciencia"",""crenca"",""conviccao"",""questionando"",""concepcoes"",""praticas"",""sociais"",""violam""}","{""direito"",""liberdade"",""consciencia"",""crenca"",""conviccao"",""questionando""}","{""ciencia""}",false,https://catalogobncc.github.io/metadados/2022/03/30/efer,Importado dos metadados públicos do Catálogo BNCC. Revisar unidade temática e objeto de conhecimento na planilha oficial BNCC/MEC.
EF07GE01,Ensino Fundamental - Anos Finais,7º ano,Ciências Humanas,Geografia,,,"Avaliar, por meio de exemplos extraídos dos meios de comunicação, ideias e estereótipos acerca das paisagens e da formação territorial do Brasil.","{""avaliar"",""exemplos"",""extraidos"",""comunicacao"",""ideias"",""estereotipos"",""acerca"",""paisagens"",""formacao"",""territorial""}","{""avaliar"",""exemplos"",""extraidos"",""comunicacao"",""ideias"",""estereotipos""}",{},false,https://catalogobncc.github.io/metadados/2022/03/30/efge,Importado dos metadados públicos do Catálogo BNCC. Revisar unidade temática e objeto de conhecimento na planilha oficial BNCC/MEC.
EF07GE02,Ensino Fundamental - Anos Finais,7º ano,Ciências Humanas,Geografia,,,"Analisar a influência dos fluxos econômicos e populacionais na formação socioeconômica e territorial do Brasil, compreendendo os conflitos e as tensões históricas e contemporâneas.","{""influencia"",""fluxos"",""economicos"",""populacionais"",""formacao"",""socioeconomica"",""territorial"",""brasil"",""compreendendo"",""conflitos""}","{""influencia"",""fluxos"",""economicos"",""populacionais"",""formacao"",""socioeconomica""}",{},false,https://catalogobncc.github.io/metadados/2022/03/30/efge,Importado dos metadados públicos do Catálogo BNCC. Revisar unidade temática e objeto de conhecimento na planilha oficial BNCC/MEC.
EF07GE03,Ensino Fundamental - Anos Finais,7º ano,Ciências Humanas,Geografia,,,"Selecionar argumentos que reconheçam as territorialidades dos povos indígenas originários, das comunidades remanescentes de quilombos, de povos das florestas e do cerrado, de ribeirinhos e caiçaras, entre outros grupos sociais do campo e da cidade, como direitos legais dessas comunidades.","{""selecionar"",""argumentos"",""reconhecam"",""territorialidades"",""povos"",""indigenas"",""originarios"",""comunidades"",""remanescentes"",""quilombos""}","{""selecionar"",""argumentos"",""reconhecam"",""territorialidades"",""povos"",""indigenas""}",{},false,https://catalogobncc.github.io/metadados/2022/03/30/efge,Importado dos metadados públicos do Catálogo BNCC. Revisar unidade temática e objeto de conhecimento na planilha oficial BNCC/MEC.
EF07GE04,Ensino Fundamental - Anos Finais,7º ano,Ciências Humanas,Geografia,,,"Analisar a distribuição territorial da população brasileira, considerando a diversidade étnico-cultural (indígena, africana, europeia e asiática), assim como aspectos de renda, sexo e idade nas regiões brasileiras.","{""distribuicao"",""territorial"",""populacao"",""brasileira"",""considerando"",""diversidade"",""etnico"",""cultural"",""indigena"",""africana""}","{""distribuicao"",""territorial"",""populacao"",""brasileira"",""considerando"",""diversidade""}","{""artes""}",false,https://catalogobncc.github.io/metadados/2022/03/30/efge,Importado dos metadados públicos do Catálogo BNCC. Revisar unidade temática e objeto de conhecimento na planilha oficial BNCC/MEC.
EF07GE05,Ensino Fundamental - Anos Finais,7º ano,Ciências Humanas,Geografia,,,Analisar fatos e situações representativas das alterações ocorridas entre o período mercantilista e o advento do capitalismo.,"{""fatos"",""situacoes"",""representativas"",""alteracoes"",""ocorridas"",""periodo"",""mercantilista"",""advento"",""capitalismo""}","{""fatos"",""situacoes"",""representativas"",""alteracoes"",""ocorridas"",""periodo""}",{},false,https://catalogobncc.github.io/metadados/2022/03/30/efge,Importado dos metadados públicos do Catálogo BNCC. Revisar unidade temática e objeto de conhecimento na planilha oficial BNCC/MEC.
EF07GE06,Ensino Fundamental - Anos Finais,7º ano,Ciências Humanas,Geografia,,,"Discutir em que medida a produção, a circulação e o consumo de mercadorias provocam impactos ambientais, assim como influem na distribuição de riquezas, em diferentes lugares.","{""medida"",""producao"",""circulacao"",""consumo"",""mercadorias"",""provocam"",""impactos"",""ambientais"",""assim"",""influem""}","{""medida"",""producao"",""circulacao"",""consumo"",""mercadorias"",""provocam""}","{""matematica""}",false,https://catalogobncc.github.io/metadados/2022/03/30/efge,Importado dos metadados públicos do Catálogo BNCC. Revisar unidade temática e objeto de conhecimento na planilha oficial BNCC/MEC.
EF07GE07,Ensino Fundamental - Anos Finais,7º ano,Ciências Humanas,Geografia,,,Analisar a influência e o papel das redes de transporte e comunicação na configuração do território brasileiro.,"{""influencia"",""papel"",""redes"",""transporte"",""comunicacao"",""configuracao"",""territorio"",""brasileiro""}","{""influencia"",""papel"",""redes"",""transporte"",""comunicacao"",""configuracao""}",{},false,https://catalogobncc.github.io/metadados/2022/03/30/efge,Importado dos metadados públicos do Catálogo BNCC. Revisar unidade temática e objeto de conhecimento na planilha oficial BNCC/MEC.
EF07GE08,Ensino Fundamental - Anos Finais,7º ano,Ciências Humanas,Geografia,,,Estabelecer relações entre os processos de industrialização e inovação tecnológica com as transformações socioeconômicas do território brasileiro.,"{""estabelecer"",""relacoes"",""processos"",""industrializacao"",""inovacao"",""tecnologica"",""transformacoes"",""socioeconomicas"",""territorio"",""brasileiro""}","{""estabelecer"",""relacoes"",""processos"",""industrializacao"",""inovacao"",""tecnologica""}","{""tecnologia""}",false,https://catalogobncc.github.io/metadados/2022/03/30/efge,Importado dos metadados públicos do Catálogo BNCC. Revisar unidade temática e objeto de conhecimento na planilha oficial BNCC/MEC.
EF07GE09,Ensino Fundamental - Anos Finais,7º ano,Ciências Humanas,Geografia,,,"Interpretar e elaborar mapas temáticos e históricos, inclusive utilizando tecnologias digitais, com informações demográficas e econômicas do Brasil (cartogramas), identificando padrões espaciais, regionalizações e analogias espaciais.","{""interpretar"",""mapas"",""tematicos"",""historicos"",""inclusive"",""tecnologias"",""digitais"",""informacoes"",""demograficas"",""economicas""}","{""interpretar"",""mapas"",""tematicos"",""historicos"",""inclusive"",""tecnologias""}","{""tecnologia""}",true,https://catalogobncc.github.io/metadados/2022/03/30/efge,Importado dos metadados públicos do Catálogo BNCC. Revisar unidade temática e objeto de conhecimento na planilha oficial BNCC/MEC.
EF07GE10,Ensino Fundamental - Anos Finais,7º ano,Ciências Humanas,Geografia,,,"Elaborar e interpretar gráficos de barras, gráficos de setores e histogramas, com base em dados socioeconômicos das regiões brasileiras.","{""interpretar"",""graficos"",""barras"",""setores"",""histogramas"",""dados"",""socioeconomicos"",""regioes"",""brasileiras""}","{""interpretar"",""graficos"",""barras"",""setores"",""histogramas"",""dados""}","{""tecnologia"",""matematica""}",true,https://catalogobncc.github.io/metadados/2022/03/30/efge,Importado dos metadados públicos do Catálogo BNCC. Revisar unidade temática e objeto de conhecimento na planilha oficial BNCC/MEC.
EF07GE11,Ensino Fundamental - Anos Finais,7º ano,Ciências Humanas,Geografia,,,"Caracterizar dinâmicas dos componentes físico-naturais no território nacional, bem como sua distribuição e biodiversidade (Florestas Tropicais, Cerrados, Caatingas, Campos Sulinos e Matas de Araucária).","{""caracterizar"",""dinamicas"",""componentes"",""fisico"",""naturais"",""territorio"",""nacional"",""distribuicao"",""biodiversidade"",""florestas""}","{""caracterizar"",""dinamicas"",""componentes"",""fisico"",""naturais"",""territorio""}",{},false,https://catalogobncc.github.io/metadados/2022/03/30/efge,Importado dos metadados públicos do Catálogo BNCC. Revisar unidade temática e objeto de conhecimento na planilha oficial BNCC/MEC.
EF07GE12,Ensino Fundamental - Anos Finais,7º ano,Ciências Humanas,Geografia,,,"Comparar unidades de conservação existentes no Município de residência e em outras localidades brasileiras, com base na organização do Sistema Nacional de Unidades de Conservação (SNUC).","{""unidades"",""conservacao"",""existentes"",""municipio"",""residencia"",""outras"",""localidades"",""brasileiras"",""organizacao"",""sistema""}","{""unidades"",""conservacao"",""existentes"",""municipio"",""residencia"",""outras""}",{},false,https://catalogobncc.github.io/metadados/2022/03/30/efge,Importado dos metadados públicos do Catálogo BNCC. Revisar unidade temática e objeto de conhecimento na planilha oficial BNCC/MEC.
EF07HI01,Ensino Fundamental - Anos Finais,7º ano,Ciências Humanas,História,,,"Explicar o significado de “modernidade” e suas lógicas de inclusão e exclusão, com base em uma concepção europeia.","{""explicar"",""significado"",""modernidade"",""logicas"",""inclusao"",""exclusao"",""concepcao"",""europeia""}","{""explicar"",""significado"",""modernidade"",""logicas"",""inclusao"",""exclusao""}",{},false,https://catalogobncc.github.io/metadados/2022/03/30/efhi,Importado dos metadados públicos do Catálogo BNCC. Revisar unidade temática e objeto de conhecimento na planilha oficial BNCC/MEC.
EF07HI02,Ensino Fundamental - Anos Finais,7º ano,Ciências Humanas,História,,,"Identificar conexões e interações entre as sociedades do Novo Mundo, da Europa, da África e da Ásia no contexto das navegações e indicar a complexidade e as interações que ocorrem nos Oceanos Atlântico, Índico e Pacífico.","{""conexoes"",""interacoes"",""sociedades"",""mundo"",""europa"",""africa"",""contexto"",""navegacoes"",""indicar"",""complexidade""}","{""conexoes"",""interacoes"",""sociedades"",""mundo"",""europa"",""africa""}",{},false,https://catalogobncc.github.io/metadados/2022/03/30/efhi,Importado dos metadados públicos do Catálogo BNCC. Revisar unidade temática e objeto de conhecimento na planilha oficial BNCC/MEC.
EF07HI03,Ensino Fundamental - Anos Finais,7º ano,Ciências Humanas,História,,,"Identificar aspectos e processos específicos das sociedades africanas e americanas antes da chegada dos europeus, com destaque para as formas de organização social e o desenvolvimento de saberes e técnicas.","{""aspectos"",""processos"",""especificos"",""sociedades"",""africanas"",""americanas"",""antes"",""chegada"",""europeus"",""destaque""}","{""aspectos"",""processos"",""especificos"",""sociedades"",""africanas"",""americanas""}",{},false,https://catalogobncc.github.io/metadados/2022/03/30/efhi,Importado dos metadados públicos do Catálogo BNCC. Revisar unidade temática e objeto de conhecimento na planilha oficial BNCC/MEC.
EF07HI04,Ensino Fundamental - Anos Finais,7º ano,Ciências Humanas,História,,,Identificar as principais características dos Humanismos e dos Renascimentos e analisar seus significados.,"{""principais"",""caracteristicas"",""humanismos"",""renascimentos"",""significados""}","{""principais"",""caracteristicas"",""humanismos"",""renascimentos"",""significados""}",{},false,https://catalogobncc.github.io/metadados/2022/03/30/efhi,Importado dos metadados públicos do Catálogo BNCC. Revisar unidade temática e objeto de conhecimento na planilha oficial BNCC/MEC.
EF07HI05,Ensino Fundamental - Anos Finais,7º ano,Ciências Humanas,História,,,Identificar e relacionar as vinculações entre as reformas religiosas e os processos culturais e sociais do período moderno na Europa e na América.,"{""relacionar"",""vinculacoes"",""reformas"",""religiosas"",""processos"",""culturais"",""sociais"",""periodo"",""moderno"",""europa""}","{""relacionar"",""vinculacoes"",""reformas"",""religiosas"",""processos"",""culturais""}","{""artes""}",false,https://catalogobncc.github.io/metadados/2022/03/30/efhi,Importado dos metadados públicos do Catálogo BNCC. Revisar unidade temática e objeto de conhecimento na planilha oficial BNCC/MEC.
EF07HI06,Ensino Fundamental - Anos Finais,7º ano,Ciências Humanas,História,,,Comparar as navegações no Atlântico e no Pacífico entre os séculos XIV e XVI.,"{""navegacoes"",""atlantico"",""pacifico"",""seculos""}","{""navegacoes"",""atlantico"",""pacifico"",""seculos""}",{},false,https://catalogobncc.github.io/metadados/2022/03/30/efhi,Importado dos metadados públicos do Catálogo BNCC. Revisar unidade temática e objeto de conhecimento na planilha oficial BNCC/MEC.
EF07HI07,Ensino Fundamental - Anos Finais,7º ano,Ciências Humanas,História,,,Descrever os processos de formação e consolidação das monarquias e suas principais características com vistas à compreensão das razões da centralização política.,"{""descrever"",""processos"",""formacao"",""consolidacao"",""monarquias"",""principais"",""caracteristicas"",""vistas"",""compreensao"",""razoes""}","{""descrever"",""processos"",""formacao"",""consolidacao"",""monarquias"",""principais""}",{},false,https://catalogobncc.github.io/metadados/2022/03/30/efhi,Importado dos metadados públicos do Catálogo BNCC. Revisar unidade temática e objeto de conhecimento na planilha oficial BNCC/MEC.
EF07HI08,Ensino Fundamental - Anos Finais,7º ano,Ciências Humanas,História,,,"Descrever as formas de organização das sociedades americanas no tempo da conquista com vistas à compreensão dos mecanismos de alianças, confrontos e resistências.","{""descrever"",""organizacao"",""sociedades"",""americanas"",""tempo"",""conquista"",""vistas"",""compreensao"",""mecanismos"",""aliancas""}","{""descrever"",""organizacao"",""sociedades"",""americanas"",""tempo"",""conquista""}","{""engenharia""}",false,https://catalogobncc.github.io/metadados/2022/03/30/efhi,Importado dos metadados públicos do Catálogo BNCC. Revisar unidade temática e objeto de conhecimento na planilha oficial BNCC/MEC.
EF07HI09,Ensino Fundamental - Anos Finais,7º ano,Ciências Humanas,História,,,Analisar os diferentes impactos da conquista europeia da América para as populações ameríndias e identificar as formas de resistência.,"{""impactos"",""conquista"",""europeia"",""america"",""populacoes"",""amerindias"",""resistencia""}","{""impactos"",""conquista"",""europeia"",""america"",""populacoes"",""amerindias""}",{},false,https://catalogobncc.github.io/metadados/2022/03/30/efhi,Importado dos metadados públicos do Catálogo BNCC. Revisar unidade temática e objeto de conhecimento na planilha oficial BNCC/MEC.
EF07HI10,Ensino Fundamental - Anos Finais,7º ano,Ciências Humanas,História,,,"Analisar, com base em documentos históricos, diferentes interpretações sobre as dinâmicas das sociedades americanas no período colonial.","{""documentos"",""historicos"",""interpretacoes"",""dinamicas"",""sociedades"",""americanas"",""periodo"",""colonial""}","{""documentos"",""historicos"",""interpretacoes"",""dinamicas"",""sociedades"",""americanas""}",{},false,https://catalogobncc.github.io/metadados/2022/03/30/efhi,Importado dos metadados públicos do Catálogo BNCC. Revisar unidade temática e objeto de conhecimento na planilha oficial BNCC/MEC.
EF07HI11,Ensino Fundamental - Anos Finais,7º ano,Ciências Humanas,História,,,Analisar a formação histórico-geográfica do território da América portuguesa por meio de mapas históricos.,"{""formacao"",""historico"",""geografica"",""territorio"",""america"",""portuguesa"",""mapas"",""historicos""}","{""formacao"",""historico"",""geografica"",""territorio"",""america"",""portuguesa""}",{},false,https://catalogobncc.github.io/metadados/2022/03/30/efhi,Importado dos metadados públicos do Catálogo BNCC. Revisar unidade temática e objeto de conhecimento na planilha oficial BNCC/MEC.
EF07HI12,Ensino Fundamental - Anos Finais,7º ano,Ciências Humanas,História,,,"Identificar a distribuição territorial da população brasileira em diferentes épocas, considerando a diversidade étnico-racial e étnico-cultural (indígena, africana, europeia e asiática).","{""distribuicao"",""territorial"",""populacao"",""brasileira"",""epocas"",""considerando"",""diversidade"",""etnico"",""racial"",""cultural""}","{""distribuicao"",""territorial"",""populacao"",""brasileira"",""epocas"",""considerando""}","{""artes""}",false,https://catalogobncc.github.io/metadados/2022/03/30/efhi,Importado dos metadados públicos do Catálogo BNCC. Revisar unidade temática e objeto de conhecimento na planilha oficial BNCC/MEC.
EF07HI13,Ensino Fundamental - Anos Finais,7º ano,Ciências Humanas,História,,,Caracterizar a ação dos europeus e suas lógicas mercantis visando ao domínio no mundo atlântico.,"{""caracterizar"",""europeus"",""logicas"",""mercantis"",""visando"",""dominio"",""mundo"",""atlantico""}","{""caracterizar"",""europeus"",""logicas"",""mercantis"",""visando"",""dominio""}",{},false,https://catalogobncc.github.io/metadados/2022/03/30/efhi,Importado dos metadados públicos do Catálogo BNCC. Revisar unidade temática e objeto de conhecimento na planilha oficial BNCC/MEC.
EF07HI14,Ensino Fundamental - Anos Finais,7º ano,Ciências Humanas,História,,,Descrever as dinâmicas comerciais das sociedades americanas e africanas e analisar suas interações com outras sociedades do Ocidente e do Oriente.,"{""descrever"",""dinamicas"",""comerciais"",""sociedades"",""americanas"",""africanas"",""interacoes"",""outras"",""ocidente"",""oriente""}","{""descrever"",""dinamicas"",""comerciais"",""sociedades"",""americanas"",""africanas""}",{},false,https://catalogobncc.github.io/metadados/2022/03/30/efhi,Importado dos metadados públicos do Catálogo BNCC. Revisar unidade temática e objeto de conhecimento na planilha oficial BNCC/MEC.
EF07HI15,Ensino Fundamental - Anos Finais,7º ano,Ciências Humanas,História,,,Discutir o conceito de escravidão moderna e suas distinções em relação ao escravismo antigo e à servidão medieval.,"{""conceito"",""escravidao"",""moderna"",""distincoes"",""relacao"",""escravismo"",""antigo"",""servidao"",""medieval""}","{""conceito"",""escravidao"",""moderna"",""distincoes"",""relacao"",""escravismo""}","{""ciencia""}",false,https://catalogobncc.github.io/metadados/2022/03/30/efhi,Importado dos metadados públicos do Catálogo BNCC. Revisar unidade temática e objeto de conhecimento na planilha oficial BNCC/MEC.
EF07HI16,Ensino Fundamental - Anos Finais,7º ano,Ciências Humanas,História,,,"Analisar os mecanismos e as dinâmicas de comércio de escravizados em suas diferentes fases, identificando os agentes responsáveis pelo tráfico e as regiões e zonas africanas de procedência dos escravizados.","{""mecanismos"",""dinamicas"",""comercio"",""escravizados"",""fases"",""identificando"",""agentes"",""responsaveis"",""trafico"",""regioes""}","{""mecanismos"",""dinamicas"",""comercio"",""escravizados"",""fases"",""identificando""}","{""engenharia""}",false,https://catalogobncc.github.io/metadados/2022/03/30/efhi,Importado dos metadados públicos do Catálogo BNCC. Revisar unidade temática e objeto de conhecimento na planilha oficial BNCC/MEC.
EF07HI17,Ensino Fundamental - Anos Finais,7º ano,Ciências Humanas,História,,,Discutir as razões da passagem do mercantilismo para o capitalismo.,"{""razoes"",""passagem"",""mercantilismo"",""capitalismo""}","{""razoes"",""passagem"",""mercantilismo"",""capitalismo""}",{},false,https://catalogobncc.github.io/metadados/2022/03/30/efhi,Importado dos metadados públicos do Catálogo BNCC. Revisar unidade temática e objeto de conhecimento na planilha oficial BNCC/MEC.
EF07LI01,Ensino Fundamental - Anos Finais,7º ano,Linguagens,Língua Inglesa,,,"Interagir em situações de intercâmbio oral para realizar as atividades em sala de aula, de forma respeitosa e colaborativa, trocando ideias e engajando-se em brincadeiras e jogos.","{""interagir"",""situacoes"",""intercambio"",""realizar"",""atividades"",""respeitosa"",""colaborativa"",""trocando"",""ideias"",""engajando""}","{""interagir"",""situacoes"",""intercambio"",""realizar"",""atividades"",""respeitosa""}","{""ciencia""}",false,https://catalogobncc.github.io/metadados/2022/03/30/efli,Importado dos metadados públicos do Catálogo BNCC. Revisar unidade temática e objeto de conhecimento na planilha oficial BNCC/MEC.
EF07LI02,Ensino Fundamental - Anos Finais,7º ano,Linguagens,Língua Inglesa,,,Entrevistar os colegas para conhecer suas histórias de vida.,"{""entrevistar"",""colegas"",""conhecer"",""historias""}","{""entrevistar"",""colegas"",""conhecer"",""historias""}","{""ciencia""}",false,https://catalogobncc.github.io/metadados/2022/03/30/efli,Importado dos metadados públicos do Catálogo BNCC. Revisar unidade temática e objeto de conhecimento na planilha oficial BNCC/MEC.
EF07LI03,Ensino Fundamental - Anos Finais,7º ano,Linguagens,Língua Inglesa,,,Mobilizar conhecimentos prévios para compreender texto oral.,"{""mobilizar"",""conhecimentos"",""previos"",""texto""}","{""mobilizar"",""conhecimentos"",""previos"",""texto""}",{},false,https://catalogobncc.github.io/metadados/2022/03/30/efli,Importado dos metadados públicos do Catálogo BNCC. Revisar unidade temática e objeto de conhecimento na planilha oficial BNCC/MEC.
EF07LI04,Ensino Fundamental - Anos Finais,7º ano,Linguagens,Língua Inglesa,,,"Identificar o contexto, a finalidade, o assunto e os interlocutores em textos orais presentes no cinema, na internet, na televisão, entre outros.","{""contexto"",""finalidade"",""assunto"",""interlocutores"",""textos"",""orais"",""presentes"",""cinema"",""internet"",""televisao""}","{""contexto"",""finalidade"",""assunto"",""interlocutores"",""textos"",""orais""}",{},false,https://catalogobncc.github.io/metadados/2022/03/30/efli,Importado dos metadados públicos do Catálogo BNCC. Revisar unidade temática e objeto de conhecimento na planilha oficial BNCC/MEC.
EF07LI05,Ensino Fundamental - Anos Finais,7º ano,Linguagens,Língua Inglesa,,,"Compor, em língua inglesa, narrativas orais sobre fatos, acontecimentos e personalidades marcantes do passado.","{""compor"",""lingua"",""inglesa"",""narrativas"",""orais"",""fatos"",""acontecimentos"",""personalidades"",""marcantes"",""passado""}","{""compor"",""lingua"",""inglesa"",""narrativas"",""orais"",""fatos""}",{},false,https://catalogobncc.github.io/metadados/2022/03/30/efli,Importado dos metadados públicos do Catálogo BNCC. Revisar unidade temática e objeto de conhecimento na planilha oficial BNCC/MEC.
EF07LI06,Ensino Fundamental - Anos Finais,7º ano,Linguagens,Língua Inglesa,,,"Antecipar o sentido global de textos em língua inglesa por inferências, com base em leitura rápida, observando títulos, primeiras e últimas frases de parágrafos e palavras-chave repetidas.","{""antecipar"",""sentido"",""global"",""textos"",""lingua"",""inglesa"",""inferencias"",""leitura"",""rapida"",""observando""}","{""antecipar"",""sentido"",""global"",""textos"",""lingua"",""inglesa""}",{},false,https://catalogobncc.github.io/metadados/2022/03/30/efli,Importado dos metadados públicos do Catálogo BNCC. Revisar unidade temática e objeto de conhecimento na planilha oficial BNCC/MEC.
EF07LI07,Ensino Fundamental - Anos Finais,7º ano,Linguagens,Língua Inglesa,,,Identificar a(s) informação(ões)-chave de partes de um texto em língua inglesa (parágrafos).,"{""informacao"",""chave"",""partes"",""texto"",""lingua"",""inglesa"",""paragrafos""}","{""informacao"",""chave"",""partes"",""texto"",""lingua"",""inglesa""}","{""artes""}",false,https://catalogobncc.github.io/metadados/2022/03/30/efli,Importado dos metadados públicos do Catálogo BNCC. Revisar unidade temática e objeto de conhecimento na planilha oficial BNCC/MEC.
EF07LI08,Ensino Fundamental - Anos Finais,7º ano,Linguagens,Língua Inglesa,,,Relacionar as partes de um texto (parágrafos) para construir seu sentido global.,"{""relacionar"",""partes"",""texto"",""paragrafos"",""construir"",""sentido"",""global""}","{""relacionar"",""partes"",""texto"",""paragrafos"",""construir"",""sentido""}","{""engenharia"",""artes""}",true,https://catalogobncc.github.io/metadados/2022/03/30/efli,Importado dos metadados públicos do Catálogo BNCC. Revisar unidade temática e objeto de conhecimento na planilha oficial BNCC/MEC.
EF07LI09,Ensino Fundamental - Anos Finais,7º ano,Linguagens,Língua Inglesa,,,"Selecionar, em um texto, a informação desejada como objetivo de leitura.","{""selecionar"",""texto"",""informacao"",""desejada"",""objetivo"",""leitura""}","{""selecionar"",""texto"",""informacao"",""desejada"",""objetivo"",""leitura""}",{},false,https://catalogobncc.github.io/metadados/2022/03/30/efli,Importado dos metadados públicos do Catálogo BNCC. Revisar unidade temática e objeto de conhecimento na planilha oficial BNCC/MEC.
EF07LI10,Ensino Fundamental - Anos Finais,7º ano,Linguagens,Língua Inglesa,,,"Escolher, em ambientes virtuais, textos em língua inglesa, de fontes confiáveis, para estudos/pesquisas escolares.","{""escolher"",""ambientes"",""virtuais"",""textos"",""lingua"",""inglesa"",""fontes"",""confiaveis"",""estudos"",""pesquisas""}","{""escolher"",""ambientes"",""virtuais"",""textos"",""lingua"",""inglesa""}","{""ciencia""}",false,https://catalogobncc.github.io/metadados/2022/03/30/efli,Importado dos metadados públicos do Catálogo BNCC. Revisar unidade temática e objeto de conhecimento na planilha oficial BNCC/MEC.
EF07LI11,Ensino Fundamental - Anos Finais,7º ano,Linguagens,Língua Inglesa,,,"Participar de troca de opiniões e informações sobre textos, lidos na sala de aula ou em outros ambientes.","{""participar"",""troca"",""opinioes"",""informacoes"",""textos"",""lidos"",""outros"",""ambientes""}","{""participar"",""troca"",""opinioes"",""informacoes"",""textos"",""lidos""}","{""ciencia""}",false,https://catalogobncc.github.io/metadados/2022/03/30/efli,Importado dos metadados públicos do Catálogo BNCC. Revisar unidade temática e objeto de conhecimento na planilha oficial BNCC/MEC.
EF07LI12,Ensino Fundamental - Anos Finais,7º ano,Linguagens,Língua Inglesa,,,"Planejar a escrita de textos em função do contexto (público, finalidade, layout e suporte).","{""planejar"",""escrita"",""textos"",""funcao"",""contexto"",""publico"",""finalidade"",""layout"",""suporte""}","{""planejar"",""escrita"",""textos"",""funcao"",""contexto"",""publico""}",{},true,https://catalogobncc.github.io/metadados/2022/03/30/efli,Importado dos metadados públicos do Catálogo BNCC. Revisar unidade temática e objeto de conhecimento na planilha oficial BNCC/MEC.
EF07LI13,Ensino Fundamental - Anos Finais,7º ano,Linguagens,Língua Inglesa,,,"Organizar texto em unidades de sentido, dividindo-o em parágrafos ou tópicos e subtópicos, explorando as possibilidades de organização gráfica, de suporte e de formato do texto.","{""organizar"",""texto"",""unidades"",""sentido"",""dividindo"",""paragrafos"",""topicos"",""subtopicos"",""explorando"",""possibilidades""}","{""organizar"",""texto"",""unidades"",""sentido"",""dividindo"",""paragrafos""}",{},false,https://catalogobncc.github.io/metadados/2022/03/30/efli,Importado dos metadados públicos do Catálogo BNCC. Revisar unidade temática e objeto de conhecimento na planilha oficial BNCC/MEC.
EF07LI14,Ensino Fundamental - Anos Finais,7º ano,Linguagens,Língua Inglesa,,,"Produzir textos diversos sobre fatos, acontecimentos e personalidades do passado (linha do tempo/ timelines, biografias, verbetes de enciclopédias, blogues, entre outros).","{""textos"",""fatos"",""acontecimentos"",""personalidades"",""passado"",""linha"",""tempo"",""timelines"",""biografias"",""verbetes""}","{""textos"",""fatos"",""acontecimentos"",""personalidades"",""passado"",""linha""}",{},true,https://catalogobncc.github.io/metadados/2022/03/30/efli,Importado dos metadados públicos do Catálogo BNCC. Revisar unidade temática e objeto de conhecimento na planilha oficial BNCC/MEC.
EF07LI15,Ensino Fundamental - Anos Finais,7º ano,Linguagens,Língua Inglesa,,,"Construir repertório lexical relativo a verbos regulares e irregulares (formas no passado), preposições de tempo (in, on, at) e conectores (and, but, because, then, so, before, after, entre outros).","{""construir"",""repertorio"",""lexical"",""relativo"",""verbos"",""regulares"",""irregulares"",""passado"",""preposicoes"",""tempo""}","{""construir"",""repertorio"",""lexical"",""relativo"",""verbos"",""regulares""}","{""engenharia""}",true,https://catalogobncc.github.io/metadados/2022/03/30/efli,Importado dos metadados públicos do Catálogo BNCC. Revisar unidade temática e objeto de conhecimento na planilha oficial BNCC/MEC.
EF07LI16,Ensino Fundamental - Anos Finais,7º ano,Linguagens,Língua Inglesa,,,Reconhecer a pronúncia de verbos regulares no passado (-ed).,"{""pronuncia"",""verbos"",""regulares"",""passado""}","{""pronuncia"",""verbos"",""regulares"",""passado""}",{},false,https://catalogobncc.github.io/metadados/2022/03/30/efli,Importado dos metadados públicos do Catálogo BNCC. Revisar unidade temática e objeto de conhecimento na planilha oficial BNCC/MEC.
EF07LI17,Ensino Fundamental - Anos Finais,7º ano,Linguagens,Língua Inglesa,,,Explorar o caráter polissêmico de palavras de acordo com o contexto de uso.,"{""explorar"",""carater"",""polissemico"",""palavras"",""acordo"",""contexto""}","{""explorar"",""carater"",""polissemico"",""palavras"",""acordo"",""contexto""}",{},false,https://catalogobncc.github.io/metadados/2022/03/30/efli,Importado dos metadados públicos do Catálogo BNCC. Revisar unidade temática e objeto de conhecimento na planilha oficial BNCC/MEC.
EF07LI18,Ensino Fundamental - Anos Finais,7º ano,Linguagens,Língua Inglesa,,,"Utilizar o passado simples e o passado contínuo para produzir textos orais e escritos, mostrando relações de sequência e causalidade.","{""utilizar"",""passado"",""simples"",""continuo"",""textos"",""orais"",""escritos"",""mostrando"",""relacoes"",""sequencia""}","{""utilizar"",""passado"",""simples"",""continuo"",""textos"",""orais""}",{},true,https://catalogobncc.github.io/metadados/2022/03/30/efli,Importado dos metadados públicos do Catálogo BNCC. Revisar unidade temática e objeto de conhecimento na planilha oficial BNCC/MEC.
EF07LI19,Ensino Fundamental - Anos Finais,7º ano,Linguagens,Língua Inglesa,,,Discriminar sujeito de objeto utilizando pronomes a eles relacionados.,"{""discriminar"",""sujeito"",""objeto"",""pronomes"",""relacionados""}","{""discriminar"",""sujeito"",""objeto"",""pronomes"",""relacionados""}",{},false,https://catalogobncc.github.io/metadados/2022/03/30/efli,Importado dos metadados públicos do Catálogo BNCC. Revisar unidade temática e objeto de conhecimento na planilha oficial BNCC/MEC.
EF07LI20,Ensino Fundamental - Anos Finais,7º ano,Linguagens,Língua Inglesa,,,"Empregar, de forma inteligível, o verbo modal can para descrever habilidades (no presente e no passado).","{""empregar"",""inteligivel"",""verbo"",""modal"",""descrever"",""habilidades"",""presente"",""passado""}","{""empregar"",""inteligivel"",""verbo"",""modal"",""descrever"",""habilidades""}",{},false,https://catalogobncc.github.io/metadados/2022/03/30/efli,Importado dos metadados públicos do Catálogo BNCC. Revisar unidade temática e objeto de conhecimento na planilha oficial BNCC/MEC.
EF07LI21,Ensino Fundamental - Anos Finais,7º ano,Linguagens,Língua Inglesa,,,Analisar o alcance da língua inglesa e os seus contextos de uso no mundo globalizado.,"{""alcance"",""lingua"",""inglesa"",""contextos"",""mundo"",""globalizado""}","{""alcance"",""lingua"",""inglesa"",""contextos"",""mundo"",""globalizado""}",{},false,https://catalogobncc.github.io/metadados/2022/03/30/efli,Importado dos metadados públicos do Catálogo BNCC. Revisar unidade temática e objeto de conhecimento na planilha oficial BNCC/MEC.
EF07LI22,Ensino Fundamental - Anos Finais,7º ano,Linguagens,Língua Inglesa,,,"Explorar modos de falar em língua inglesa, refutando preconceitos e reconhecendo a variação linguística como fenômeno natural das línguas.","{""explorar"",""modos"",""falar"",""lingua"",""inglesa"",""refutando"",""preconceitos"",""reconhecendo"",""variacao"",""linguistica""}","{""explorar"",""modos"",""falar"",""lingua"",""inglesa"",""refutando""}",{},false,https://catalogobncc.github.io/metadados/2022/03/30/efli,Importado dos metadados públicos do Catálogo BNCC. Revisar unidade temática e objeto de conhecimento na planilha oficial BNCC/MEC.
EF07LI23,Ensino Fundamental - Anos Finais,7º ano,Linguagens,Língua Inglesa,,,Reconhecer a variação linguística como manifestação de formas de pensar e expressar o mundo.,"{""variacao"",""linguistica"",""manifestacao"",""pensar"",""expressar"",""mundo""}","{""variacao"",""linguistica"",""manifestacao"",""pensar"",""expressar"",""mundo""}",{},false,https://catalogobncc.github.io/metadados/2022/03/30/efli,Importado dos metadados públicos do Catálogo BNCC. Revisar unidade temática e objeto de conhecimento na planilha oficial BNCC/MEC.
EF07LP01,Ensino Fundamental - Anos Finais,7º ano,Linguagens,Língua Portuguesa,,,"Distinguir diferentes propostas editoriais – sensacionalismo, jornalismo investigativo etc. –, de forma a identificar os recursos utilizados para impactar/chocar o leitor que podem comprometer uma análise crítica da notícia e do fato noticiado.","{""distinguir"",""propostas"",""editoriais"",""sensacionalismo"",""jornalismo"",""investigativo"",""recursos"",""utilizados"",""impactar"",""chocar""}","{""distinguir"",""propostas"",""editoriais"",""sensacionalismo"",""jornalismo"",""investigativo""}",{},false,https://catalogobncc.github.io/metadados/2022/03/30/eflp,Importado dos metadados públicos do Catálogo BNCC. Revisar unidade temática e objeto de conhecimento na planilha oficial BNCC/MEC.
EF07LP02,Ensino Fundamental - Anos Finais,7º ano,Linguagens,Língua Portuguesa,,,"Comparar notícias e reportagens sobre um mesmo fato divulgadas em diferentes mídias, analisando as especificidades das mídias, os processos de (re)elaboração dos textos e a convergência das mídias em notícias ou reportagens multissemióticas.","{""noticias"",""reportagens"",""mesmo"",""divulgadas"",""midias"",""analisando"",""especificidades"",""processos"",""elaboracao"",""textos""}","{""noticias"",""reportagens"",""mesmo"",""divulgadas"",""midias"",""analisando""}","{""tecnologia""}",false,https://catalogobncc.github.io/metadados/2022/03/30/eflp,Importado dos metadados públicos do Catálogo BNCC. Revisar unidade temática e objeto de conhecimento na planilha oficial BNCC/MEC.
EF07LP03,Ensino Fundamental - Anos Finais,7º ano,Linguagens,Língua Portuguesa,,,"Formar, com base em palavras primitivas, palavras derivadas com os prefixos e sufixos mais produtivos no português.","{""formar"",""palavras"",""primitivas"",""derivadas"",""prefixos"",""sufixos"",""produtivos"",""portugues""}","{""formar"",""palavras"",""primitivas"",""derivadas"",""prefixos"",""sufixos""}",{},false,https://catalogobncc.github.io/metadados/2022/03/30/eflp,Importado dos metadados públicos do Catálogo BNCC. Revisar unidade temática e objeto de conhecimento na planilha oficial BNCC/MEC.
EF07LP04,Ensino Fundamental - Anos Finais,7º ano,Linguagens,Língua Portuguesa,,,"Reconhecer, em textos, o verbo como o núcleo das orações.","{""textos"",""verbo"",""nucleo"",""oracoes""}","{""textos"",""verbo"",""nucleo"",""oracoes""}",{},false,https://catalogobncc.github.io/metadados/2022/03/30/eflp,Importado dos metadados públicos do Catálogo BNCC. Revisar unidade temática e objeto de conhecimento na planilha oficial BNCC/MEC.
EF07LP05,Ensino Fundamental - Anos Finais,7º ano,Linguagens,Língua Portuguesa,,,"Identificar, em orações de textos lidos ou de produção própria, verbos de predicação completa e incompleta: intransitivos e transitivos.","{""oracoes"",""textos"",""lidos"",""producao"",""propria"",""verbos"",""predicacao"",""completa"",""incompleta"",""intransitivos""}","{""oracoes"",""textos"",""lidos"",""producao"",""propria"",""verbos""}",{},false,https://catalogobncc.github.io/metadados/2022/03/30/eflp,Importado dos metadados públicos do Catálogo BNCC. Revisar unidade temática e objeto de conhecimento na planilha oficial BNCC/MEC.
EF07LP06,Ensino Fundamental - Anos Finais,7º ano,Linguagens,Língua Portuguesa,,,Empregar as regras básicas de concordância nominal e verbal em situações comunicativas e na produção de textos.,"{""empregar"",""regras"",""basicas"",""concordancia"",""nominal"",""verbal"",""situacoes"",""comunicativas"",""producao"",""textos""}","{""empregar"",""regras"",""basicas"",""concordancia"",""nominal"",""verbal""}",{},false,https://catalogobncc.github.io/metadados/2022/03/30/eflp,Importado dos metadados públicos do Catálogo BNCC. Revisar unidade temática e objeto de conhecimento na planilha oficial BNCC/MEC.
EF07LP07,Ensino Fundamental - Anos Finais,7º ano,Linguagens,Língua Portuguesa,,,"Identificar, em textos lidos ou de produção própria, a estrutura básica da oração: sujeito, predicado, complemento (objetos direto e indireto).","{""textos"",""lidos"",""producao"",""propria"",""estrutura"",""basica"",""oracao"",""sujeito"",""predicado"",""complemento""}","{""textos"",""lidos"",""producao"",""propria"",""estrutura"",""basica""}","{""engenharia""}",false,https://catalogobncc.github.io/metadados/2022/03/30/eflp,Importado dos metadados públicos do Catálogo BNCC. Revisar unidade temática e objeto de conhecimento na planilha oficial BNCC/MEC.
EF07LP08,Ensino Fundamental - Anos Finais,7º ano,Linguagens,Língua Portuguesa,,,"Identificar, em textos lidos ou de produção própria, adjetivos que ampliam o sentido do substantivo sujeito ou complemento verbal.","{""textos"",""lidos"",""producao"",""propria"",""adjetivos"",""ampliam"",""sentido"",""substantivo"",""sujeito"",""complemento""}","{""textos"",""lidos"",""producao"",""propria"",""adjetivos"",""ampliam""}",{},false,https://catalogobncc.github.io/metadados/2022/03/30/eflp,Importado dos metadados públicos do Catálogo BNCC. Revisar unidade temática e objeto de conhecimento na planilha oficial BNCC/MEC.
EF07LP09,Ensino Fundamental - Anos Finais,7º ano,Linguagens,Língua Portuguesa,,,"Identificar, em textos lidos ou de produção própria, advérbios e locuções adverbiais que ampliam o sentido do verbo núcleo da oração.","{""textos"",""lidos"",""producao"",""propria"",""adverbios"",""locucoes"",""adverbiais"",""ampliam"",""sentido"",""verbo""}","{""textos"",""lidos"",""producao"",""propria"",""adverbios"",""locucoes""}",{},false,https://catalogobncc.github.io/metadados/2022/03/30/eflp,Importado dos metadados públicos do Catálogo BNCC. Revisar unidade temática e objeto de conhecimento na planilha oficial BNCC/MEC.
EF07LP10,Ensino Fundamental - Anos Finais,7º ano,Linguagens,Língua Portuguesa,,,"Utilizar, ao produzir texto, conhecimentos linguísticos e gramaticais: modos e tempos verbais, concordância nominal e verbal, pontuação etc.","{""utilizar"",""texto"",""conhecimentos"",""linguisticos"",""gramaticais"",""modos"",""tempos"",""verbais"",""concordancia"",""nominal""}","{""utilizar"",""texto"",""conhecimentos"",""linguisticos"",""gramaticais"",""modos""}",{},true,https://catalogobncc.github.io/metadados/2022/03/30/eflp,Importado dos metadados públicos do Catálogo BNCC. Revisar unidade temática e objeto de conhecimento na planilha oficial BNCC/MEC.
EF07LP11,Ensino Fundamental - Anos Finais,7º ano,Linguagens,Língua Portuguesa,,,"Identificar, em textos lidos ou de produção própria, períodos compostos nos quais duas orações são conectadas por vírgula, ou por conjunções que expressem soma de sentido (conjunção “e”) ou oposição de sentidos (conjunções “mas”, “porém”).","{""textos"",""lidos"",""producao"",""propria"",""periodos"",""compostos"",""quais"",""oracoes"",""conectadas"",""virgula""}","{""textos"",""lidos"",""producao"",""propria"",""periodos"",""compostos""}",{},false,https://catalogobncc.github.io/metadados/2022/03/30/eflp,Importado dos metadados públicos do Catálogo BNCC. Revisar unidade temática e objeto de conhecimento na planilha oficial BNCC/MEC.
EF07LP12,Ensino Fundamental - Anos Finais,7º ano,Linguagens,Língua Portuguesa,,,"Reconhecer recursos de coesão referencial: substituições lexicais (de substantivos por sinônimos) ou pronominais (uso de pronomes anafóricos – pessoais, possessivos, demonstrativos).","{""recursos"",""coesao"",""referencial"",""substituicoes"",""lexicais"",""substantivos"",""sinonimos"",""pronominais"",""pronomes"",""anaforicos""}","{""recursos"",""coesao"",""referencial"",""substituicoes"",""lexicais"",""substantivos""}",{},false,https://catalogobncc.github.io/metadados/2022/03/30/eflp,Importado dos metadados públicos do Catálogo BNCC. Revisar unidade temática e objeto de conhecimento na planilha oficial BNCC/MEC.
EF07LP13,Ensino Fundamental - Anos Finais,7º ano,Linguagens,Língua Portuguesa,,,"Estabelecer relações entre partes do texto, identificando substituições lexicais (de substantivos por sinônimos) ou pronominais (uso de pronomes anafóricos – pessoais, possessivos, demonstrativos), que contribuem para a continuidade do texto.","{""estabelecer"",""relacoes"",""partes"",""texto"",""identificando"",""substituicoes"",""lexicais"",""substantivos"",""sinonimos"",""pronominais""}","{""estabelecer"",""relacoes"",""partes"",""texto"",""identificando"",""substituicoes""}","{""artes""}",false,https://catalogobncc.github.io/metadados/2022/03/30/eflp,Importado dos metadados públicos do Catálogo BNCC. Revisar unidade temática e objeto de conhecimento na planilha oficial BNCC/MEC.
EF07LP14,Ensino Fundamental - Anos Finais,7º ano,Linguagens,Língua Portuguesa,,,"Identificar, em textos, os efeitos de sentido do uso de estratégias de modalização e argumentatividade.","{""textos"",""efeitos"",""sentido"",""estrategias"",""modalizacao"",""argumentatividade""}","{""textos"",""efeitos"",""sentido"",""estrategias"",""modalizacao"",""argumentatividade""}","{""ciencia""}",false,https://catalogobncc.github.io/metadados/2022/03/30/eflp,Importado dos metadados públicos do Catálogo BNCC. Revisar unidade temática e objeto de conhecimento na planilha oficial BNCC/MEC.
EF07MA01,Ensino Fundamental - Anos Finais,7º ano,Matemática,Matemática,,,"Resolver e elaborar problemas com números naturais, envolvendo as noções de divisor e de múltiplo, podendo incluir máximo divisor comum ou mínimo múltiplo comum, por meio de estratégias diversas, sem a aplicação de algoritmos.","{""problemas"",""numeros"",""naturais"",""envolvendo"",""nocoes"",""divisor"",""multiplo"",""podendo"",""incluir"",""maximo""}","{""problemas"",""numeros"",""naturais"",""envolvendo"",""nocoes"",""divisor""}","{""matematica""}",true,https://catalogobncc.github.io/metadados/2022/03/30/efma,Importado dos metadados públicos do Catálogo BNCC. Revisar unidade temática e objeto de conhecimento na planilha oficial BNCC/MEC.
EF07MA02,Ensino Fundamental - Anos Finais,7º ano,Matemática,Matemática,,,"Resolver e elaborar problemas que envolvam porcentagens, como os que lidam com acréscimos e decréscimos simples, utilizando estratégias pessoais, cálculo mental e calculadora, no contexto de educação financeira, entre outros.","{""problemas"",""envolvam"",""porcentagens"",""lidam"",""acrescimos"",""decrescimos"",""simples"",""estrategias"",""pessoais"",""calculo""}","{""problemas"",""envolvam"",""porcentagens"",""lidam"",""acrescimos"",""decrescimos""}","{""matematica""}",true,https://catalogobncc.github.io/metadados/2022/03/30/efma,Importado dos metadados públicos do Catálogo BNCC. Revisar unidade temática e objeto de conhecimento na planilha oficial BNCC/MEC.
EF07MA03,Ensino Fundamental - Anos Finais,7º ano,Matemática,Matemática,,,"Comparar e ordenar números inteiros em diferentes contextos, incluindo o histórico, associá-los a pontos da reta numérica e utilizá-los em situações que envolvam adição e subtração.","{""ordenar"",""numeros"",""inteiros"",""contextos"",""incluindo"",""historico"",""associa"",""pontos"",""numerica"",""utiliza""}","{""ordenar"",""numeros"",""inteiros"",""contextos"",""incluindo"",""historico""}","{""matematica""}",false,https://catalogobncc.github.io/metadados/2022/03/30/efma,Importado dos metadados públicos do Catálogo BNCC. Revisar unidade temática e objeto de conhecimento na planilha oficial BNCC/MEC.
EF07MA04,Ensino Fundamental - Anos Finais,7º ano,Matemática,Matemática,,,Resolver e elaborar problemas que envolvam operações com números inteiros.,"{""problemas"",""envolvam"",""operacoes"",""numeros"",""inteiros""}","{""problemas"",""envolvam"",""operacoes"",""numeros"",""inteiros""}","{""matematica""}",true,https://catalogobncc.github.io/metadados/2022/03/30/efma,Importado dos metadados públicos do Catálogo BNCC. Revisar unidade temática e objeto de conhecimento na planilha oficial BNCC/MEC.
EF07MA05,Ensino Fundamental - Anos Finais,7º ano,Matemática,Matemática,,,Resolver um mesmo problema utilizando diferentes algoritmos.,"{""mesmo"",""problema"",""algoritmos""}","{""mesmo"",""problema"",""algoritmos""}","{""matematica""}",false,https://catalogobncc.github.io/metadados/2022/03/30/efma,Importado dos metadados públicos do Catálogo BNCC. Revisar unidade temática e objeto de conhecimento na planilha oficial BNCC/MEC.
EF07MA06,Ensino Fundamental - Anos Finais,7º ano,Matemática,Matemática,,,Reconhecer que as resoluções de um grupo de problemas que têm a mesma estrutura podem ser obtidas utilizando os mesmos procedimentos.,"{""resolucoes"",""grupo"",""problemas"",""mesma"",""estrutura"",""podem"",""obtidas"",""mesmos"",""procedimentos""}","{""resolucoes"",""grupo"",""problemas"",""mesma"",""estrutura"",""podem""}","{""engenharia"",""matematica""}",false,https://catalogobncc.github.io/metadados/2022/03/30/efma,Importado dos metadados públicos do Catálogo BNCC. Revisar unidade temática e objeto de conhecimento na planilha oficial BNCC/MEC.
EF07MA07,Ensino Fundamental - Anos Finais,7º ano,Matemática,Matemática,,,Representar por meio de um fluxograma os passos utilizados para resolver um grupo de problemas.,"{""representar"",""fluxograma"",""passos"",""utilizados"",""grupo"",""problemas""}","{""representar"",""fluxograma"",""passos"",""utilizados"",""grupo"",""problemas""}","{""matematica""}",true,https://catalogobncc.github.io/metadados/2022/03/30/efma,Importado dos metadados públicos do Catálogo BNCC. Revisar unidade temática e objeto de conhecimento na planilha oficial BNCC/MEC.
EF07MA08,Ensino Fundamental - Anos Finais,7º ano,Matemática,Matemática,,,"Comparar e ordenar frações associadas às ideias de partes de inteiros, resultado da divisão, razão e operador.","{""ordenar"",""fracoes"",""associadas"",""ideias"",""partes"",""inteiros"",""resultado"",""divisao"",""razao"",""operador""}","{""ordenar"",""fracoes"",""associadas"",""ideias"",""partes"",""inteiros""}","{""artes"",""matematica""}",false,https://catalogobncc.github.io/metadados/2022/03/30/efma,Importado dos metadados públicos do Catálogo BNCC. Revisar unidade temática e objeto de conhecimento na planilha oficial BNCC/MEC.
EF07MA09,Ensino Fundamental - Anos Finais,7º ano,Matemática,Matemática,,,"Utilizar, na resolução de problemas, a associação entre razão e fração, como a fração 2/3 para expressar a razão de duas partes de uma grandeza para três partes da mesma ou três partes de outra grandeza.","{""utilizar"",""resolucao"",""problemas"",""associacao"",""razao"",""fracao"",""expressar"",""partes"",""grandeza"",""mesma""}","{""utilizar"",""resolucao"",""problemas"",""associacao"",""razao"",""fracao""}","{""engenharia"",""artes"",""matematica""}",true,https://catalogobncc.github.io/metadados/2022/03/30/efma,Importado dos metadados públicos do Catálogo BNCC. Revisar unidade temática e objeto de conhecimento na planilha oficial BNCC/MEC.
EF07MA10,Ensino Fundamental - Anos Finais,7º ano,Matemática,Matemática,,,Comparar e ordenar números racionais em diferentes contextos e associá-los a pontos da reta numérica.,"{""ordenar"",""numeros"",""racionais"",""contextos"",""associa"",""pontos"",""numerica""}","{""ordenar"",""numeros"",""racionais"",""contextos"",""associa"",""pontos""}","{""matematica""}",false,https://catalogobncc.github.io/metadados/2022/03/30/efma,Importado dos metadados públicos do Catálogo BNCC. Revisar unidade temática e objeto de conhecimento na planilha oficial BNCC/MEC.
EF07MA11,Ensino Fundamental - Anos Finais,7º ano,Matemática,Matemática,,,"Compreender e utilizar a multiplicação e a divisão de números racionais, a relação entre elas e suas propriedades operatórias.","{""utilizar"",""multiplicacao"",""divisao"",""numeros"",""racionais"",""relacao"",""propriedades"",""operatorias""}","{""utilizar"",""multiplicacao"",""divisao"",""numeros"",""racionais"",""relacao""}","{""matematica""}",false,https://catalogobncc.github.io/metadados/2022/03/30/efma,Importado dos metadados públicos do Catálogo BNCC. Revisar unidade temática e objeto de conhecimento na planilha oficial BNCC/MEC.
EF07MA12,Ensino Fundamental - Anos Finais,7º ano,Matemática,Matemática,,,Resolver e elaborar problemas que envolvam as operações com números racionais.,"{""problemas"",""envolvam"",""operacoes"",""numeros"",""racionais""}","{""problemas"",""envolvam"",""operacoes"",""numeros"",""racionais""}","{""matematica""}",true,https://catalogobncc.github.io/metadados/2022/03/30/efma,Importado dos metadados públicos do Catálogo BNCC. Revisar unidade temática e objeto de conhecimento na planilha oficial BNCC/MEC.
EF07MA13,Ensino Fundamental - Anos Finais,7º ano,Matemática,Matemática,,,"Compreender a ideia de variável, representada por letra ou símbolo, para expressar relação entre duas grandezas, diferenciando-a da ideia de incógnita.","{""ideia"",""variavel"",""representada"",""letra"",""simbolo"",""expressar"",""relacao"",""grandezas"",""diferenciando"",""incognita""}","{""ideia"",""variavel"",""representada"",""letra"",""simbolo"",""expressar""}","{""matematica""}",false,https://catalogobncc.github.io/metadados/2022/03/30/efma,Importado dos metadados públicos do Catálogo BNCC. Revisar unidade temática e objeto de conhecimento na planilha oficial BNCC/MEC.
EF07MA14,Ensino Fundamental - Anos Finais,7º ano,Matemática,Matemática,,,"Classificar sequências em recursivas e não recursivas, reconhecendo que o conceito de recursão está presente não apenas na matemática, mas também nas artes e na literatura.","{""classificar"",""sequencias"",""recursivas"",""reconhecendo"",""conceito"",""recursao"",""presente"",""apenas"",""matematica"",""tambem""}","{""classificar"",""sequencias"",""recursivas"",""reconhecendo"",""conceito"",""recursao""}","{""artes"",""matematica""}",false,https://catalogobncc.github.io/metadados/2022/03/30/efma,Importado dos metadados públicos do Catálogo BNCC. Revisar unidade temática e objeto de conhecimento na planilha oficial BNCC/MEC.
EF07MA15,Ensino Fundamental - Anos Finais,7º ano,Matemática,Matemática,,,Utilizar a simbologia algébrica para expressar regularidades encontradas em sequências numéricas.,"{""utilizar"",""simbologia"",""algebrica"",""expressar"",""regularidades"",""encontradas"",""sequencias"",""numericas""}","{""utilizar"",""simbologia"",""algebrica"",""expressar"",""regularidades"",""encontradas""}","{""matematica""}",false,https://catalogobncc.github.io/metadados/2022/03/30/efma,Importado dos metadados públicos do Catálogo BNCC. Revisar unidade temática e objeto de conhecimento na planilha oficial BNCC/MEC.
EF07MA16,Ensino Fundamental - Anos Finais,7º ano,Matemática,Matemática,,,Reconhecer se duas expressões algébricas obtidas para descrever a regularidade de uma mesma sequência numérica são ou não equivalentes.,"{""expressoes"",""algebricas"",""obtidas"",""descrever"",""regularidade"",""mesma"",""sequencia"",""numerica"",""equivalentes""}","{""expressoes"",""algebricas"",""obtidas"",""descrever"",""regularidade"",""mesma""}","{""matematica""}",false,https://catalogobncc.github.io/metadados/2022/03/30/efma,Importado dos metadados públicos do Catálogo BNCC. Revisar unidade temática e objeto de conhecimento na planilha oficial BNCC/MEC.
EF07MA17,Ensino Fundamental - Anos Finais,7º ano,Matemática,Matemática,,,"Resolver e elaborar problemas que envolvam variação de proporcionalidade direta e de proporcionalidade inversa entre duas grandezas, utilizando sentença algébrica para expressar a relação entre elas.","{""problemas"",""envolvam"",""variacao"",""proporcionalidade"",""direta"",""inversa"",""grandezas"",""sentenca"",""algebrica"",""expressar""}","{""problemas"",""envolvam"",""variacao"",""proporcionalidade"",""direta"",""inversa""}","{""matematica""}",true,https://catalogobncc.github.io/metadados/2022/03/30/efma,Importado dos metadados públicos do Catálogo BNCC. Revisar unidade temática e objeto de conhecimento na planilha oficial BNCC/MEC.
EF07MA18,Ensino Fundamental - Anos Finais,7º ano,Matemática,Matemática,,,"Resolver e elaborar problemas que possam ser representados por equações polinomiais de 1º grau, redutíveis à forma ax + b = c, fazendo uso das propriedades da igualdade.","{""problemas"",""possam"",""representados"",""equacoes"",""polinomiais"",""redutiveis"",""fazendo"",""propriedades"",""igualdade""}","{""problemas"",""possam"",""representados"",""equacoes"",""polinomiais"",""redutiveis""}","{""matematica""}",true,https://catalogobncc.github.io/metadados/2022/03/30/efma,Importado dos metadados públicos do Catálogo BNCC. Revisar unidade temática e objeto de conhecimento na planilha oficial BNCC/MEC.
EF07MA19,Ensino Fundamental - Anos Finais,7º ano,Matemática,Matemática,,,"Realizar transformações de polígonos representados no plano cartesiano, decorrentes da multiplicação das coordenadas de seus vértices por um número inteiro.","{""realizar"",""transformacoes"",""poligonos"",""representados"",""plano"",""cartesiano"",""decorrentes"",""multiplicacao"",""coordenadas"",""vertices""}","{""realizar"",""transformacoes"",""poligonos"",""representados"",""plano"",""cartesiano""}","{""artes"",""matematica""}",false,https://catalogobncc.github.io/metadados/2022/03/30/efma,Importado dos metadados públicos do Catálogo BNCC. Revisar unidade temática e objeto de conhecimento na planilha oficial BNCC/MEC.
EF07MA20,Ensino Fundamental - Anos Finais,7º ano,Matemática,Matemática,,,"Reconhecer e representar, no plano cartesiano, o simétrico de figuras em relação aos eixos e à origem.","{""representar"",""plano"",""cartesiano"",""simetrico"",""figuras"",""relacao"",""eixos"",""origem""}","{""representar"",""plano"",""cartesiano"",""simetrico"",""figuras"",""relacao""}","{""artes"",""matematica""}",true,https://catalogobncc.github.io/metadados/2022/03/30/efma,Importado dos metadados públicos do Catálogo BNCC. Revisar unidade temática e objeto de conhecimento na planilha oficial BNCC/MEC.
EF07MA21,Ensino Fundamental - Anos Finais,7º ano,Matemática,Matemática,,,"Reconhecer e construir figuras obtidas por simetrias de translação, rotação e reflexão, usando instrumentos de desenho ou softwares de geometria dinâmica e vincular esse estudo a representações planas de obras de arte, elementos arquitetônicos, entre outros.","{""construir"",""figuras"",""obtidas"",""simetrias"",""translacao"",""rotacao"",""reflexao"",""usando"",""instrumentos"",""desenho""}","{""construir"",""figuras"",""obtidas"",""simetrias"",""translacao"",""rotacao""}","{""tecnologia"",""engenharia"",""artes"",""matematica""}",true,https://catalogobncc.github.io/metadados/2022/03/30/efma,Importado dos metadados públicos do Catálogo BNCC. Revisar unidade temática e objeto de conhecimento na planilha oficial BNCC/MEC.
EF07MA22,Ensino Fundamental - Anos Finais,7º ano,Matemática,Matemática,,,"Construir circunferências, utilizando compasso, reconhecê-las como lugar geométrico e utilizá-las para fazer composições artísticas e resolver problemas que envolvam objetos equidistantes.","{""construir"",""circunferencias"",""compasso"",""reconhece"",""lugar"",""geometrico"",""utiliza"",""fazer"",""composicoes"",""artisticas""}","{""construir"",""circunferencias"",""compasso"",""reconhece"",""lugar"",""geometrico""}","{""engenharia"",""artes"",""matematica""}",true,https://catalogobncc.github.io/metadados/2022/03/30/efma,Importado dos metadados públicos do Catálogo BNCC. Revisar unidade temática e objeto de conhecimento na planilha oficial BNCC/MEC.
EF07MA23,Ensino Fundamental - Anos Finais,7º ano,Matemática,Matemática,,,"Verificar relações entre os ângulos formados por retas paralelas cortadas por uma transversal, com e sem uso de softwares de geometria dinâmica.","{""verificar"",""relacoes"",""angulos"",""formados"",""retas"",""paralelas"",""cortadas"",""transversal"",""softwares"",""geometria""}","{""verificar"",""relacoes"",""angulos"",""formados"",""retas"",""paralelas""}","{""tecnologia"",""matematica""}",false,https://catalogobncc.github.io/metadados/2022/03/30/efma,Importado dos metadados públicos do Catálogo BNCC. Revisar unidade temática e objeto de conhecimento na planilha oficial BNCC/MEC.
EF07MA24,Ensino Fundamental - Anos Finais,7º ano,Matemática,Matemática,,,"Construir triângulos, usando régua e compasso, reconhecer a condição de existência do triângulo quanto à medida dos lados e verificar que a soma das medidas dos ângulos internos de um triângulo é 180°.","{""construir"",""triangulos"",""usando"",""regua"",""compasso"",""condicao"",""existencia"",""triangulo"",""quanto"",""medida""}","{""construir"",""triangulos"",""usando"",""regua"",""compasso"",""condicao""}","{""engenharia"",""matematica""}",true,https://catalogobncc.github.io/metadados/2022/03/30/efma,Importado dos metadados públicos do Catálogo BNCC. Revisar unidade temática e objeto de conhecimento na planilha oficial BNCC/MEC.
EF07MA25,Ensino Fundamental - Anos Finais,7º ano,Matemática,Matemática,,,"Reconhecer a rigidez geométrica dos triângulos e suas aplicações, como na construção de estruturas arquitetônicas (telhados, estruturas metálicas e outras) ou nas artes plásticas.","{""rigidez"",""geometrica"",""triangulos"",""aplicacoes"",""construcao"",""estruturas"",""arquitetonicas"",""telhados"",""metalicas"",""outras""}","{""rigidez"",""geometrica"",""triangulos"",""aplicacoes"",""construcao"",""estruturas""}","{""engenharia"",""artes"",""matematica""}",true,https://catalogobncc.github.io/metadados/2022/03/30/efma,Importado dos metadados públicos do Catálogo BNCC. Revisar unidade temática e objeto de conhecimento na planilha oficial BNCC/MEC.
EF07MA26,Ensino Fundamental - Anos Finais,7º ano,Matemática,Matemática,,,"Descrever, por escrito e por meio de um fluxograma, um algoritmo para a construção de um triângulo qualquer, conhecidas as medidas dos três lados.","{""descrever"",""escrito"",""fluxograma"",""algoritmo"",""construcao"",""triangulo"",""qualquer"",""conhecidas"",""medidas"",""lados""}","{""descrever"",""escrito"",""fluxograma"",""algoritmo"",""construcao"",""triangulo""}","{""engenharia"",""matematica""}",true,https://catalogobncc.github.io/metadados/2022/03/30/efma,Importado dos metadados públicos do Catálogo BNCC. Revisar unidade temática e objeto de conhecimento na planilha oficial BNCC/MEC.
EF07MA27,Ensino Fundamental - Anos Finais,7º ano,Matemática,Matemática,,,"Calcular medidas de ângulos internos de polígonos regulares, sem o uso de fórmulas, e estabelecer relações entre ângulos internos e externos de polígonos, preferencialmente vinculadas à construção de mosaicos e de ladrilhamentos.","{""calcular"",""medidas"",""angulos"",""internos"",""poligonos"",""regulares"",""formulas"",""estabelecer"",""relacoes"",""externos""}","{""calcular"",""medidas"",""angulos"",""internos"",""poligonos"",""regulares""}","{""engenharia"",""matematica""}",true,https://catalogobncc.github.io/metadados/2022/03/30/efma,Importado dos metadados públicos do Catálogo BNCC. Revisar unidade temática e objeto de conhecimento na planilha oficial BNCC/MEC.
EF07MA28,Ensino Fundamental - Anos Finais,7º ano,Matemática,Matemática,,,"Descrever, por escrito e por meio de um fluxograma, um algoritmo para a construção de um polígono regular (como quadrado e triângulo equilátero), conhecida a medida de seu lado.","{""descrever"",""escrito"",""fluxograma"",""algoritmo"",""construcao"",""poligono"",""regular"",""quadrado"",""triangulo"",""equilatero""}","{""descrever"",""escrito"",""fluxograma"",""algoritmo"",""construcao"",""poligono""}","{""engenharia"",""matematica""}",true,https://catalogobncc.github.io/metadados/2022/03/30/efma,Importado dos metadados públicos do Catálogo BNCC. Revisar unidade temática e objeto de conhecimento na planilha oficial BNCC/MEC.
EF07MA29,Ensino Fundamental - Anos Finais,7º ano,Matemática,Matemática,,,"Resolver e elaborar problemas que envolvam medidas de grandezas inseridos em contextos oriundos de situações cotidianas ou de outras áreas do conhecimento, reconhecendo que toda medida empírica é aproximada.","{""problemas"",""envolvam"",""medidas"",""grandezas"",""inseridos"",""contextos"",""oriundos"",""situacoes"",""cotidianas"",""outras""}","{""problemas"",""envolvam"",""medidas"",""grandezas"",""inseridos"",""contextos""}","{""matematica""}",true,https://catalogobncc.github.io/metadados/2022/03/30/efma,Importado dos metadados públicos do Catálogo BNCC. Revisar unidade temática e objeto de conhecimento na planilha oficial BNCC/MEC.
EF07MA30,Ensino Fundamental - Anos Finais,7º ano,Matemática,Matemática,,,"Resolver e elaborar problemas de cálculo de medida do volume de blocos retangulares, envolvendo as unidades usuais (metro cúbico, decímetro cúbico e centímetro cúbico).","{""problemas"",""calculo"",""medida"",""volume"",""blocos"",""retangulares"",""envolvendo"",""unidades"",""usuais"",""metro""}","{""problemas"",""calculo"",""medida"",""volume"",""blocos"",""retangulares""}","{""matematica""}",true,https://catalogobncc.github.io/metadados/2022/03/30/efma,Importado dos metadados públicos do Catálogo BNCC. Revisar unidade temática e objeto de conhecimento na planilha oficial BNCC/MEC.
EF07MA31,Ensino Fundamental - Anos Finais,7º ano,Matemática,Matemática,,,Estabelecer expressões de cálculo de área de triângulos e de quadriláteros.,"{""estabelecer"",""expressoes"",""calculo"",""triangulos"",""quadrilateros""}","{""estabelecer"",""expressoes"",""calculo"",""triangulos"",""quadrilateros""}","{""matematica""}",false,https://catalogobncc.github.io/metadados/2022/03/30/efma,Importado dos metadados públicos do Catálogo BNCC. Revisar unidade temática e objeto de conhecimento na planilha oficial BNCC/MEC.
EF07MA32,Ensino Fundamental - Anos Finais,7º ano,Matemática,Matemática,,,"Resolver e elaborar problemas de cálculo de medida de área de figuras planas que podem ser decompostas por quadrados, retângulos e/ou triângulos, utilizando a equivalência entre áreas.","{""problemas"",""calculo"",""medida"",""figuras"",""planas"",""podem"",""decompostas"",""quadrados"",""retangulos"",""triangulos""}","{""problemas"",""calculo"",""medida"",""figuras"",""planas"",""podem""}","{""matematica""}",true,https://catalogobncc.github.io/metadados/2022/03/30/efma,Importado dos metadados públicos do Catálogo BNCC. Revisar unidade temática e objeto de conhecimento na planilha oficial BNCC/MEC.
EF07MA33,Ensino Fundamental - Anos Finais,7º ano,Matemática,Matemática,,,"Estabelecer o número π como a razão entre a medida de uma circunferência e seu diâmetro, para compreender e resolver problemas, inclusive os de natureza histórica.","{""estabelecer"",""numero"",""razao"",""medida"",""circunferencia"",""diametro"",""problemas"",""inclusive"",""natureza"",""historica""}","{""estabelecer"",""numero"",""razao"",""medida"",""circunferencia"",""diametro""}","{""ciencia"",""matematica""}",false,https://catalogobncc.github.io/metadados/2022/03/30/efma,Importado dos metadados públicos do Catálogo BNCC. Revisar unidade temática e objeto de conhecimento na planilha oficial BNCC/MEC.
EF07MA34,Ensino Fundamental - Anos Finais,7º ano,Matemática,Matemática,,,Planejar e realizar experimentos aleatórios ou simulações que envolvem cálculo de probabilidades ou estimativas por meio de frequência de ocorrências.,"{""planejar"",""realizar"",""experimentos"",""aleatorios"",""simulacoes"",""envolvem"",""calculo"",""probabilidades"",""estimativas"",""frequencia""}","{""planejar"",""realizar"",""experimentos"",""aleatorios"",""simulacoes"",""envolvem""}","{""matematica""}",true,https://catalogobncc.github.io/metadados/2022/03/30/efma,Importado dos metadados públicos do Catálogo BNCC. Revisar unidade temática e objeto de conhecimento na planilha oficial BNCC/MEC.
EF07MA35,Ensino Fundamental - Anos Finais,7º ano,Matemática,Matemática,,,"Compreender, em contextos significativos, o significado de média estatística como indicador da tendência de uma pesquisa, calcular seu valor e relacioná-lo, intuitivamente, com a amplitude do conjunto de dados.","{""contextos"",""significativos"",""significado"",""media"",""estatistica"",""indicador"",""tendencia"",""pesquisa"",""calcular"",""valor""}","{""contextos"",""significativos"",""significado"",""media"",""estatistica"",""indicador""}","{""tecnologia"",""matematica""}",false,https://catalogobncc.github.io/metadados/2022/03/30/efma,Importado dos metadados públicos do Catálogo BNCC. Revisar unidade temática e objeto de conhecimento na planilha oficial BNCC/MEC.
EF07MA36,Ensino Fundamental - Anos Finais,7º ano,Matemática,Matemática,,,"Planejar e realizar pesquisa envolvendo tema da realidade social, identificando a necessidade de ser censitária ou de usar amostra, e interpretar os dados para comunicá-los por meio de relatório escrito, tabelas e gráficos, com o apoio de planilhas eletrônicas.","{""planejar"",""realizar"",""pesquisa"",""envolvendo"",""realidade"",""social"",""identificando"",""necessidade"",""censitaria"",""amostra""}","{""planejar"",""realizar"",""pesquisa"",""envolvendo"",""realidade"",""social""}","{""tecnologia"",""matematica""}",true,https://catalogobncc.github.io/metadados/2022/03/30/efma,Importado dos metadados públicos do Catálogo BNCC. Revisar unidade temática e objeto de conhecimento na planilha oficial BNCC/MEC.
EF07MA37,Ensino Fundamental - Anos Finais,7º ano,Matemática,Matemática,,,Interpretar e analisar dados apresentados em gráfico de setores divulgados pela mídia e compreender quando é possível ou conveniente sua utilização.,"{""interpretar"",""dados"",""apresentados"",""grafico"",""setores"",""divulgados"",""midia"",""quando"",""possivel"",""conveniente""}","{""interpretar"",""dados"",""apresentados"",""grafico"",""setores"",""divulgados""}","{""tecnologia"",""matematica""}",false,https://catalogobncc.github.io/metadados/2022/03/30/efma,Importado dos metadados públicos do Catálogo BNCC. Revisar unidade temática e objeto de conhecimento na planilha oficial BNCC/MEC.
EF08CI01,Ensino Fundamental - Anos Finais,8º ano,Ciências da Natureza,Ciências,,,"Identificar e classificar diferentes fontes (renováveis e não renováveis) e tipos de energia utilizados em residências, comunidades ou cidades.","{""classificar"",""fontes"",""renovaveis"",""tipos"",""energia"",""utilizados"",""residencias"",""comunidades"",""cidades""}","{""classificar"",""fontes"",""renovaveis"",""tipos"",""energia"",""utilizados""}","{""ciencia""}",false,https://catalogobncc.github.io/metadados/2022/03/30/efci,Importado dos metadados públicos do Catálogo BNCC. Revisar unidade temática e objeto de conhecimento na planilha oficial BNCC/MEC.
EF08CI02,Ensino Fundamental - Anos Finais,8º ano,Ciências da Natureza,Ciências,,,"Construir circuitos elétricos com pilha/bateria, fios e lâmpada ou outros dispositivos e compará-los a circuitos elétricos residenciais.","{""construir"",""circuitos"",""eletricos"",""pilha"",""bateria"",""lampada"",""outros"",""dispositivos"",""compara"",""residenciais""}","{""construir"",""circuitos"",""eletricos"",""pilha"",""bateria"",""lampada""}","{""ciencia"",""tecnologia"",""engenharia""}",true,https://catalogobncc.github.io/metadados/2022/03/30/efci,Importado dos metadados públicos do Catálogo BNCC. Revisar unidade temática e objeto de conhecimento na planilha oficial BNCC/MEC.
EF08CI03,Ensino Fundamental - Anos Finais,8º ano,Ciências da Natureza,Ciências,,,"Classificar equipamentos elétricos residenciais (chuveiro, ferro, lâmpadas, TV, rádio, geladeira etc.) de acordo com o tipo de transformação de energia (da energia elétrica para a térmica, luminosa, sonora e mecânica, por exemplo).","{""classificar"",""equipamentos"",""eletricos"",""residenciais"",""chuveiro"",""ferro"",""lampadas"",""radio"",""geladeira"",""acordo""}","{""classificar"",""equipamentos"",""eletricos"",""residenciais"",""chuveiro"",""ferro""}","{""ciencia"",""engenharia""}",false,https://catalogobncc.github.io/metadados/2022/03/30/efci,Importado dos metadados públicos do Catálogo BNCC. Revisar unidade temática e objeto de conhecimento na planilha oficial BNCC/MEC.
EF08CI04,Ensino Fundamental - Anos Finais,8º ano,Ciências da Natureza,Ciências,,,Calcular o consumo de eletrodomésticos a partir dos dados de potência (descritos no próprio equipamento) e tempo médio de uso para avaliar o impacto de cada equipamento no consumo doméstico mensal.,"{""calcular"",""consumo"",""eletrodomesticos"",""dados"",""potencia"",""descritos"",""proprio"",""equipamento"",""tempo"",""medio""}","{""calcular"",""consumo"",""eletrodomesticos"",""dados"",""potencia"",""descritos""}","{""ciencia"",""tecnologia""}",false,https://catalogobncc.github.io/metadados/2022/03/30/efci,Importado dos metadados públicos do Catálogo BNCC. Revisar unidade temática e objeto de conhecimento na planilha oficial BNCC/MEC.
EF08CI05,Ensino Fundamental - Anos Finais,8º ano,Ciências da Natureza,Ciências,,,"Propor ações coletivas para otimizar o uso de energia elétrica em sua escola e/ou comunidade, com base na seleção de equipamentos segundo critérios de sustentabilidade (consumo de energia e eficiência energética) e hábitos de consumo responsável.","{""propor"",""acoes"",""coletivas"",""otimizar"",""energia"",""eletrica"",""escola"",""comunidade"",""selecao"",""equipamentos""}","{""propor"",""acoes"",""coletivas"",""otimizar"",""energia"",""eletrica""}","{""ciencia""}",true,https://catalogobncc.github.io/metadados/2022/03/30/efci,Importado dos metadados públicos do Catálogo BNCC. Revisar unidade temática e objeto de conhecimento na planilha oficial BNCC/MEC.
EF08CI06,Ensino Fundamental - Anos Finais,8º ano,Ciências da Natureza,Ciências,,,"Discutir e avaliar usinas de geração de energia elétrica (termelétricas, hidrelétricas, eólicas etc.), suas semelhanças e diferenças, seus impactos socioambientais, e como essa energia chega e é usada em sua cidade, comunidade, casa ou escola.","{""avaliar"",""usinas"",""geracao"",""energia"",""eletrica"",""termeletricas"",""hidreletricas"",""eolicas"",""semelhancas"",""diferencas""}","{""avaliar"",""usinas"",""geracao"",""energia"",""eletrica"",""termeletricas""}","{""ciencia""}",false,https://catalogobncc.github.io/metadados/2022/03/30/efci,Importado dos metadados públicos do Catálogo BNCC. Revisar unidade temática e objeto de conhecimento na planilha oficial BNCC/MEC.
EF08CI07,Ensino Fundamental - Anos Finais,8º ano,Ciências da Natureza,Ciências,,,Comparar diferentes processos reprodutivos em plantas e animais em relação aos mecanismos adaptativos e evolutivos.,"{""processos"",""reprodutivos"",""plantas"",""animais"",""relacao"",""mecanismos"",""adaptativos"",""evolutivos""}","{""processos"",""reprodutivos"",""plantas"",""animais"",""relacao"",""mecanismos""}","{""ciencia"",""engenharia""}",false,https://catalogobncc.github.io/metadados/2022/03/30/efci,Importado dos metadados públicos do Catálogo BNCC. Revisar unidade temática e objeto de conhecimento na planilha oficial BNCC/MEC.
EF08CI08,Ensino Fundamental - Anos Finais,8º ano,Ciências da Natureza,Ciências,,,Analisar e explicar as transformações que ocorrem na puberdade considerando a atuação dos hormônios sexuais e do sistema nervoso.,"{""explicar"",""transformacoes"",""ocorrem"",""puberdade"",""considerando"",""atuacao"",""hormonios"",""sexuais"",""sistema"",""nervoso""}","{""explicar"",""transformacoes"",""ocorrem"",""puberdade"",""considerando"",""atuacao""}","{""ciencia""}",false,https://catalogobncc.github.io/metadados/2022/03/30/efci,Importado dos metadados públicos do Catálogo BNCC. Revisar unidade temática e objeto de conhecimento na planilha oficial BNCC/MEC.
EF08CI09,Ensino Fundamental - Anos Finais,8º ano,Ciências da Natureza,Ciências,,,Comparar o modo de ação e a eficácia dos diversos métodos contraceptivos e justificar a necessidade de compartilhar a responsabilidade na escolha e na utilização do método mais adequado à prevenção da gravidez precoce e indesejada e de Doenças Sexualmente Transmissíveis (DST).,"{""eficacia"",""metodos"",""contraceptivos"",""justificar"",""necessidade"",""compartilhar"",""responsabilidade"",""escolha"",""utilizacao"",""metodo""}","{""eficacia"",""metodos"",""contraceptivos"",""justificar"",""necessidade"",""compartilhar""}","{""ciencia""}",false,https://catalogobncc.github.io/metadados/2022/03/30/efci,Importado dos metadados públicos do Catálogo BNCC. Revisar unidade temática e objeto de conhecimento na planilha oficial BNCC/MEC.
EF08CI10,Ensino Fundamental - Anos Finais,8º ano,Ciências da Natureza,Ciências,,,"Identificar os principais sintomas, modos de transmissão e tratamento de algumas DST (com ênfase na AIDS), e discutir estratégias e métodos de prevenção.","{""principais"",""sintomas"",""modos"",""transmissao"",""tratamento"",""algumas"",""enfase"",""estrategias"",""metodos"",""prevencao""}","{""principais"",""sintomas"",""modos"",""transmissao"",""tratamento"",""algumas""}","{""ciencia""}",false,https://catalogobncc.github.io/metadados/2022/03/30/efci,Importado dos metadados públicos do Catálogo BNCC. Revisar unidade temática e objeto de conhecimento na planilha oficial BNCC/MEC.
EF08CI11,Ensino Fundamental - Anos Finais,8º ano,Ciências da Natureza,Ciências,,,"Selecionar argumentos que evidenciem as múltiplas dimensões da sexualidade humana (biológica, sociocultural, afetiva e ética).","{""selecionar"",""argumentos"",""evidenciem"",""multiplas"",""dimensoes"",""sexualidade"",""humana"",""biologica"",""sociocultural"",""afetiva""}","{""selecionar"",""argumentos"",""evidenciem"",""multiplas"",""dimensoes"",""sexualidade""}","{""ciencia"",""artes""}",false,https://catalogobncc.github.io/metadados/2022/03/30/efci,Importado dos metadados públicos do Catálogo BNCC. Revisar unidade temática e objeto de conhecimento na planilha oficial BNCC/MEC.
EF08CI12,Ensino Fundamental - Anos Finais,8º ano,Ciências da Natureza,Ciências,,,"Justificar, por meio da construção de modelos e da observação da Lua no céu, a ocorrência das fases da Lua e dos eclipses, com base nas posições relativas entre Sol, Terra e Lua.","{""justificar"",""construcao"",""modelos"",""observacao"",""ocorrencia"",""fases"",""eclipses"",""posicoes"",""relativas"",""terra""}","{""justificar"",""construcao"",""modelos"",""observacao"",""ocorrencia"",""fases""}","{""ciencia"",""engenharia""}",true,https://catalogobncc.github.io/metadados/2022/03/30/efci,Importado dos metadados públicos do Catálogo BNCC. Revisar unidade temática e objeto de conhecimento na planilha oficial BNCC/MEC.
EF08CI13,Ensino Fundamental - Anos Finais,8º ano,Ciências da Natureza,Ciências,,,"Representar os movimentos de rotação e translação da Terra e analisar o papel da inclinação do eixo de rotação da Terra em relação à sua órbita na ocorrência das estações do ano, com a utilização de modelos tridimensionais.","{""representar"",""movimentos"",""rotacao"",""translacao"",""terra"",""papel"",""inclinacao"",""relacao"",""orbita"",""ocorrencia""}","{""representar"",""movimentos"",""rotacao"",""translacao"",""terra"",""papel""}","{""ciencia""}",true,https://catalogobncc.github.io/metadados/2022/03/30/efci,Importado dos metadados públicos do Catálogo BNCC. Revisar unidade temática e objeto de conhecimento na planilha oficial BNCC/MEC.
EF08CI14,Ensino Fundamental - Anos Finais,8º ano,Ciências da Natureza,Ciências,,,Relacionar climas regionais aos padrões de circulação atmosférica e oceânica e ao aquecimento desigual causado pela forma e pelos movimentos da Terra.,"{""relacionar"",""climas"",""regionais"",""padroes"",""circulacao"",""atmosferica"",""oceanica"",""aquecimento"",""desigual"",""causado""}","{""relacionar"",""climas"",""regionais"",""padroes"",""circulacao"",""atmosferica""}","{""ciencia""}",false,https://catalogobncc.github.io/metadados/2022/03/30/efci,Importado dos metadados públicos do Catálogo BNCC. Revisar unidade temática e objeto de conhecimento na planilha oficial BNCC/MEC.
EF08CI15,Ensino Fundamental - Anos Finais,8º ano,Ciências da Natureza,Ciências,,,Identificar as principais variáveis envolvidas na previsão do tempo e simular situações nas quais elas possam ser medidas.,"{""principais"",""variaveis"",""envolvidas"",""previsao"",""tempo"",""simular"",""situacoes"",""quais"",""possam"",""medidas""}","{""principais"",""variaveis"",""envolvidas"",""previsao"",""tempo"",""simular""}","{""ciencia"",""matematica""}",false,https://catalogobncc.github.io/metadados/2022/03/30/efci,Importado dos metadados públicos do Catálogo BNCC. Revisar unidade temática e objeto de conhecimento na planilha oficial BNCC/MEC.
EF08CI16,Ensino Fundamental - Anos Finais,8º ano,Ciências da Natureza,Ciências,,,Discutir iniciativas que contribuam para restabelecer o equilíbrio ambiental a partir da identificação de alterações climáticas regionais e globais provocadas pela intervenção humana.,"{""iniciativas"",""contribuam"",""restabelecer"",""equilibrio"",""ambiental"",""identificacao"",""alteracoes"",""climaticas"",""regionais"",""globais""}","{""iniciativas"",""contribuam"",""restabelecer"",""equilibrio"",""ambiental"",""identificacao""}","{""ciencia""}",false,https://catalogobncc.github.io/metadados/2022/03/30/efci,Importado dos metadados públicos do Catálogo BNCC. Revisar unidade temática e objeto de conhecimento na planilha oficial BNCC/MEC.
EF08ER01,Ensino Fundamental - Anos Finais,8º ano,Ensino Religioso,Ensino Religioso,,,Discutir como as crenças e convicções podem influenciar escolhas e atitudes pessoais e coletivas.,"{""crencas"",""conviccoes"",""podem"",""influenciar"",""escolhas"",""atitudes"",""pessoais"",""coletivas""}","{""crencas"",""conviccoes"",""podem"",""influenciar"",""escolhas"",""atitudes""}",{},false,https://catalogobncc.github.io/metadados/2022/03/30/efer,Importado dos metadados públicos do Catálogo BNCC. Revisar unidade temática e objeto de conhecimento na planilha oficial BNCC/MEC.
EF08ER02,Ensino Fundamental - Anos Finais,8º ano,Ensino Religioso,Ensino Religioso,,,"Analisar filosofias de vida, manifestações e tradições religiosas destacando seus princípios éticos.","{""filosofias"",""manifestacoes"",""tradicoes"",""religiosas"",""destacando"",""principios"",""eticos""}","{""filosofias"",""manifestacoes"",""tradicoes"",""religiosas"",""destacando"",""principios""}","{""ciencia""}",false,https://catalogobncc.github.io/metadados/2022/03/30/efer,Importado dos metadados públicos do Catálogo BNCC. Revisar unidade temática e objeto de conhecimento na planilha oficial BNCC/MEC.
EF08ER03,Ensino Fundamental - Anos Finais,8º ano,Ensino Religioso,Ensino Religioso,,,"Analisar doutrinas das diferentes tradições religiosas e suas concepções de mundo, vida e morte.","{""doutrinas"",""tradicoes"",""religiosas"",""concepcoes"",""mundo"",""morte""}","{""doutrinas"",""tradicoes"",""religiosas"",""concepcoes"",""mundo"",""morte""}","{""ciencia""}",false,https://catalogobncc.github.io/metadados/2022/03/30/efer,Importado dos metadados públicos do Catálogo BNCC. Revisar unidade temática e objeto de conhecimento na planilha oficial BNCC/MEC.
EF08ER04,Ensino Fundamental - Anos Finais,8º ano,Ensino Religioso,Ensino Religioso,,,"Discutir como filosofias de vida, tradições e instituições religiosas podem influenciar diferentes campos da esfera pública (política, saúde, educação, economia).","{""filosofias"",""tradicoes"",""instituicoes"",""religiosas"",""podem"",""influenciar"",""campos"",""esfera"",""publica"",""politica""}","{""filosofias"",""tradicoes"",""instituicoes"",""religiosas"",""podem"",""influenciar""}","{""ciencia""}",false,https://catalogobncc.github.io/metadados/2022/03/30/efer,Importado dos metadados públicos do Catálogo BNCC. Revisar unidade temática e objeto de conhecimento na planilha oficial BNCC/MEC.
EF08ER05,Ensino Fundamental - Anos Finais,8º ano,Ensino Religioso,Ensino Religioso,,,Debater sobre as possibilidades e os limites da interferência das tradições religiosas na esfera pública.,"{""debater"",""possibilidades"",""limites"",""interferencia"",""tradicoes"",""religiosas"",""esfera"",""publica""}","{""debater"",""possibilidades"",""limites"",""interferencia"",""tradicoes"",""religiosas""}",{},false,https://catalogobncc.github.io/metadados/2022/03/30/efer,Importado dos metadados públicos do Catálogo BNCC. Revisar unidade temática e objeto de conhecimento na planilha oficial BNCC/MEC.
EF08ER06,Ensino Fundamental - Anos Finais,8º ano,Ensino Religioso,Ensino Religioso,,,"Analisar práticas, projetos e políticas públicas que contribuem para a promoção da liberdade de pensamento, crenças e convicções.","{""praticas"",""projetos"",""politicas"",""publicas"",""contribuem"",""promocao"",""liberdade"",""pensamento"",""crencas"",""conviccoes""}","{""praticas"",""projetos"",""politicas"",""publicas"",""contribuem"",""promocao""}","{""engenharia""}",false,https://catalogobncc.github.io/metadados/2022/03/30/efer,Importado dos metadados públicos do Catálogo BNCC. Revisar unidade temática e objeto de conhecimento na planilha oficial BNCC/MEC.
EF08ER07,Ensino Fundamental - Anos Finais,8º ano,Ensino Religioso,Ensino Religioso,,,Analisar as formas de uso das mídias e tecnologias pelas diferentes denominações religiosas.,"{""midias"",""tecnologias"",""pelas"",""denominacoes"",""religiosas""}","{""midias"",""tecnologias"",""pelas"",""denominacoes"",""religiosas""}","{""tecnologia""}",false,https://catalogobncc.github.io/metadados/2022/03/30/efer,Importado dos metadados públicos do Catálogo BNCC. Revisar unidade temática e objeto de conhecimento na planilha oficial BNCC/MEC.
EF08GE01,Ensino Fundamental - Anos Finais,8º ano,Ciências Humanas,Geografia,,,"Descrever as rotas de dispersão da população humana pelo planeta e os principais fluxos migratórios em diferentes períodos da história, discutindo os fatores históricos e condicionantes físico-naturais associados à distribuição da população humana pelos continentes.","{""descrever"",""rotas"",""dispersao"",""populacao"",""humana"",""planeta"",""principais"",""fluxos"",""migratorios"",""periodos""}","{""descrever"",""rotas"",""dispersao"",""populacao"",""humana"",""planeta""}",{},false,https://catalogobncc.github.io/metadados/2022/03/30/efge,Importado dos metadados públicos do Catálogo BNCC. Revisar unidade temática e objeto de conhecimento na planilha oficial BNCC/MEC.
EF08GE02,Ensino Fundamental - Anos Finais,8º ano,Ciências Humanas,Geografia,,,"Relacionar fatos e situações representativas da história das famílias do Município em que se localiza a escola, considerando a diversidade e os fluxos migratórios da população mundial.","{""relacionar"",""fatos"",""situacoes"",""representativas"",""historia"",""familias"",""municipio"",""localiza"",""escola"",""considerando""}","{""relacionar"",""fatos"",""situacoes"",""representativas"",""historia"",""familias""}",{},false,https://catalogobncc.github.io/metadados/2022/03/30/efge,Importado dos metadados públicos do Catálogo BNCC. Revisar unidade temática e objeto de conhecimento na planilha oficial BNCC/MEC.
EF08GE03,Ensino Fundamental - Anos Finais,8º ano,Ciências Humanas,Geografia,,,"Analisar aspectos representativos da dinâmica demográfica, considerando características da população (perfil etário, crescimento vegetativo e mobilidade espacial).","{""aspectos"",""representativos"",""dinamica"",""demografica"",""considerando"",""caracteristicas"",""populacao"",""perfil"",""etario"",""crescimento""}","{""aspectos"",""representativos"",""dinamica"",""demografica"",""considerando"",""caracteristicas""}",{},false,https://catalogobncc.github.io/metadados/2022/03/30/efge,Importado dos metadados públicos do Catálogo BNCC. Revisar unidade temática e objeto de conhecimento na planilha oficial BNCC/MEC.
EF08GE04,Ensino Fundamental - Anos Finais,8º ano,Ciências Humanas,Geografia,,,"Compreender os fluxos de migração na América Latina (movimentos voluntários e forçados, assim como fatores e áreas de expulsão e atração) e as principais políticas migratórias da região.","{""fluxos"",""migracao"",""america"",""latina"",""movimentos"",""voluntarios"",""forcados"",""assim"",""fatores"",""areas""}","{""fluxos"",""migracao"",""america"",""latina"",""movimentos"",""voluntarios""}",{},false,https://catalogobncc.github.io/metadados/2022/03/30/efge,Importado dos metadados públicos do Catálogo BNCC. Revisar unidade temática e objeto de conhecimento na planilha oficial BNCC/MEC.
EF08GE05,Ensino Fundamental - Anos Finais,8º ano,Ciências Humanas,Geografia,,,"Aplicar os conceitos de Estado, nação, território, governo e país para o entendimento de conflitos e tensões na contemporaneidade, com destaque para as situações geopolíticas na América e na África e suas múltiplas regionalizações a partir do pós-guerra.","{""aplicar"",""conceitos"",""estado"",""nacao"",""territorio"",""governo"",""entendimento"",""conflitos"",""tensoes"",""contemporaneidade""}","{""aplicar"",""conceitos"",""estado"",""nacao"",""territorio"",""governo""}",{},false,https://catalogobncc.github.io/metadados/2022/03/30/efge,Importado dos metadados públicos do Catálogo BNCC. Revisar unidade temática e objeto de conhecimento na planilha oficial BNCC/MEC.
EF08GE06,Ensino Fundamental - Anos Finais,8º ano,Ciências Humanas,Geografia,,,"Analisar a atuação das organizações mundiais nos processos de integração cultural e econômica nos contextos americano e africano, reconhecendo, em seus lugares de vivência, marcas desses processos.","{""atuacao"",""organizacoes"",""mundiais"",""processos"",""integracao"",""cultural"",""economica"",""contextos"",""americano"",""africano""}","{""atuacao"",""organizacoes"",""mundiais"",""processos"",""integracao"",""cultural""}","{""artes""}",false,https://catalogobncc.github.io/metadados/2022/03/30/efge,Importado dos metadados públicos do Catálogo BNCC. Revisar unidade temática e objeto de conhecimento na planilha oficial BNCC/MEC.
EF08GE07,Ensino Fundamental - Anos Finais,8º ano,Ciências Humanas,Geografia,,,"Analisar os impactos geoeconômicos, geoestratégicos e geopolíticos da ascensão dos Estados Unidos da América no cenário internacional em sua posição de liderança global e na relação com a China e o Brasil.","{""impactos"",""geoeconomicos"",""geoestrategicos"",""geopoliticos"",""ascensao"",""estados"",""unidos"",""america"",""cenario"",""internacional""}","{""impactos"",""geoeconomicos"",""geoestrategicos"",""geopoliticos"",""ascensao"",""estados""}",{},false,https://catalogobncc.github.io/metadados/2022/03/30/efge,Importado dos metadados públicos do Catálogo BNCC. Revisar unidade temática e objeto de conhecimento na planilha oficial BNCC/MEC.
EF08GE08,Ensino Fundamental - Anos Finais,8º ano,Ciências Humanas,Geografia,,,"Analisar a situação do Brasil e de outros países da América Latina e da África, assim como da potência estadunidense na ordem mundial do pós-guerra.","{""situacao"",""brasil"",""outros"",""paises"",""america"",""latina"",""africa"",""assim"",""potencia"",""estadunidense""}","{""situacao"",""brasil"",""outros"",""paises"",""america"",""latina""}",{},false,https://catalogobncc.github.io/metadados/2022/03/30/efge,Importado dos metadados públicos do Catálogo BNCC. Revisar unidade temática e objeto de conhecimento na planilha oficial BNCC/MEC.
EF08GE09,Ensino Fundamental - Anos Finais,8º ano,Ciências Humanas,Geografia,,,"Analisar os padrões econômicos mundiais de produção, distribuição e intercâmbio dos produtos agrícolas e industrializados, tendo como referência os Estados Unidos da América e os países denominados de Brics (Brasil, Rússia, Índia, China e África do Sul).","{""padroes"",""economicos"",""mundiais"",""producao"",""distribuicao"",""intercambio"",""produtos"",""agricolas"",""industrializados"",""tendo""}","{""padroes"",""economicos"",""mundiais"",""producao"",""distribuicao"",""intercambio""}",{},false,https://catalogobncc.github.io/metadados/2022/03/30/efge,Importado dos metadados públicos do Catálogo BNCC. Revisar unidade temática e objeto de conhecimento na planilha oficial BNCC/MEC.
EF08GE10,Ensino Fundamental - Anos Finais,8º ano,Ciências Humanas,Geografia,,,"Distinguir e analisar conflitos e ações dos movimentos sociais brasileiros, no campo e na cidade, comparando com outros movimentos sociais existentes nos países latino-americanos.","{""distinguir"",""conflitos"",""acoes"",""movimentos"",""sociais"",""brasileiros"",""campo"",""cidade"",""comparando"",""outros""}","{""distinguir"",""conflitos"",""acoes"",""movimentos"",""sociais"",""brasileiros""}",{},false,https://catalogobncc.github.io/metadados/2022/03/30/efge,Importado dos metadados públicos do Catálogo BNCC. Revisar unidade temática e objeto de conhecimento na planilha oficial BNCC/MEC.
EF08GE11,Ensino Fundamental - Anos Finais,8º ano,Ciências Humanas,Geografia,,,Analisar áreas de conflito e tensões nas regiões de fronteira do continente latino-americano e o papel de organismos internacionais e regionais de cooperação nesses cenários.,"{""areas"",""conflito"",""tensoes"",""regioes"",""fronteira"",""continente"",""latino"",""americano"",""papel"",""organismos""}","{""areas"",""conflito"",""tensoes"",""regioes"",""fronteira"",""continente""}",{},false,https://catalogobncc.github.io/metadados/2022/03/30/efge,Importado dos metadados públicos do Catálogo BNCC. Revisar unidade temática e objeto de conhecimento na planilha oficial BNCC/MEC.
EF08GE12,Ensino Fundamental - Anos Finais,8º ano,Ciências Humanas,Geografia,,,"Compreender os objetivos e analisar a importância dos organismos de integração do território americano (Mercosul, OEA, OEI, Nafta, Unasul, Alba, Comunidade Andina, Aladi, entre outros).","{""objetivos"",""importancia"",""organismos"",""integracao"",""territorio"",""americano"",""mercosul"",""nafta"",""unasul"",""comunidade""}","{""objetivos"",""importancia"",""organismos"",""integracao"",""territorio"",""americano""}",{},false,https://catalogobncc.github.io/metadados/2022/03/30/efge,Importado dos metadados públicos do Catálogo BNCC. Revisar unidade temática e objeto de conhecimento na planilha oficial BNCC/MEC.
EF08GE13,Ensino Fundamental - Anos Finais,8º ano,Ciências Humanas,Geografia,,,Analisar a influência do desenvolvimento científico e tecnológico na caracterização dos tipos de trabalho e na economia dos espaços urbanos e rurais da América e da África.,"{""influencia"",""desenvolvimento"",""cientifico"",""tecnologico"",""caracterizacao"",""tipos"",""trabalho"",""economia"",""espacos"",""urbanos""}","{""influencia"",""desenvolvimento"",""cientifico"",""tecnologico"",""caracterizacao"",""tipos""}","{""ciencia"",""tecnologia""}",false,https://catalogobncc.github.io/metadados/2022/03/30/efge,Importado dos metadados públicos do Catálogo BNCC. Revisar unidade temática e objeto de conhecimento na planilha oficial BNCC/MEC.
EF08GE14,Ensino Fundamental - Anos Finais,8º ano,Ciências Humanas,Geografia,,,"Analisar os processos de desconcentração, descentralização e recentralização das atividades econômicas a partir do capital estadunidense e chinês em diferentes regiões no mundo, com destaque para o Brasil.","{""processos"",""desconcentracao"",""descentralizacao"",""recentralizacao"",""atividades"",""economicas"",""capital"",""estadunidense"",""chines"",""regioes""}","{""processos"",""desconcentracao"",""descentralizacao"",""recentralizacao"",""atividades"",""economicas""}","{""ciencia""}",false,https://catalogobncc.github.io/metadados/2022/03/30/efge,Importado dos metadados públicos do Catálogo BNCC. Revisar unidade temática e objeto de conhecimento na planilha oficial BNCC/MEC.
EF08GE15,Ensino Fundamental - Anos Finais,8º ano,Ciências Humanas,Geografia,,,"Analisar a importância dos principais recursos hídricos da America Latina (Aquífero Guarani, Bacias do rio da Prata, do Amazonas e do Orinoco, sistemas de nuvens na Amazônia e nos Andes, entre outros) e discutir os desafios relacionados à gestão e comercialização da água.","{""importancia"",""principais"",""recursos"",""hidricos"",""america"",""latina"",""aquifero"",""guarani"",""bacias"",""prata""}","{""importancia"",""principais"",""recursos"",""hidricos"",""america"",""latina""}",{},false,https://catalogobncc.github.io/metadados/2022/03/30/efge,Importado dos metadados públicos do Catálogo BNCC. Revisar unidade temática e objeto de conhecimento na planilha oficial BNCC/MEC.
EF08GE16,Ensino Fundamental - Anos Finais,8º ano,Ciências Humanas,Geografia,,,"Analisar as principais problemáticas comuns às grandes cidades latino-americanas, particularmente aquelas relacionadas à distribuição, estrutura e dinâmica da população e às condições de vida e trabalho.","{""principais"",""problematicas"",""comuns"",""grandes"",""cidades"",""latino"",""americanas"",""particularmente"",""aquelas"",""relacionadas""}","{""principais"",""problematicas"",""comuns"",""grandes"",""cidades"",""latino""}","{""ciencia"",""engenharia""}",false,https://catalogobncc.github.io/metadados/2022/03/30/efge,Importado dos metadados públicos do Catálogo BNCC. Revisar unidade temática e objeto de conhecimento na planilha oficial BNCC/MEC.
EF08GE17,Ensino Fundamental - Anos Finais,8º ano,Ciências Humanas,Geografia,,,"Analisar a segregação socioespacial em ambientes urbanos da América Latina, com atenção especial ao estudo de favelas, alagados e zona de riscos.","{""segregacao"",""socioespacial"",""ambientes"",""urbanos"",""america"",""latina"",""atencao"",""especial"",""estudo"",""favelas""}","{""segregacao"",""socioespacial"",""ambientes"",""urbanos"",""america"",""latina""}","{""ciencia""}",false,https://catalogobncc.github.io/metadados/2022/03/30/efge,Importado dos metadados públicos do Catálogo BNCC. Revisar unidade temática e objeto de conhecimento na planilha oficial BNCC/MEC.
EF08GE18,Ensino Fundamental - Anos Finais,8º ano,Ciências Humanas,Geografia,,,"Elaborar mapas ou outras formas de representação cartográfica para analisar as redes e as dinâmicas urbanas e rurais, ordenamento territorial, contextos culturais, modo de vida e usos e ocupação de solos da África e América.","{""mapas"",""outras"",""representacao"",""cartografica"",""redes"",""dinamicas"",""urbanas"",""rurais"",""ordenamento"",""territorial""}","{""mapas"",""outras"",""representacao"",""cartografica"",""redes"",""dinamicas""}","{""ciencia"",""artes""}",true,https://catalogobncc.github.io/metadados/2022/03/30/efge,Importado dos metadados públicos do Catálogo BNCC. Revisar unidade temática e objeto de conhecimento na planilha oficial BNCC/MEC.
EF08GE19,Ensino Fundamental - Anos Finais,8º ano,Ciências Humanas,Geografia,,,"Interpretar cartogramas, mapas esquemáticos (croquis) e anamorfoses geográficas com informações geográficas acerca da África e América.","{""interpretar"",""cartogramas"",""mapas"",""esquematicos"",""croquis"",""anamorfoses"",""geograficas"",""informacoes"",""acerca"",""africa""}","{""interpretar"",""cartogramas"",""mapas"",""esquematicos"",""croquis"",""anamorfoses""}",{},false,https://catalogobncc.github.io/metadados/2022/03/30/efge,Importado dos metadados públicos do Catálogo BNCC. Revisar unidade temática e objeto de conhecimento na planilha oficial BNCC/MEC.
EF08GE20,Ensino Fundamental - Anos Finais,8º ano,Ciências Humanas,Geografia,,,"Analisar características de países e grupos de países da América e da África no que se refere aos aspectos populacionais, urbanos, políticos e econômicos, e discutir as desigualdades sociais e econômicas e as pressões sobre a natureza e suas riquezas (sua apropriação e valoração na produção e circulação), o que resulta na espoliação desses povos.","{""caracteristicas"",""paises"",""grupos"",""america"",""africa"",""refere"",""aspectos"",""populacionais"",""urbanos"",""politicos""}","{""caracteristicas"",""paises"",""grupos"",""america"",""africa"",""refere""}","{""ciencia""}",false,https://catalogobncc.github.io/metadados/2022/03/30/efge,Importado dos metadados públicos do Catálogo BNCC. Revisar unidade temática e objeto de conhecimento na planilha oficial BNCC/MEC.
EF08GE21,Ensino Fundamental - Anos Finais,8º ano,Ciências Humanas,Geografia,,,"Analisar o papel ambiental e territorial da Antártica no contexto geopolítico, sua relevância para os países da América do Sul e seu valor como área destinada à pesquisa e à compreensão do ambiente global.","{""papel"",""ambiental"",""territorial"",""antartica"",""contexto"",""geopolitico"",""relevancia"",""paises"",""america"",""valor""}","{""papel"",""ambiental"",""territorial"",""antartica"",""contexto"",""geopolitico""}","{""ciencia""}",false,https://catalogobncc.github.io/metadados/2022/03/30/efge,Importado dos metadados públicos do Catálogo BNCC. Revisar unidade temática e objeto de conhecimento na planilha oficial BNCC/MEC.
EF08GE22,Ensino Fundamental - Anos Finais,8º ano,Ciências Humanas,Geografia,,,"Identificar os principais recursos naturais dos países da América Latina, analisando seu uso para a produção de matéria-prima e energia e sua relevância para a cooperação entre os países do Mercosul.","{""principais"",""recursos"",""naturais"",""paises"",""america"",""latina"",""analisando"",""producao"",""materia"",""prima""}","{""principais"",""recursos"",""naturais"",""paises"",""america"",""latina""}","{""ciencia""}",false,https://catalogobncc.github.io/metadados/2022/03/30/efge,Importado dos metadados públicos do Catálogo BNCC. Revisar unidade temática e objeto de conhecimento na planilha oficial BNCC/MEC.
EF08GE23,Ensino Fundamental - Anos Finais,8º ano,Ciências Humanas,Geografia,,,"Identificar paisagens da América Latina e associá-las, por meio da cartografia, aos diferentes povos da região, com base em aspectos da geomorfologia, da biogeografia e da climatologia.","{""paisagens"",""america"",""latina"",""associa"",""cartografia"",""povos"",""regiao"",""aspectos"",""geomorfologia"",""biogeografia""}","{""paisagens"",""america"",""latina"",""associa"",""cartografia"",""povos""}",{},false,https://catalogobncc.github.io/metadados/2022/03/30/efge,Importado dos metadados públicos do Catálogo BNCC. Revisar unidade temática e objeto de conhecimento na planilha oficial BNCC/MEC.
EF08GE24,Ensino Fundamental - Anos Finais,8º ano,Ciências Humanas,Geografia,,,"Analisar as principais características produtivas dos países latino-americanos (como exploração mineral na Venezuela; agricultura de alta especialização e exploração mineira no Chile; circuito da carne nos pampas argentinos e no Brasil; circuito da cana-de-açúcar em Cuba; polígono industrial do sudeste brasileiro e plantações de soja no centro-oeste; maquiladoras mexicanas, entre outros).","{""principais"",""caracteristicas"",""produtivas"",""paises"",""latino"",""americanos"",""exploracao"",""mineral"",""venezuela"",""agricultura""}","{""principais"",""caracteristicas"",""produtivas"",""paises"",""latino"",""americanos""}","{""tecnologia"",""artes""}",false,https://catalogobncc.github.io/metadados/2022/03/30/efge,Importado dos metadados públicos do Catálogo BNCC. Revisar unidade temática e objeto de conhecimento na planilha oficial BNCC/MEC.
EF08HI01,Ensino Fundamental - Anos Finais,8º ano,Ciências Humanas,História,,,Identificar os principais aspectos conceituais do iluminismo e do liberalismo e discutir a relação entre eles e a organização do mundo contemporâneo.,"{""principais"",""aspectos"",""conceituais"",""iluminismo"",""liberalismo"",""relacao"",""organizacao"",""mundo"",""contemporaneo""}","{""principais"",""aspectos"",""conceituais"",""iluminismo"",""liberalismo"",""relacao""}",{},false,https://catalogobncc.github.io/metadados/2022/03/30/efhi,Importado dos metadados públicos do Catálogo BNCC. Revisar unidade temática e objeto de conhecimento na planilha oficial BNCC/MEC.
EF08HI02,Ensino Fundamental - Anos Finais,8º ano,Ciências Humanas,História,,,Identificar as particularidades político-sociais da Inglaterra do século XVII e analisar os desdobramentos posteriores à Revolução Gloriosa.,"{""particularidades"",""politico"",""sociais"",""inglaterra"",""seculo"",""desdobramentos"",""posteriores"",""revolucao"",""gloriosa""}","{""particularidades"",""politico"",""sociais"",""inglaterra"",""seculo"",""desdobramentos""}",{},false,https://catalogobncc.github.io/metadados/2022/03/30/efhi,Importado dos metadados públicos do Catálogo BNCC. Revisar unidade temática e objeto de conhecimento na planilha oficial BNCC/MEC.
EF08HI03,Ensino Fundamental - Anos Finais,8º ano,Ciências Humanas,História,,,"Analisar os impactos da Revolução Industrial na produção e circulação de povos, produtos e culturas.","{""impactos"",""revolucao"",""industrial"",""producao"",""circulacao"",""povos"",""produtos"",""culturas""}","{""impactos"",""revolucao"",""industrial"",""producao"",""circulacao"",""povos""}","{""artes""}",false,https://catalogobncc.github.io/metadados/2022/03/30/efhi,Importado dos metadados públicos do Catálogo BNCC. Revisar unidade temática e objeto de conhecimento na planilha oficial BNCC/MEC.
EF08HI04,Ensino Fundamental - Anos Finais,8º ano,Ciências Humanas,História,,,Identificar e relacionar os processos da Revolução Francesa e seus desdobramentos na Europa e no mundo.,"{""relacionar"",""processos"",""revolucao"",""francesa"",""desdobramentos"",""europa"",""mundo""}","{""relacionar"",""processos"",""revolucao"",""francesa"",""desdobramentos"",""europa""}",{},false,https://catalogobncc.github.io/metadados/2022/03/30/efhi,Importado dos metadados públicos do Catálogo BNCC. Revisar unidade temática e objeto de conhecimento na planilha oficial BNCC/MEC.
EF08HI05,Ensino Fundamental - Anos Finais,8º ano,Ciências Humanas,História,,,"Explicar os movimentos e as rebeliões da América portuguesa, articulando as temáticas locais e suas interfaces com processos ocorridos na Europa e nas Américas.","{""explicar"",""movimentos"",""rebelioes"",""america"",""portuguesa"",""articulando"",""tematicas"",""locais"",""interfaces"",""processos""}","{""explicar"",""movimentos"",""rebelioes"",""america"",""portuguesa"",""articulando""}",{},false,https://catalogobncc.github.io/metadados/2022/03/30/efhi,Importado dos metadados públicos do Catálogo BNCC. Revisar unidade temática e objeto de conhecimento na planilha oficial BNCC/MEC.
EF08HI06,Ensino Fundamental - Anos Finais,8º ano,Ciências Humanas,História,,,"Aplicar os conceitos de Estado, nação, território, governo e país para o entendimento de conflitos e tensões.","{""aplicar"",""conceitos"",""estado"",""nacao"",""territorio"",""governo"",""entendimento"",""conflitos"",""tensoes""}","{""aplicar"",""conceitos"",""estado"",""nacao"",""territorio"",""governo""}",{},false,https://catalogobncc.github.io/metadados/2022/03/30/efhi,Importado dos metadados públicos do Catálogo BNCC. Revisar unidade temática e objeto de conhecimento na planilha oficial BNCC/MEC.
EF08HI07,Ensino Fundamental - Anos Finais,8º ano,Ciências Humanas,História,,,"Identificar e contextualizar as especificidades dos diversos processos de independência nas Américas, seus aspectos populacionais e suas conformações territoriais.","{""contextualizar"",""especificidades"",""processos"",""independencia"",""americas"",""aspectos"",""populacionais"",""conformacoes"",""territoriais""}","{""contextualizar"",""especificidades"",""processos"",""independencia"",""americas"",""aspectos""}",{},false,https://catalogobncc.github.io/metadados/2022/03/30/efhi,Importado dos metadados públicos do Catálogo BNCC. Revisar unidade temática e objeto de conhecimento na planilha oficial BNCC/MEC.
EF08HI08,Ensino Fundamental - Anos Finais,8º ano,Ciências Humanas,História,,,Conhecer o ideário dos líderes dos movimentos independentistas e seu papel nas revoluções que levaram à independência das colônias hispano-americanas.,"{""conhecer"",""ideario"",""lideres"",""movimentos"",""independentistas"",""papel"",""revolucoes"",""levaram"",""independencia"",""colonias""}","{""conhecer"",""ideario"",""lideres"",""movimentos"",""independentistas"",""papel""}",{},false,https://catalogobncc.github.io/metadados/2022/03/30/efhi,Importado dos metadados públicos do Catálogo BNCC. Revisar unidade temática e objeto de conhecimento na planilha oficial BNCC/MEC.
EF08HI09,Ensino Fundamental - Anos Finais,8º ano,Ciências Humanas,História,,,Conhecer as características e os principais pensadores do Pan-americanismo.,"{""conhecer"",""caracteristicas"",""principais"",""pensadores"",""americanismo""}","{""conhecer"",""caracteristicas"",""principais"",""pensadores"",""americanismo""}",{},false,https://catalogobncc.github.io/metadados/2022/03/30/efhi,Importado dos metadados públicos do Catálogo BNCC. Revisar unidade temática e objeto de conhecimento na planilha oficial BNCC/MEC.
EF08HI10,Ensino Fundamental - Anos Finais,8º ano,Ciências Humanas,História,,,Identificar a Revolução de São Domingo como evento singular e desdobramento da Revolução Francesa e avaliar suas implicações.,"{""revolucao"",""domingo"",""evento"",""singular"",""desdobramento"",""francesa"",""avaliar"",""implicacoes""}","{""revolucao"",""domingo"",""evento"",""singular"",""desdobramento"",""francesa""}",{},false,https://catalogobncc.github.io/metadados/2022/03/30/efhi,Importado dos metadados públicos do Catálogo BNCC. Revisar unidade temática e objeto de conhecimento na planilha oficial BNCC/MEC.
EF08HI11,Ensino Fundamental - Anos Finais,8º ano,Ciências Humanas,História,,,"Identificar e explicar os protagonismos e a atuação de diferentes grupos sociais e étnicos nas lutas de independência no Brasil, na América espanhola e no Haiti.","{""explicar"",""protagonismos"",""atuacao"",""grupos"",""sociais"",""etnicos"",""lutas"",""independencia"",""brasil"",""america""}","{""explicar"",""protagonismos"",""atuacao"",""grupos"",""sociais"",""etnicos""}",{},false,https://catalogobncc.github.io/metadados/2022/03/30/efhi,Importado dos metadados públicos do Catálogo BNCC. Revisar unidade temática e objeto de conhecimento na planilha oficial BNCC/MEC.
EF08HI12,Ensino Fundamental - Anos Finais,8º ano,Ciências Humanas,História,,,"Caracterizar a organização política e social no Brasil desde a chegada da Corte portuguesa, em 1808, até 1822 e seus desdobramentos para a história política brasileira.","{""caracterizar"",""organizacao"",""politica"",""social"",""brasil"",""desde"",""chegada"",""corte"",""portuguesa"",""desdobramentos""}","{""caracterizar"",""organizacao"",""politica"",""social"",""brasil"",""desde""}",{},false,https://catalogobncc.github.io/metadados/2022/03/30/efhi,Importado dos metadados públicos do Catálogo BNCC. Revisar unidade temática e objeto de conhecimento na planilha oficial BNCC/MEC.
EF08HI13,Ensino Fundamental - Anos Finais,8º ano,Ciências Humanas,História,,,Analisar o processo de independência em diferentes países latino-americanos e comparar as formas de governo neles adotadas.,"{""processo"",""independencia"",""paises"",""latino"",""americanos"",""governo"",""neles"",""adotadas""}","{""processo"",""independencia"",""paises"",""latino"",""americanos"",""governo""}",{},false,https://catalogobncc.github.io/metadados/2022/03/30/efhi,Importado dos metadados públicos do Catálogo BNCC. Revisar unidade temática e objeto de conhecimento na planilha oficial BNCC/MEC.
EF08HI14,Ensino Fundamental - Anos Finais,8º ano,Ciências Humanas,História,,,"Discutir a noção da tutela dos grupos indígenas e a participação dos negros na sociedade brasileira do final do período colonial, identificando permanências na forma de preconceitos, estereótipos e violências sobre as populações indígenas e negras no Brasil e nas Américas.","{""nocao"",""tutela"",""grupos"",""indigenas"",""participacao"",""negros"",""sociedade"",""brasileira"",""final"",""periodo""}","{""nocao"",""tutela"",""grupos"",""indigenas"",""participacao"",""negros""}",{},false,https://catalogobncc.github.io/metadados/2022/03/30/efhi,Importado dos metadados públicos do Catálogo BNCC. Revisar unidade temática e objeto de conhecimento na planilha oficial BNCC/MEC.
EF08HI15,Ensino Fundamental - Anos Finais,8º ano,Ciências Humanas,História,,,Identificar e analisar o equilíbrio das forças e os sujeitos envolvidos nas disputas políticas durante o Primeiro e o Segundo Reinado.,"{""equilibrio"",""forcas"",""sujeitos"",""envolvidos"",""disputas"",""politicas"",""durante"",""primeiro"",""segundo"",""reinado""}","{""equilibrio"",""forcas"",""sujeitos"",""envolvidos"",""disputas"",""politicas""}",{},false,https://catalogobncc.github.io/metadados/2022/03/30/efhi,Importado dos metadados públicos do Catálogo BNCC. Revisar unidade temática e objeto de conhecimento na planilha oficial BNCC/MEC.
EF08HI16,Ensino Fundamental - Anos Finais,8º ano,Ciências Humanas,História,,,"Identificar, comparar e analisar a diversidade política, social e regional nas rebeliões e nos movimentos contestatórios ao poder centralizado.","{""diversidade"",""politica"",""social"",""regional"",""rebelioes"",""movimentos"",""contestatorios"",""poder"",""centralizado""}","{""diversidade"",""politica"",""social"",""regional"",""rebelioes"",""movimentos""}",{},false,https://catalogobncc.github.io/metadados/2022/03/30/efhi,Importado dos metadados públicos do Catálogo BNCC. Revisar unidade temática e objeto de conhecimento na planilha oficial BNCC/MEC.
EF08HI17,Ensino Fundamental - Anos Finais,8º ano,Ciências Humanas,História,,,"Relacionar as transformações territoriais, em razão de questões de fronteiras, com as tensões e conflitos durante o Império.","{""relacionar"",""transformacoes"",""territoriais"",""razao"",""questoes"",""fronteiras"",""tensoes"",""conflitos"",""durante"",""imperio""}","{""relacionar"",""transformacoes"",""territoriais"",""razao"",""questoes"",""fronteiras""}",{},false,https://catalogobncc.github.io/metadados/2022/03/30/efhi,Importado dos metadados públicos do Catálogo BNCC. Revisar unidade temática e objeto de conhecimento na planilha oficial BNCC/MEC.
EF08HI18,Ensino Fundamental - Anos Finais,8º ano,Ciências Humanas,História,,,Identificar as questões internas e externas sobre a atuação do Brasil na Guerra do Paraguai e discutir diferentes versões sobre o conflito.,"{""questoes"",""internas"",""externas"",""atuacao"",""brasil"",""guerra"",""paraguai"",""versoes"",""conflito""}","{""questoes"",""internas"",""externas"",""atuacao"",""brasil"",""guerra""}",{},false,https://catalogobncc.github.io/metadados/2022/03/30/efhi,Importado dos metadados públicos do Catálogo BNCC. Revisar unidade temática e objeto de conhecimento na planilha oficial BNCC/MEC.
EF08HI19,Ensino Fundamental - Anos Finais,8º ano,Ciências Humanas,História,,,"Formular questionamentos sobre o legado da escravidão nas Américas, com base na seleção e consulta de fontes de diferentes naturezas.","{""formular"",""questionamentos"",""legado"",""escravidao"",""americas"",""selecao"",""consulta"",""fontes"",""naturezas""}","{""formular"",""questionamentos"",""legado"",""escravidao"",""americas"",""selecao""}","{""ciencia""}",false,https://catalogobncc.github.io/metadados/2022/03/30/efhi,Importado dos metadados públicos do Catálogo BNCC. Revisar unidade temática e objeto de conhecimento na planilha oficial BNCC/MEC.
EF08HI20,Ensino Fundamental - Anos Finais,8º ano,Ciências Humanas,História,,,Identificar e relacionar aspectos das estruturas sociais da atualidade com os legados da escravidão no Brasil e discutir a importância de ações afirmativas.,"{""relacionar"",""aspectos"",""estruturas"",""sociais"",""atualidade"",""legados"",""escravidao"",""brasil"",""importancia"",""acoes""}","{""relacionar"",""aspectos"",""estruturas"",""sociais"",""atualidade"",""legados""}","{""ciencia"",""engenharia""}",false,https://catalogobncc.github.io/metadados/2022/03/30/efhi,Importado dos metadados públicos do Catálogo BNCC. Revisar unidade temática e objeto de conhecimento na planilha oficial BNCC/MEC.
EF08HI21,Ensino Fundamental - Anos Finais,8º ano,Ciências Humanas,História,,,Identificar e analisar as políticas oficiais com relação ao indígena durante o Império.,"{""politicas"",""oficiais"",""relacao"",""indigena"",""durante"",""imperio""}","{""politicas"",""oficiais"",""relacao"",""indigena"",""durante"",""imperio""}",{},false,https://catalogobncc.github.io/metadados/2022/03/30/efhi,Importado dos metadados públicos do Catálogo BNCC. Revisar unidade temática e objeto de conhecimento na planilha oficial BNCC/MEC.
EF08HI22,Ensino Fundamental - Anos Finais,8º ano,Ciências Humanas,História,,,"Discutir o papel das culturas letradas, não letradas e das artes na produção das identidades no Brasil do século XIX.","{""papel"",""culturas"",""letradas"",""artes"",""producao"",""identidades"",""brasil"",""seculo""}","{""papel"",""culturas"",""letradas"",""artes"",""producao"",""identidades""}","{""artes""}",false,https://catalogobncc.github.io/metadados/2022/03/30/efhi,Importado dos metadados públicos do Catálogo BNCC. Revisar unidade temática e objeto de conhecimento na planilha oficial BNCC/MEC.
EF08HI23,Ensino Fundamental - Anos Finais,8º ano,Ciências Humanas,História,,,Estabelecer relações causais entre as ideologias raciais e o determinismo no contexto do imperialismo europeu e seus impactos na África e na Ásia.,"{""estabelecer"",""relacoes"",""causais"",""ideologias"",""raciais"",""determinismo"",""contexto"",""imperialismo"",""europeu"",""impactos""}","{""estabelecer"",""relacoes"",""causais"",""ideologias"",""raciais"",""determinismo""}",{},false,https://catalogobncc.github.io/metadados/2022/03/30/efhi,Importado dos metadados públicos do Catálogo BNCC. Revisar unidade temática e objeto de conhecimento na planilha oficial BNCC/MEC.
EF08HI24,Ensino Fundamental - Anos Finais,8º ano,Ciências Humanas,História,,,"Reconhecer os principais produtos, utilizados pelos europeus, procedentes do continente africano durante o imperialismo e analisar os impactos sobre as comunidades locais na forma de organização e exploração econômica.","{""principais"",""produtos"",""utilizados"",""pelos"",""europeus"",""procedentes"",""continente"",""africano"",""durante"",""imperialismo""}","{""principais"",""produtos"",""utilizados"",""pelos"",""europeus"",""procedentes""}",{},false,https://catalogobncc.github.io/metadados/2022/03/30/efhi,Importado dos metadados públicos do Catálogo BNCC. Revisar unidade temática e objeto de conhecimento na planilha oficial BNCC/MEC.
EF08HI25,Ensino Fundamental - Anos Finais,8º ano,Ciências Humanas,História,,,Caracterizar e contextualizar aspectos das relações entre os Estados Unidos da América e a América Latina no século XIX.,"{""caracterizar"",""contextualizar"",""aspectos"",""relacoes"",""estados"",""unidos"",""america"",""latina"",""seculo""}","{""caracterizar"",""contextualizar"",""aspectos"",""relacoes"",""estados"",""unidos""}",{},false,https://catalogobncc.github.io/metadados/2022/03/30/efhi,Importado dos metadados públicos do Catálogo BNCC. Revisar unidade temática e objeto de conhecimento na planilha oficial BNCC/MEC.
EF08HI26,Ensino Fundamental - Anos Finais,8º ano,Ciências Humanas,História,,,Identificar e contextualizar o protagonismo das populações locais na resistência ao imperialismo na África e Ásia.,"{""contextualizar"",""protagonismo"",""populacoes"",""locais"",""resistencia"",""imperialismo"",""africa""}","{""contextualizar"",""protagonismo"",""populacoes"",""locais"",""resistencia"",""imperialismo""}",{},false,https://catalogobncc.github.io/metadados/2022/03/30/efhi,Importado dos metadados públicos do Catálogo BNCC. Revisar unidade temática e objeto de conhecimento na planilha oficial BNCC/MEC.
EF08HI27,Ensino Fundamental - Anos Finais,8º ano,Ciências Humanas,História,,,"Identificar as tensões e os significados dos discursos civilizatórios, avaliando seus impactos negativos para os povos indígenas originários e as populações negras nas Américas.","{""tensoes"",""significados"",""discursos"",""civilizatorios"",""avaliando"",""impactos"",""negativos"",""povos"",""indigenas"",""originarios""}","{""tensoes"",""significados"",""discursos"",""civilizatorios"",""avaliando"",""impactos""}",{},false,https://catalogobncc.github.io/metadados/2022/03/30/efhi,Importado dos metadados públicos do Catálogo BNCC. Revisar unidade temática e objeto de conhecimento na planilha oficial BNCC/MEC.
EF08LI01,Ensino Fundamental - Anos Finais,8º ano,Linguagens,Língua Inglesa,,,"Fazer uso da língua inglesa para resolver mal-entendidos, emitir opiniões e esclarecer informações por meio de paráfrases ou justificativas.","{""fazer"",""lingua"",""inglesa"",""entendidos"",""emitir"",""opinioes"",""esclarecer"",""informacoes"",""parafrases"",""justificativas""}","{""fazer"",""lingua"",""inglesa"",""entendidos"",""emitir"",""opinioes""}",{},false,https://catalogobncc.github.io/metadados/2022/03/30/efli,Importado dos metadados públicos do Catálogo BNCC. Revisar unidade temática e objeto de conhecimento na planilha oficial BNCC/MEC.
EF08LI02,Ensino Fundamental - Anos Finais,8º ano,Linguagens,Língua Inglesa,,,"Explorar o uso de recursos linguísticos (frases incompletas, hesitações, entre outros) e paralinguísticos (gestos, expressões faciais, entre outros) em situações de interação oral.","{""explorar"",""recursos"",""linguisticos"",""frases"",""incompletas"",""hesitacoes"",""outros"",""paralinguisticos"",""gestos"",""expressoes""}","{""explorar"",""recursos"",""linguisticos"",""frases"",""incompletas"",""hesitacoes""}",{},false,https://catalogobncc.github.io/metadados/2022/03/30/efli,Importado dos metadados públicos do Catálogo BNCC. Revisar unidade temática e objeto de conhecimento na planilha oficial BNCC/MEC.
EF08LI03,Ensino Fundamental - Anos Finais,8º ano,Linguagens,Língua Inglesa,,,"Construir o sentido global de textos orais, relacionando suas partes, o assunto principal e informações relevantes.","{""construir"",""sentido"",""global"",""textos"",""orais"",""relacionando"",""partes"",""assunto"",""principal"",""informacoes""}","{""construir"",""sentido"",""global"",""textos"",""orais"",""relacionando""}","{""engenharia"",""artes""}",true,https://catalogobncc.github.io/metadados/2022/03/30/efli,Importado dos metadados públicos do Catálogo BNCC. Revisar unidade temática e objeto de conhecimento na planilha oficial BNCC/MEC.
EF08LI04,Ensino Fundamental - Anos Finais,8º ano,Linguagens,Língua Inglesa,,,"Utilizar recursos e repertório linguísticos apropriados para informar/comunicar/falar do futuro: planos, previsões, possibilidades e probabilidades.","{""utilizar"",""recursos"",""repertorio"",""linguisticos"",""apropriados"",""informar"",""comunicar"",""falar"",""futuro"",""planos""}","{""utilizar"",""recursos"",""repertorio"",""linguisticos"",""apropriados"",""informar""}","{""matematica""}",false,https://catalogobncc.github.io/metadados/2022/03/30/efli,Importado dos metadados públicos do Catálogo BNCC. Revisar unidade temática e objeto de conhecimento na planilha oficial BNCC/MEC.
EF08LI05,Ensino Fundamental - Anos Finais,8º ano,Linguagens,Língua Inglesa,,,Inferir informações e relações que não aparecem de modo explícito no texto para construção de sentidos.,"{""inferir"",""informacoes"",""relacoes"",""aparecem"",""explicito"",""texto"",""construcao"",""sentidos""}","{""inferir"",""informacoes"",""relacoes"",""aparecem"",""explicito"",""texto""}","{""engenharia""}",true,https://catalogobncc.github.io/metadados/2022/03/30/efli,Importado dos metadados públicos do Catálogo BNCC. Revisar unidade temática e objeto de conhecimento na planilha oficial BNCC/MEC.
EF08LI06,Ensino Fundamental - Anos Finais,8º ano,Linguagens,Língua Inglesa,,,"Apreciar textos narrativos em língua inglesa (contos, romances, entre outros, em versão original ou simplificada), como forma de valorizar o patrimônio cultural produzido em língua inglesa.","{""apreciar"",""textos"",""narrativos"",""lingua"",""inglesa"",""contos"",""romances"",""outros"",""versao"",""original""}","{""apreciar"",""textos"",""narrativos"",""lingua"",""inglesa"",""contos""}","{""artes""}",false,https://catalogobncc.github.io/metadados/2022/03/30/efli,Importado dos metadados públicos do Catálogo BNCC. Revisar unidade temática e objeto de conhecimento na planilha oficial BNCC/MEC.
EF08LI07,Ensino Fundamental - Anos Finais,8º ano,Linguagens,Língua Inglesa,,,Explorar ambientes virtuais e/ou aplicativos para acessar e usufruir do patrimônio artístico literário em língua inglesa.,"{""explorar"",""ambientes"",""virtuais"",""aplicativos"",""acessar"",""usufruir"",""patrimonio"",""artistico"",""literario"",""lingua""}","{""explorar"",""ambientes"",""virtuais"",""aplicativos"",""acessar"",""usufruir""}","{""ciencia"",""tecnologia"",""artes""}",false,https://catalogobncc.github.io/metadados/2022/03/30/efli,Importado dos metadados públicos do Catálogo BNCC. Revisar unidade temática e objeto de conhecimento na planilha oficial BNCC/MEC.
EF08LI08,Ensino Fundamental - Anos Finais,8º ano,Linguagens,Língua Inglesa,,,"Analisar, criticamente, o conteúdo de textos, comparando diferentes perspectivas apresentadas sobre um mesmo assunto.","{""criticamente"",""conteudo"",""textos"",""comparando"",""perspectivas"",""apresentadas"",""mesmo"",""assunto""}","{""criticamente"",""conteudo"",""textos"",""comparando"",""perspectivas"",""apresentadas""}",{},false,https://catalogobncc.github.io/metadados/2022/03/30/efli,Importado dos metadados públicos do Catálogo BNCC. Revisar unidade temática e objeto de conhecimento na planilha oficial BNCC/MEC.
EF08LI09,Ensino Fundamental - Anos Finais,8º ano,Linguagens,Língua Inglesa,,,"Avaliar a própria produção escrita e a de colegas, com base no contexto de comunicação (finalidade e adequação ao público, conteúdo a ser comunicado, organização textual, legibilidade, estrutura de frases).","{""avaliar"",""propria"",""producao"",""escrita"",""colegas"",""contexto"",""comunicacao"",""finalidade"",""adequacao"",""publico""}","{""avaliar"",""propria"",""producao"",""escrita"",""colegas"",""contexto""}","{""engenharia""}",false,https://catalogobncc.github.io/metadados/2022/03/30/efli,Importado dos metadados públicos do Catálogo BNCC. Revisar unidade temática e objeto de conhecimento na planilha oficial BNCC/MEC.
EF08LI10,Ensino Fundamental - Anos Finais,8º ano,Linguagens,Língua Inglesa,,,"Reconstruir o texto, com cortes, acréscimos, reformulações e correções, para aprimoramento, edição e publicação final.","{""reconstruir"",""texto"",""cortes"",""acrescimos"",""reformulacoes"",""correcoes"",""aprimoramento"",""edicao"",""publicacao"",""final""}","{""reconstruir"",""texto"",""cortes"",""acrescimos"",""reformulacoes"",""correcoes""}","{""engenharia""}",true,https://catalogobncc.github.io/metadados/2022/03/30/efli,Importado dos metadados públicos do Catálogo BNCC. Revisar unidade temática e objeto de conhecimento na planilha oficial BNCC/MEC.
EF08LI11,Ensino Fundamental - Anos Finais,8º ano,Linguagens,Língua Inglesa,,,"Produzir textos (comentários em fóruns, relatos pessoais, mensagens instantâneas, tweets, reportagens, histórias de ficção, blogues, entre outros), com o uso de estratégias de escrita (planejamento, produção de rascunho, revisão e edição final), apontando sonhos e projetos para o futuro (pessoal, da família, da comunidade ou do planeta).","{""textos"",""comentarios"",""foruns"",""relatos"",""pessoais"",""mensagens"",""instantaneas"",""tweets"",""reportagens"",""historias""}","{""textos"",""comentarios"",""foruns"",""relatos"",""pessoais"",""mensagens""}","{""engenharia""}",true,https://catalogobncc.github.io/metadados/2022/03/30/efli,Importado dos metadados públicos do Catálogo BNCC. Revisar unidade temática e objeto de conhecimento na planilha oficial BNCC/MEC.
EF08LI12,Ensino Fundamental - Anos Finais,8º ano,Linguagens,Língua Inglesa,,,"Construir repertório lexical relativo a planos, previsões e expectativas para o futuro.","{""construir"",""repertorio"",""lexical"",""relativo"",""planos"",""previsoes"",""expectativas"",""futuro""}","{""construir"",""repertorio"",""lexical"",""relativo"",""planos"",""previsoes""}","{""engenharia""}",true,https://catalogobncc.github.io/metadados/2022/03/30/efli,Importado dos metadados públicos do Catálogo BNCC. Revisar unidade temática e objeto de conhecimento na planilha oficial BNCC/MEC.
EF08LI13,Ensino Fundamental - Anos Finais,8º ano,Linguagens,Língua Inglesa,,,Reconhecer sufixos e prefixos comuns utilizados na formação de palavras em língua inglesa.,"{""sufixos"",""prefixos"",""comuns"",""utilizados"",""formacao"",""palavras"",""lingua"",""inglesa""}","{""sufixos"",""prefixos"",""comuns"",""utilizados"",""formacao"",""palavras""}",{},false,https://catalogobncc.github.io/metadados/2022/03/30/efli,Importado dos metadados públicos do Catálogo BNCC. Revisar unidade temática e objeto de conhecimento na planilha oficial BNCC/MEC.
EF08LI14,Ensino Fundamental - Anos Finais,8º ano,Linguagens,Língua Inglesa,,,Utilizar formas verbais do futuro para descrever planos e expectativas e fazer previsões.,"{""utilizar"",""verbais"",""futuro"",""descrever"",""planos"",""expectativas"",""fazer"",""previsoes""}","{""utilizar"",""verbais"",""futuro"",""descrever"",""planos"",""expectativas""}",{},false,https://catalogobncc.github.io/metadados/2022/03/30/efli,Importado dos metadados públicos do Catálogo BNCC. Revisar unidade temática e objeto de conhecimento na planilha oficial BNCC/MEC.
EF08LI15,Ensino Fundamental - Anos Finais,8º ano,Linguagens,Língua Inglesa,,,"Utilizar, de modo inteligível, as formas comparativas e superlativas de adjetivos para comparar qualidades e quantidades.","{""utilizar"",""inteligivel"",""comparativas"",""superlativas"",""adjetivos"",""qualidades"",""quantidades""}","{""utilizar"",""inteligivel"",""comparativas"",""superlativas"",""adjetivos"",""qualidades""}",{},false,https://catalogobncc.github.io/metadados/2022/03/30/efli,Importado dos metadados públicos do Catálogo BNCC. Revisar unidade temática e objeto de conhecimento na planilha oficial BNCC/MEC.
EF08LI16,Ensino Fundamental - Anos Finais,8º ano,Linguagens,Língua Inglesa,,,"Utilizar, de modo inteligível, corretamente, some, any, many, much.","{""utilizar"",""inteligivel"",""corretamente""}","{""utilizar"",""inteligivel"",""corretamente""}",{},false,https://catalogobncc.github.io/metadados/2022/03/30/efli,Importado dos metadados públicos do Catálogo BNCC. Revisar unidade temática e objeto de conhecimento na planilha oficial BNCC/MEC.
EF08LI17,Ensino Fundamental - Anos Finais,8º ano,Linguagens,Língua Inglesa,,,"Empregar, de modo inteligível, os pronomes relativos (who, which, that, whose) para construir períodos compostos por subordinação.","{""empregar"",""inteligivel"",""pronomes"",""relativos"",""which"",""whose"",""construir"",""periodos"",""compostos"",""subordinacao""}","{""empregar"",""inteligivel"",""pronomes"",""relativos"",""which"",""whose""}","{""engenharia""}",true,https://catalogobncc.github.io/metadados/2022/03/30/efli,Importado dos metadados públicos do Catálogo BNCC. Revisar unidade temática e objeto de conhecimento na planilha oficial BNCC/MEC.
EF08LI18,Ensino Fundamental - Anos Finais,8º ano,Linguagens,Língua Inglesa,,,"Construir repertório cultural por meio do contato com manifestações artístico-culturais vinculadas à língua inglesa (artes plásticas e visuais, literatura, música, cinema, dança, festividades, entre outros), valorizando a diversidade entre culturas.","{""construir"",""repertorio"",""cultural"",""contato"",""manifestacoes"",""artistico"",""culturais"",""vinculadas"",""lingua"",""inglesa""}","{""construir"",""repertorio"",""cultural"",""contato"",""manifestacoes"",""artistico""}","{""ciencia"",""engenharia"",""artes""}",true,https://catalogobncc.github.io/metadados/2022/03/30/efli,Importado dos metadados públicos do Catálogo BNCC. Revisar unidade temática e objeto de conhecimento na planilha oficial BNCC/MEC.
EF08LI19,Ensino Fundamental - Anos Finais,8º ano,Linguagens,Língua Inglesa,,,"Investigar de que forma expressões, gestos e comportamentos são interpretados em função de aspectos culturais.","{""investigar"",""expressoes"",""gestos"",""comportamentos"",""interpretados"",""funcao"",""aspectos"",""culturais""}","{""investigar"",""expressoes"",""gestos"",""comportamentos"",""interpretados"",""funcao""}","{""artes""}",true,https://catalogobncc.github.io/metadados/2022/03/30/efli,Importado dos metadados públicos do Catálogo BNCC. Revisar unidade temática e objeto de conhecimento na planilha oficial BNCC/MEC.
EF08LI20,Ensino Fundamental - Anos Finais,8º ano,Linguagens,Língua Inglesa,,,Examinar fatores que podem impedir o entendimento entre pessoas de culturas diferentes que falam a língua inglesa.,"{""examinar"",""fatores"",""podem"",""impedir"",""entendimento"",""pessoas"",""culturas"",""falam"",""lingua"",""inglesa""}","{""examinar"",""fatores"",""podem"",""impedir"",""entendimento"",""pessoas""}","{""artes""}",false,https://catalogobncc.github.io/metadados/2022/03/30/efli,Importado dos metadados públicos do Catálogo BNCC. Revisar unidade temática e objeto de conhecimento na planilha oficial BNCC/MEC.
EF08LP01,Ensino Fundamental - Anos Finais,8º ano,Linguagens,Língua Portuguesa,,,"Identificar e comparar as várias editorias de jornais impressos e digitais e de sites noticiosos, de forma a refletir sobre os tipos de fato que são noticiados e comentados, as escolhas sobre o que noticiar e o que não noticiar e o destaque/enfoque dado e a fidedignidade da informação.","{""varias"",""editorias"",""jornais"",""impressos"",""digitais"",""sites"",""noticiosos"",""refletir"",""tipos"",""noticiados""}","{""varias"",""editorias"",""jornais"",""impressos"",""digitais"",""sites""}",{},false,https://catalogobncc.github.io/metadados/2022/03/30/eflp,Importado dos metadados públicos do Catálogo BNCC. Revisar unidade temática e objeto de conhecimento na planilha oficial BNCC/MEC.
EF08LP02,Ensino Fundamental - Anos Finais,8º ano,Linguagens,Língua Portuguesa,,,"Justificar diferenças ou semelhanças no tratamento dado a uma mesma informação veiculada em textos diferentes, consultando sites e serviços de checadores de fatos.","{""justificar"",""diferencas"",""semelhancas"",""tratamento"",""mesma"",""informacao"",""veiculada"",""textos"",""consultando"",""sites""}","{""justificar"",""diferencas"",""semelhancas"",""tratamento"",""mesma"",""informacao""}",{},false,https://catalogobncc.github.io/metadados/2022/03/30/eflp,Importado dos metadados públicos do Catálogo BNCC. Revisar unidade temática e objeto de conhecimento na planilha oficial BNCC/MEC.
EF08LP03,Ensino Fundamental - Anos Finais,8º ano,Linguagens,Língua Portuguesa,,,"Produzir artigos de opinião, tendo em vista o contexto de produção dado, a defesa de um ponto de vista, utilizando argumentos e contra-argumentos e articuladores de coesão que marquem relações de oposição, contraste, exemplificação, ênfase.","{""artigos"",""opiniao"",""tendo"",""vista"",""contexto"",""producao"",""defesa"",""ponto"",""argumentos"",""contra""}","{""artigos"",""opiniao"",""tendo"",""vista"",""contexto"",""producao""}",{},true,https://catalogobncc.github.io/metadados/2022/03/30/eflp,Importado dos metadados públicos do Catálogo BNCC. Revisar unidade temática e objeto de conhecimento na planilha oficial BNCC/MEC.
EF08LP04,Ensino Fundamental - Anos Finais,8º ano,Linguagens,Língua Portuguesa,,,"Utilizar, ao produzir texto, conhecimentos linguísticos e gramaticais: ortografia, regências e concordâncias nominal e verbal, modos e tempos verbais, pontuação etc.","{""utilizar"",""texto"",""conhecimentos"",""linguisticos"",""gramaticais"",""ortografia"",""regencias"",""concordancias"",""nominal"",""verbal""}","{""utilizar"",""texto"",""conhecimentos"",""linguisticos"",""gramaticais"",""ortografia""}",{},true,https://catalogobncc.github.io/metadados/2022/03/30/eflp,Importado dos metadados públicos do Catálogo BNCC. Revisar unidade temática e objeto de conhecimento na planilha oficial BNCC/MEC.
EF08LP05,Ensino Fundamental - Anos Finais,8º ano,Linguagens,Língua Portuguesa,,,"Analisar processos de formação de palavras por composição (aglutinação e justaposição), apropriando-se de regras básicas de uso do hífen em palavras compostas.","{""processos"",""formacao"",""palavras"",""composicao"",""aglutinacao"",""justaposicao"",""apropriando"",""regras"",""basicas"",""hifen""}","{""processos"",""formacao"",""palavras"",""composicao"",""aglutinacao"",""justaposicao""}",{},false,https://catalogobncc.github.io/metadados/2022/03/30/eflp,Importado dos metadados públicos do Catálogo BNCC. Revisar unidade temática e objeto de conhecimento na planilha oficial BNCC/MEC.
EF08LP06,Ensino Fundamental - Anos Finais,8º ano,Linguagens,Língua Portuguesa,,,"Identificar, em textos lidos ou de produção própria, os termos constitutivos da oração (sujeito e seus modificadores, verbo e seus complementos e modificadores).","{""textos"",""lidos"",""producao"",""propria"",""termos"",""constitutivos"",""oracao"",""sujeito"",""modificadores"",""verbo""}","{""textos"",""lidos"",""producao"",""propria"",""termos"",""constitutivos""}",{},false,https://catalogobncc.github.io/metadados/2022/03/30/eflp,Importado dos metadados públicos do Catálogo BNCC. Revisar unidade temática e objeto de conhecimento na planilha oficial BNCC/MEC.
EF08LP07,Ensino Fundamental - Anos Finais,8º ano,Linguagens,Língua Portuguesa,,,"Diferenciar, em textos lidos ou de produção própria, complementos diretos e indiretos de verbos transitivos, apropriando-se da regência de verbos de uso frequente.","{""diferenciar"",""textos"",""lidos"",""producao"",""propria"",""complementos"",""diretos"",""indiretos"",""verbos"",""transitivos""}","{""diferenciar"",""textos"",""lidos"",""producao"",""propria"",""complementos""}",{},false,https://catalogobncc.github.io/metadados/2022/03/30/eflp,Importado dos metadados públicos do Catálogo BNCC. Revisar unidade temática e objeto de conhecimento na planilha oficial BNCC/MEC.
EF08LP08,Ensino Fundamental - Anos Finais,8º ano,Linguagens,Língua Portuguesa,,,"Identificar, em textos lidos ou de produção própria, verbos na voz ativa e na voz passiva, interpretando os efeitos de sentido de sujeito ativo e passivo (agente da passiva).","{""textos"",""lidos"",""producao"",""propria"",""verbos"",""ativa"",""passiva"",""interpretando"",""efeitos"",""sentido""}","{""textos"",""lidos"",""producao"",""propria"",""verbos"",""ativa""}",{},false,https://catalogobncc.github.io/metadados/2022/03/30/eflp,Importado dos metadados públicos do Catálogo BNCC. Revisar unidade temática e objeto de conhecimento na planilha oficial BNCC/MEC.
EF08LP09,Ensino Fundamental - Anos Finais,8º ano,Linguagens,Língua Portuguesa,,,"Interpretar efeitos de sentido de modificadores (adjuntos adnominais – artigos definido ou indefinido, adjetivos, expressões adjetivas) em substantivos com função de sujeito ou de complemento verbal, usando-os para enriquecer seus próprios textos.","{""interpretar"",""efeitos"",""sentido"",""modificadores"",""adjuntos"",""adnominais"",""artigos"",""definido"",""indefinido"",""adjetivos""}","{""interpretar"",""efeitos"",""sentido"",""modificadores"",""adjuntos"",""adnominais""}",{},false,https://catalogobncc.github.io/metadados/2022/03/30/eflp,Importado dos metadados públicos do Catálogo BNCC. Revisar unidade temática e objeto de conhecimento na planilha oficial BNCC/MEC.
EF08LP10,Ensino Fundamental - Anos Finais,8º ano,Linguagens,Língua Portuguesa,,,"Interpretar, em textos lidos ou de produção própria, efeitos de sentido de modificadores do verbo (adjuntos adverbiais – advérbios e expressões adverbiais), usando-os para enriquecer seus próprios textos.","{""interpretar"",""textos"",""lidos"",""producao"",""propria"",""efeitos"",""sentido"",""modificadores"",""verbo"",""adjuntos""}","{""interpretar"",""textos"",""lidos"",""producao"",""propria"",""efeitos""}",{},false,https://catalogobncc.github.io/metadados/2022/03/30/eflp,Importado dos metadados públicos do Catálogo BNCC. Revisar unidade temática e objeto de conhecimento na planilha oficial BNCC/MEC.
EF08LP11,Ensino Fundamental - Anos Finais,8º ano,Linguagens,Língua Portuguesa,,,"Identificar, em textos lidos ou de produção própria, agrupamento de orações em períodos, diferenciando coordenação de subordinação.","{""textos"",""lidos"",""producao"",""propria"",""agrupamento"",""oracoes"",""periodos"",""diferenciando"",""coordenacao"",""subordinacao""}","{""textos"",""lidos"",""producao"",""propria"",""agrupamento"",""oracoes""}",{},false,https://catalogobncc.github.io/metadados/2022/03/30/eflp,Importado dos metadados públicos do Catálogo BNCC. Revisar unidade temática e objeto de conhecimento na planilha oficial BNCC/MEC.
EF08LP12,Ensino Fundamental - Anos Finais,8º ano,Linguagens,Língua Portuguesa,,,"Identificar, em textos lidos, orações subordinadas com conjunções de uso frequente, incorporando-as às suas próprias produções.","{""textos"",""lidos"",""oracoes"",""subordinadas"",""conjuncoes"",""frequente"",""incorporando"",""proprias"",""producoes""}","{""textos"",""lidos"",""oracoes"",""subordinadas"",""conjuncoes"",""frequente""}","{""ciencia""}",false,https://catalogobncc.github.io/metadados/2022/03/30/eflp,Importado dos metadados públicos do Catálogo BNCC. Revisar unidade temática e objeto de conhecimento na planilha oficial BNCC/MEC.
EF08LP13,Ensino Fundamental - Anos Finais,8º ano,Linguagens,Língua Portuguesa,,,Inferir efeitos de sentido decorrentes do uso de recursos de coesão sequencial: conjunções e articuladores textuais.,"{""inferir"",""efeitos"",""sentido"",""decorrentes"",""recursos"",""coesao"",""sequencial"",""conjuncoes"",""articuladores"",""textuais""}","{""inferir"",""efeitos"",""sentido"",""decorrentes"",""recursos"",""coesao""}",{},false,https://catalogobncc.github.io/metadados/2022/03/30/eflp,Importado dos metadados públicos do Catálogo BNCC. Revisar unidade temática e objeto de conhecimento na planilha oficial BNCC/MEC.
EF08LP14,Ensino Fundamental - Anos Finais,8º ano,Linguagens,Língua Portuguesa,,,"Utilizar, ao produzir texto, recursos de coesão sequencial (articuladores) e referencial (léxica e pronominal), construções passivas e impessoais, discurso direto e indireto e outros recursos expressivos adequados ao gênero textual.","{""utilizar"",""texto"",""recursos"",""coesao"",""sequencial"",""articuladores"",""referencial"",""lexica"",""pronominal"",""construcoes""}","{""utilizar"",""texto"",""recursos"",""coesao"",""sequencial"",""articuladores""}","{""engenharia""}",true,https://catalogobncc.github.io/metadados/2022/03/30/eflp,Importado dos metadados públicos do Catálogo BNCC. Revisar unidade temática e objeto de conhecimento na planilha oficial BNCC/MEC.
EF08LP15,Ensino Fundamental - Anos Finais,8º ano,Linguagens,Língua Portuguesa,,,"Estabelecer relações entre partes do texto, identificando o antecedente de um pronome relativo ou o referente comum de uma cadeia de substituições lexicais.","{""estabelecer"",""relacoes"",""partes"",""texto"",""identificando"",""antecedente"",""pronome"",""relativo"",""referente"",""comum""}","{""estabelecer"",""relacoes"",""partes"",""texto"",""identificando"",""antecedente""}","{""artes""}",false,https://catalogobncc.github.io/metadados/2022/03/30/eflp,Importado dos metadados públicos do Catálogo BNCC. Revisar unidade temática e objeto de conhecimento na planilha oficial BNCC/MEC.
EF08LP16,Ensino Fundamental - Anos Finais,8º ano,Linguagens,Língua Portuguesa,,,"Explicar os efeitos de sentido do uso, em textos, de estratégias de modalização e argumentatividade (sinais de pontuação, adjetivos, substantivos, expressões de grau, verbos e perífrases verbais, advérbios etc.).","{""explicar"",""efeitos"",""sentido"",""textos"",""estrategias"",""modalizacao"",""argumentatividade"",""sinais"",""pontuacao"",""adjetivos""}","{""explicar"",""efeitos"",""sentido"",""textos"",""estrategias"",""modalizacao""}","{""ciencia""}",false,https://catalogobncc.github.io/metadados/2022/03/30/eflp,Importado dos metadados públicos do Catálogo BNCC. Revisar unidade temática e objeto de conhecimento na planilha oficial BNCC/MEC.
EF08MA01,Ensino Fundamental - Anos Finais,8º ano,Matemática,Matemática,,,Efetuar cálculos com potências de expoentes inteiros e aplicar esse conhecimento na representação de números em notação científica.,"{""efetuar"",""calculos"",""potencias"",""expoentes"",""inteiros"",""aplicar"",""conhecimento"",""representacao"",""numeros"",""notacao""}","{""efetuar"",""calculos"",""potencias"",""expoentes"",""inteiros"",""aplicar""}","{""ciencia"",""matematica""}",false,https://catalogobncc.github.io/metadados/2022/03/30/efma,Importado dos metadados públicos do Catálogo BNCC. Revisar unidade temática e objeto de conhecimento na planilha oficial BNCC/MEC.
EF08MA02,Ensino Fundamental - Anos Finais,8º ano,Matemática,Matemática,,,"Resolver e elaborar problemas usando a relação entre potenciação e radiciação, para representar uma raiz como potência de expoente fracionário.","{""problemas"",""usando"",""relacao"",""potenciacao"",""radiciacao"",""representar"",""potencia"",""expoente"",""fracionario""}","{""problemas"",""usando"",""relacao"",""potenciacao"",""radiciacao"",""representar""}","{""matematica""}",true,https://catalogobncc.github.io/metadados/2022/03/30/efma,Importado dos metadados públicos do Catálogo BNCC. Revisar unidade temática e objeto de conhecimento na planilha oficial BNCC/MEC.
EF08MA03,Ensino Fundamental - Anos Finais,8º ano,Matemática,Matemática,,,Resolver e elaborar problemas de contagem cuja resolução envolva a aplicação do princípio multiplicativo.,"{""problemas"",""contagem"",""resolucao"",""envolva"",""aplicacao"",""principio"",""multiplicativo""}","{""problemas"",""contagem"",""resolucao"",""envolva"",""aplicacao"",""principio""}","{""engenharia"",""matematica""}",true,https://catalogobncc.github.io/metadados/2022/03/30/efma,Importado dos metadados públicos do Catálogo BNCC. Revisar unidade temática e objeto de conhecimento na planilha oficial BNCC/MEC.
EF08MA04,Ensino Fundamental - Anos Finais,8º ano,Matemática,Matemática,,,"Resolver e elaborar problemas, envolvendo cálculo de porcentagens, incluindo o uso de tecnologias digitais.","{""problemas"",""envolvendo"",""calculo"",""porcentagens"",""incluindo"",""tecnologias"",""digitais""}","{""problemas"",""envolvendo"",""calculo"",""porcentagens"",""incluindo"",""tecnologias""}","{""tecnologia"",""matematica""}",true,https://catalogobncc.github.io/metadados/2022/03/30/efma,Importado dos metadados públicos do Catálogo BNCC. Revisar unidade temática e objeto de conhecimento na planilha oficial BNCC/MEC.
EF08MA05,Ensino Fundamental - Anos Finais,8º ano,Matemática,Matemática,,,Reconhecer e utilizar procedimentos para a obtenção de uma fração geratriz para uma dízima periódica.,"{""utilizar"",""procedimentos"",""obtencao"",""fracao"",""geratriz"",""dizima"",""periodica""}","{""utilizar"",""procedimentos"",""obtencao"",""fracao"",""geratriz"",""dizima""}","{""matematica""}",false,https://catalogobncc.github.io/metadados/2022/03/30/efma,Importado dos metadados públicos do Catálogo BNCC. Revisar unidade temática e objeto de conhecimento na planilha oficial BNCC/MEC.
EF08MA06,Ensino Fundamental - Anos Finais,8º ano,Matemática,Matemática,,,"Resolver e elaborar problemas que envolvam cálculo do valor numérico de expressões algébricas, utilizando as propriedades das operações.","{""problemas"",""envolvam"",""calculo"",""valor"",""numerico"",""expressoes"",""algebricas"",""propriedades"",""operacoes""}","{""problemas"",""envolvam"",""calculo"",""valor"",""numerico"",""expressoes""}","{""matematica""}",true,https://catalogobncc.github.io/metadados/2022/03/30/efma,Importado dos metadados públicos do Catálogo BNCC. Revisar unidade temática e objeto de conhecimento na planilha oficial BNCC/MEC.
EF08MA07,Ensino Fundamental - Anos Finais,8º ano,Matemática,Matemática,,,Associar uma equação linear de 1º grau com duas incógnitas a uma reta no plano cartesiano.,"{""associar"",""equacao"",""linear"",""incognitas"",""plano"",""cartesiano""}","{""associar"",""equacao"",""linear"",""incognitas"",""plano"",""cartesiano""}","{""artes"",""matematica""}",false,https://catalogobncc.github.io/metadados/2022/03/30/efma,Importado dos metadados públicos do Catálogo BNCC. Revisar unidade temática e objeto de conhecimento na planilha oficial BNCC/MEC.
EF08MA08,Ensino Fundamental - Anos Finais,8º ano,Matemática,Matemática,,,"Resolver e elaborar problemas relacionados ao seu contexto próximo, que possam ser representados por sistemas de equações de 1º grau com duas incógnitas e interpretá-los, utilizando, inclusive, o plano cartesiano como recurso.","{""problemas"",""relacionados"",""contexto"",""proximo"",""possam"",""representados"",""sistemas"",""equacoes"",""incognitas"",""interpreta""}","{""problemas"",""relacionados"",""contexto"",""proximo"",""possam"",""representados""}","{""artes"",""matematica""}",true,https://catalogobncc.github.io/metadados/2022/03/30/efma,Importado dos metadados públicos do Catálogo BNCC. Revisar unidade temática e objeto de conhecimento na planilha oficial BNCC/MEC.
EF08MA09,Ensino Fundamental - Anos Finais,8º ano,Matemática,Matemática,,,"Resolver e elaborar, com e sem uso de tecnologias, problemas que possam ser representados por equações polinomiais de 2º grau do tipo ax2 = b.","{""tecnologias"",""problemas"",""possam"",""representados"",""equacoes"",""polinomiais""}","{""tecnologias"",""problemas"",""possam"",""representados"",""equacoes"",""polinomiais""}","{""tecnologia"",""matematica""}",true,https://catalogobncc.github.io/metadados/2022/03/30/efma,Importado dos metadados públicos do Catálogo BNCC. Revisar unidade temática e objeto de conhecimento na planilha oficial BNCC/MEC.
EF08MA10,Ensino Fundamental - Anos Finais,8º ano,Matemática,Matemática,,,Identificar a regularidade de uma sequência numérica ou figural não recursiva e construir um algoritmo por meio de um fluxograma que permita indicar os números ou as figuras seguintes.,"{""regularidade"",""sequencia"",""numerica"",""figural"",""recursiva"",""construir"",""algoritmo"",""fluxograma"",""permita"",""indicar""}","{""regularidade"",""sequencia"",""numerica"",""figural"",""recursiva"",""construir""}","{""engenharia"",""matematica""}",true,https://catalogobncc.github.io/metadados/2022/03/30/efma,Importado dos metadados públicos do Catálogo BNCC. Revisar unidade temática e objeto de conhecimento na planilha oficial BNCC/MEC.
EF08MA11,Ensino Fundamental - Anos Finais,8º ano,Matemática,Matemática,,,Identificar a regularidade de uma sequência numérica recursiva e construir um algoritmo por meio de um fluxograma que permita indicar os números seguintes.,"{""regularidade"",""sequencia"",""numerica"",""recursiva"",""construir"",""algoritmo"",""fluxograma"",""permita"",""indicar"",""numeros""}","{""regularidade"",""sequencia"",""numerica"",""recursiva"",""construir"",""algoritmo""}","{""engenharia"",""matematica""}",true,https://catalogobncc.github.io/metadados/2022/03/30/efma,Importado dos metadados públicos do Catálogo BNCC. Revisar unidade temática e objeto de conhecimento na planilha oficial BNCC/MEC.
EF08MA12,Ensino Fundamental - Anos Finais,8º ano,Matemática,Matemática,,,"Identificar a natureza da variação de duas grandezas, diretamente, inversamente proporcionais ou não proporcionais, expressando a relação existente por meio de sentença algébrica e representá-la no plano cartesiano.","{""natureza"",""variacao"",""grandezas"",""diretamente"",""inversamente"",""proporcionais"",""expressando"",""relacao"",""existente"",""sentenca""}","{""natureza"",""variacao"",""grandezas"",""diretamente"",""inversamente"",""proporcionais""}","{""ciencia"",""artes"",""matematica""}",true,https://catalogobncc.github.io/metadados/2022/03/30/efma,Importado dos metadados públicos do Catálogo BNCC. Revisar unidade temática e objeto de conhecimento na planilha oficial BNCC/MEC.
EF08MA13,Ensino Fundamental - Anos Finais,8º ano,Matemática,Matemática,,,"Resolver e elaborar problemas que envolvam grandezas diretamente ou inversamente proporcionais, por meio de estratégias variadas.","{""problemas"",""envolvam"",""grandezas"",""diretamente"",""inversamente"",""proporcionais"",""estrategias"",""variadas""}","{""problemas"",""envolvam"",""grandezas"",""diretamente"",""inversamente"",""proporcionais""}","{""matematica""}",true,https://catalogobncc.github.io/metadados/2022/03/30/efma,Importado dos metadados públicos do Catálogo BNCC. Revisar unidade temática e objeto de conhecimento na planilha oficial BNCC/MEC.
EF08MA14,Ensino Fundamental - Anos Finais,8º ano,Matemática,Matemática,,,Demonstrar propriedades de quadriláteros por meio da identificação da congruência de triângulos.,"{""demonstrar"",""propriedades"",""quadrilateros"",""identificacao"",""congruencia"",""triangulos""}","{""demonstrar"",""propriedades"",""quadrilateros"",""identificacao"",""congruencia"",""triangulos""}","{""matematica""}",false,https://catalogobncc.github.io/metadados/2022/03/30/efma,Importado dos metadados públicos do Catálogo BNCC. Revisar unidade temática e objeto de conhecimento na planilha oficial BNCC/MEC.
EF08MA15,Ensino Fundamental - Anos Finais,8º ano,Matemática,Matemática,,,"Construir, utilizando instrumentos de desenho ou softwares de geometria dinâmica, mediatriz, bissetriz, ângulos de 90°, 60°, 45° e 30° e polígonos regulares.","{""construir"",""instrumentos"",""desenho"",""softwares"",""geometria"",""dinamica"",""mediatriz"",""bissetriz"",""angulos"",""poligonos""}","{""construir"",""instrumentos"",""desenho"",""softwares"",""geometria"",""dinamica""}","{""tecnologia"",""engenharia"",""matematica""}",true,https://catalogobncc.github.io/metadados/2022/03/30/efma,Importado dos metadados públicos do Catálogo BNCC. Revisar unidade temática e objeto de conhecimento na planilha oficial BNCC/MEC.
EF08MA16,Ensino Fundamental - Anos Finais,8º ano,Matemática,Matemática,,,"Descrever, por escrito e por meio de um fluxograma, um algoritmo para a construção de um hexágono regular de qualquer área, a partir da medida do ângulo central e da utilização de esquadros e compasso.","{""descrever"",""escrito"",""fluxograma"",""algoritmo"",""construcao"",""hexagono"",""regular"",""qualquer"",""medida"",""angulo""}","{""descrever"",""escrito"",""fluxograma"",""algoritmo"",""construcao"",""hexagono""}","{""engenharia"",""matematica""}",true,https://catalogobncc.github.io/metadados/2022/03/30/efma,Importado dos metadados públicos do Catálogo BNCC. Revisar unidade temática e objeto de conhecimento na planilha oficial BNCC/MEC.
EF08MA17,Ensino Fundamental - Anos Finais,8º ano,Matemática,Matemática,,,Aplicar os conceitos de mediatriz e bissetriz como lugares geométricos na resolução de problemas.,"{""aplicar"",""conceitos"",""mediatriz"",""bissetriz"",""lugares"",""geometricos"",""resolucao"",""problemas""}","{""aplicar"",""conceitos"",""mediatriz"",""bissetriz"",""lugares"",""geometricos""}","{""engenharia"",""matematica""}",true,https://catalogobncc.github.io/metadados/2022/03/30/efma,Importado dos metadados públicos do Catálogo BNCC. Revisar unidade temática e objeto de conhecimento na planilha oficial BNCC/MEC.
EF08MA18,Ensino Fundamental - Anos Finais,8º ano,Matemática,Matemática,,,"Reconhecer e construir figuras obtidas por composições de transformações geométricas (translação, reflexão e rotação), com o uso de instrumentos de desenho ou de softwares de geometria dinâmica.","{""construir"",""figuras"",""obtidas"",""composicoes"",""transformacoes"",""geometricas"",""translacao"",""reflexao"",""rotacao"",""instrumentos""}","{""construir"",""figuras"",""obtidas"",""composicoes"",""transformacoes"",""geometricas""}","{""tecnologia"",""engenharia"",""matematica""}",true,https://catalogobncc.github.io/metadados/2022/03/30/efma,Importado dos metadados públicos do Catálogo BNCC. Revisar unidade temática e objeto de conhecimento na planilha oficial BNCC/MEC.
EF08MA19,Ensino Fundamental - Anos Finais,8º ano,Matemática,Matemática,,,"Resolver e elaborar problemas que envolvam medidas de área de figuras geométricas, utilizando expressões de cálculo de área (quadriláteros, triângulos e círculos), em situações como determinar medida de terrenos.","{""problemas"",""envolvam"",""medidas"",""figuras"",""geometricas"",""expressoes"",""calculo"",""quadrilateros"",""triangulos"",""circulos""}","{""problemas"",""envolvam"",""medidas"",""figuras"",""geometricas"",""expressoes""}","{""matematica""}",true,https://catalogobncc.github.io/metadados/2022/03/30/efma,Importado dos metadados públicos do Catálogo BNCC. Revisar unidade temática e objeto de conhecimento na planilha oficial BNCC/MEC.
EF08MA20,Ensino Fundamental - Anos Finais,8º ano,Matemática,Matemática,,,"Reconhecer a relação entre um litro e um decímetro cúbico e a relação entre litro e metro cúbico, para resolver problemas de cálculo de capacidade de recipientes.","{""relacao"",""litro"",""decimetro"",""cubico"",""metro"",""problemas"",""calculo"",""capacidade"",""recipientes""}","{""relacao"",""litro"",""decimetro"",""cubico"",""metro"",""problemas""}","{""matematica""}",false,https://catalogobncc.github.io/metadados/2022/03/30/efma,Importado dos metadados públicos do Catálogo BNCC. Revisar unidade temática e objeto de conhecimento na planilha oficial BNCC/MEC.
EF08MA21,Ensino Fundamental - Anos Finais,8º ano,Matemática,Matemática,,,Resolver e elaborar problemas que envolvam o cálculo do volume de recipiente cujo formato é o de um bloco retangular.,"{""problemas"",""envolvam"",""calculo"",""volume"",""recipiente"",""formato"",""bloco"",""retangular""}","{""problemas"",""envolvam"",""calculo"",""volume"",""recipiente"",""formato""}","{""matematica""}",true,https://catalogobncc.github.io/metadados/2022/03/30/efma,Importado dos metadados públicos do Catálogo BNCC. Revisar unidade temática e objeto de conhecimento na planilha oficial BNCC/MEC.
EF08MA22,Ensino Fundamental - Anos Finais,8º ano,Matemática,Matemática,,,"Calcular a probabilidade de eventos, com base na construção do espaço amostral, utilizando o princípio multiplicativo, e reconhecer que a soma das probabilidades de todos os elementos do espaço amostral é igual a 1.","{""calcular"",""probabilidade"",""eventos"",""construcao"",""espaco"",""amostral"",""principio"",""multiplicativo"",""probabilidades"",""todos""}","{""calcular"",""probabilidade"",""eventos"",""construcao"",""espaco"",""amostral""}","{""engenharia"",""matematica""}",true,https://catalogobncc.github.io/metadados/2022/03/30/efma,Importado dos metadados públicos do Catálogo BNCC. Revisar unidade temática e objeto de conhecimento na planilha oficial BNCC/MEC.
EF08MA23,Ensino Fundamental - Anos Finais,8º ano,Matemática,Matemática,,,Avaliar a adequação de diferentes tipos de gráficos para representar um conjunto de dados de uma pesquisa.,"{""avaliar"",""adequacao"",""tipos"",""graficos"",""representar"",""conjunto"",""dados"",""pesquisa""}","{""avaliar"",""adequacao"",""tipos"",""graficos"",""representar"",""conjunto""}","{""tecnologia"",""matematica""}",true,https://catalogobncc.github.io/metadados/2022/03/30/efma,Importado dos metadados públicos do Catálogo BNCC. Revisar unidade temática e objeto de conhecimento na planilha oficial BNCC/MEC.
EF08MA24,Ensino Fundamental - Anos Finais,8º ano,Matemática,Matemática,,,"Classificar as frequências de uma variável contínua de uma pesquisa em classes, de modo que resumam os dados de maneira adequada para a tomada de decisões.","{""classificar"",""frequencias"",""variavel"",""continua"",""pesquisa"",""classes"",""resumam"",""dados"",""maneira"",""adequada""}","{""classificar"",""frequencias"",""variavel"",""continua"",""pesquisa"",""classes""}","{""tecnologia"",""matematica""}",false,https://catalogobncc.github.io/metadados/2022/03/30/efma,Importado dos metadados públicos do Catálogo BNCC. Revisar unidade temática e objeto de conhecimento na planilha oficial BNCC/MEC.
EF08MA25,Ensino Fundamental - Anos Finais,8º ano,Matemática,Matemática,,,"Obter os valores de medidas de tendência central de uma pesquisa estatística (média, moda e mediana) com a compreensão de seus significados e relacioná-los com a dispersão de dados, indicada pela amplitude.","{""obter"",""valores"",""medidas"",""tendencia"",""central"",""pesquisa"",""estatistica"",""media"",""mediana"",""compreensao""}","{""obter"",""valores"",""medidas"",""tendencia"",""central"",""pesquisa""}","{""tecnologia"",""matematica""}",false,https://catalogobncc.github.io/metadados/2022/03/30/efma,Importado dos metadados públicos do Catálogo BNCC. Revisar unidade temática e objeto de conhecimento na planilha oficial BNCC/MEC.
EF08MA26,Ensino Fundamental - Anos Finais,8º ano,Matemática,Matemática,,,"Selecionar razões, de diferentes naturezas (física, ética ou econômica), que justificam a realização de pesquisas amostrais e não censitárias, e reconhecer que a seleção da amostra pode ser feita de diferentes maneiras (amostra casual simples, sistemática e estratificada).","{""selecionar"",""razoes"",""naturezas"",""fisica"",""etica"",""economica"",""justificam"",""realizacao"",""pesquisas"",""amostrais""}","{""selecionar"",""razoes"",""naturezas"",""fisica"",""etica"",""economica""}","{""ciencia"",""matematica""}",false,https://catalogobncc.github.io/metadados/2022/03/30/efma,Importado dos metadados públicos do Catálogo BNCC. Revisar unidade temática e objeto de conhecimento na planilha oficial BNCC/MEC.
EF08MA27,Ensino Fundamental - Anos Finais,8º ano,Matemática,Matemática,,,"Planejar e executar pesquisa amostral, selecionando uma técnica de amostragem adequada, e escrever relatório que contenha os gráficos apropriados para representar os conjuntos de dados, destacando aspectos como as medidas de tendência central, a amplitude e as conclusões.","{""planejar"",""executar"",""pesquisa"",""amostral"",""selecionando"",""tecnica"",""amostragem"",""adequada"",""escrever"",""relatorio""}","{""planejar"",""executar"",""pesquisa"",""amostral"",""selecionando"",""tecnica""}","{""tecnologia"",""matematica""}",true,https://catalogobncc.github.io/metadados/2022/03/30/efma,Importado dos metadados públicos do Catálogo BNCC. Revisar unidade temática e objeto de conhecimento na planilha oficial BNCC/MEC.
EF09CI01,Ensino Fundamental - Anos Finais,9º ano,Ciências da Natureza,Ciências,,,Investigar as mudanças de estado físico da matéria e explicar essas transformações com base no modelo de constituição submicroscópica.,"{""investigar"",""mudancas"",""estado"",""fisico"",""materia"",""explicar"",""transformacoes"",""modelo"",""constituicao"",""submicroscopica""}","{""investigar"",""mudancas"",""estado"",""fisico"",""materia"",""explicar""}","{""ciencia"",""artes""}",true,https://catalogobncc.github.io/metadados/2022/03/30/efci,Importado dos metadados públicos do Catálogo BNCC. Revisar unidade temática e objeto de conhecimento na planilha oficial BNCC/MEC.
EF09CI02,Ensino Fundamental - Anos Finais,9º ano,Ciências da Natureza,Ciências,,,"Comparar quantidades de reagentes e produtos envolvidos em transformações químicas, estabelecendo a proporção entre as suas massas.","{""quantidades"",""reagentes"",""produtos"",""envolvidos"",""transformacoes"",""quimicas"",""estabelecendo"",""proporcao"",""massas""}","{""quantidades"",""reagentes"",""produtos"",""envolvidos"",""transformacoes"",""quimicas""}","{""ciencia""}",true,https://catalogobncc.github.io/metadados/2022/03/30/efci,Importado dos metadados públicos do Catálogo BNCC. Revisar unidade temática e objeto de conhecimento na planilha oficial BNCC/MEC.
EF09CI03,Ensino Fundamental - Anos Finais,9º ano,Ciências da Natureza,Ciências,,,Identificar modelos que descrevem a estrutura da matéria (constituição do átomo e composição de moléculas simples) e reconhecer sua evolução histórica.,"{""modelos"",""descrevem"",""estrutura"",""materia"",""constituicao"",""atomo"",""composicao"",""moleculas"",""simples"",""evolucao""}","{""modelos"",""descrevem"",""estrutura"",""materia"",""constituicao"",""atomo""}","{""ciencia"",""engenharia""}",true,https://catalogobncc.github.io/metadados/2022/03/30/efci,Importado dos metadados públicos do Catálogo BNCC. Revisar unidade temática e objeto de conhecimento na planilha oficial BNCC/MEC.
EF09CI04,Ensino Fundamental - Anos Finais,9º ano,Ciências da Natureza,Ciências,,,Planejar e executar experimentos que evidenciem que todas as cores de luz podem ser formadas pela composição das três cores primárias da luz e que a cor de um objeto está relacionada também à cor da luz que o ilumina.,"{""planejar"",""executar"",""experimentos"",""evidenciem"",""todas"",""cores"",""podem"",""formadas"",""composicao"",""primarias""}","{""planejar"",""executar"",""experimentos"",""evidenciem"",""todas"",""cores""}","{""ciencia""}",true,https://catalogobncc.github.io/metadados/2022/03/30/efci,Importado dos metadados públicos do Catálogo BNCC. Revisar unidade temática e objeto de conhecimento na planilha oficial BNCC/MEC.
EF09CI05,Ensino Fundamental - Anos Finais,9º ano,Ciências da Natureza,Ciências,,,Investigar os principais mecanismos envolvidos na transmissão e recepção de imagem e som que revolucionaram os sistemas de comunicação humana.,"{""investigar"",""principais"",""mecanismos"",""envolvidos"",""transmissao"",""recepcao"",""imagem"",""revolucionaram"",""sistemas"",""comunicacao""}","{""investigar"",""principais"",""mecanismos"",""envolvidos"",""transmissao"",""recepcao""}","{""ciencia"",""engenharia"",""artes""}",true,https://catalogobncc.github.io/metadados/2022/03/30/efci,Importado dos metadados públicos do Catálogo BNCC. Revisar unidade temática e objeto de conhecimento na planilha oficial BNCC/MEC.
EF09CI06,Ensino Fundamental - Anos Finais,9º ano,Ciências da Natureza,Ciências,,,"Classificar as radiações eletromagnéticas por suas frequências, fontes e aplicações, discutindo e avaliando as implicações de seu uso em controle remoto, telefone celular, raio X, forno de micro-ondas, fotocélulas etc.","{""classificar"",""radiacoes"",""eletromagneticas"",""frequencias"",""fontes"",""aplicacoes"",""discutindo"",""avaliando"",""implicacoes"",""controle""}","{""classificar"",""radiacoes"",""eletromagneticas"",""frequencias"",""fontes"",""aplicacoes""}","{""ciencia""}",false,https://catalogobncc.github.io/metadados/2022/03/30/efci,Importado dos metadados públicos do Catálogo BNCC. Revisar unidade temática e objeto de conhecimento na planilha oficial BNCC/MEC.
EF09CI07,Ensino Fundamental - Anos Finais,9º ano,Ciências da Natureza,Ciências,,,"Discutir o papel do avanço tecnológico na aplicação das radiações na medicina diagnóstica (raio X, ultrassom, ressonância nuclear magnética) e no tratamento de doenças (radioterapia, cirurgia ótica a laser, infravermelho, ultravioleta etc.).","{""papel"",""avanco"",""tecnologico"",""aplicacao"",""radiacoes"",""medicina"",""diagnostica"",""ultrassom"",""ressonancia"",""nuclear""}","{""papel"",""avanco"",""tecnologico"",""aplicacao"",""radiacoes"",""medicina""}","{""ciencia"",""tecnologia""}",false,https://catalogobncc.github.io/metadados/2022/03/30/efci,Importado dos metadados públicos do Catálogo BNCC. Revisar unidade temática e objeto de conhecimento na planilha oficial BNCC/MEC.
EF09CI08,Ensino Fundamental - Anos Finais,9º ano,Ciências da Natureza,Ciências,,,"Associar os gametas à transmissão das características hereditárias, estabelecendo relações entre ancestrais e descendentes.","{""associar"",""gametas"",""transmissao"",""caracteristicas"",""hereditarias"",""estabelecendo"",""relacoes"",""ancestrais"",""descendentes""}","{""associar"",""gametas"",""transmissao"",""caracteristicas"",""hereditarias"",""estabelecendo""}","{""ciencia""}",false,https://catalogobncc.github.io/metadados/2022/03/30/efci,Importado dos metadados públicos do Catálogo BNCC. Revisar unidade temática e objeto de conhecimento na planilha oficial BNCC/MEC.
EF09CI09,Ensino Fundamental - Anos Finais,9º ano,Ciências da Natureza,Ciências,,,"Discutir as ideias de Mendel sobre hereditariedade (fatores hereditários, segregação, gametas, fecundação), considerando-as para resolver problemas envolvendo a transmissão de características hereditárias em diferentes organismos.","{""ideias"",""mendel"",""hereditariedade"",""fatores"",""hereditarios"",""segregacao"",""gametas"",""fecundacao"",""considerando"",""problemas""}","{""ideias"",""mendel"",""hereditariedade"",""fatores"",""hereditarios"",""segregacao""}","{""ciencia""}",false,https://catalogobncc.github.io/metadados/2022/03/30/efci,Importado dos metadados públicos do Catálogo BNCC. Revisar unidade temática e objeto de conhecimento na planilha oficial BNCC/MEC.
EF09CI10,Ensino Fundamental - Anos Finais,9º ano,Ciências da Natureza,Ciências,,,"Comparar as ideias evolucionistas de Lamarck e Darwin apresentadas em textos científicos e históricos, identificando semelhanças e diferenças entre essas ideias e sua importância para explicar a diversidade biológica.","{""ideias"",""evolucionistas"",""lamarck"",""darwin"",""apresentadas"",""textos"",""cientificos"",""historicos"",""identificando"",""semelhancas""}","{""ideias"",""evolucionistas"",""lamarck"",""darwin"",""apresentadas"",""textos""}","{""ciencia""}",false,https://catalogobncc.github.io/metadados/2022/03/30/efci,Importado dos metadados públicos do Catálogo BNCC. Revisar unidade temática e objeto de conhecimento na planilha oficial BNCC/MEC.
EF09CI11,Ensino Fundamental - Anos Finais,9º ano,Ciências da Natureza,Ciências,,,"Discutir a evolução e a diversidade das espécies com base na atuação da seleção natural sobre as variantes de uma mesma espécie, resultantes de processo reprodutivo.","{""evolucao"",""diversidade"",""especies"",""atuacao"",""selecao"",""natural"",""variantes"",""mesma"",""especie"",""resultantes""}","{""evolucao"",""diversidade"",""especies"",""atuacao"",""selecao"",""natural""}","{""ciencia""}",false,https://catalogobncc.github.io/metadados/2022/03/30/efci,Importado dos metadados públicos do Catálogo BNCC. Revisar unidade temática e objeto de conhecimento na planilha oficial BNCC/MEC.
EF09CI12,Ensino Fundamental - Anos Finais,9º ano,Ciências da Natureza,Ciências,,,"Justificar a importância das unidades de conservação para a preservação da biodiversidade e do patrimônio nacional, considerando os diferentes tipos de unidades (parques, reservas e florestas nacionais), as populações humanas e as atividades a eles relacionados.","{""justificar"",""importancia"",""unidades"",""conservacao"",""preservacao"",""biodiversidade"",""patrimonio"",""nacional"",""considerando"",""tipos""}","{""justificar"",""importancia"",""unidades"",""conservacao"",""preservacao"",""biodiversidade""}","{""ciencia""}",false,https://catalogobncc.github.io/metadados/2022/03/30/efci,Importado dos metadados públicos do Catálogo BNCC. Revisar unidade temática e objeto de conhecimento na planilha oficial BNCC/MEC.
EF09CI13,Ensino Fundamental - Anos Finais,9º ano,Ciências da Natureza,Ciências,,,"Propor iniciativas individuais e coletivas para a solução de problemas ambientais da cidade ou da comunidade, com base na análise de ações de consumo consciente e de sustentabilidade bem-sucedidas.","{""propor"",""iniciativas"",""individuais"",""coletivas"",""solucao"",""problemas"",""ambientais"",""cidade"",""comunidade"",""analise""}","{""propor"",""iniciativas"",""individuais"",""coletivas"",""solucao"",""problemas""}","{""ciencia"",""engenharia""}",true,https://catalogobncc.github.io/metadados/2022/03/30/efci,Importado dos metadados públicos do Catálogo BNCC. Revisar unidade temática e objeto de conhecimento na planilha oficial BNCC/MEC.
EF09CI14,Ensino Fundamental - Anos Finais,9º ano,Ciências da Natureza,Ciências,,,"Descrever a composição e a estrutura do Sistema Solar (Sol, planetas rochosos, planetas gigantes gasosos e corpos menores), assim como a localização do Sistema Solar na nossa Galáxia (a Via Láctea) e dela no Universo (apenas uma galáxia dentre bilhões).","{""descrever"",""composicao"",""estrutura"",""sistema"",""solar"",""planetas"",""rochosos"",""gigantes"",""gasosos"",""corpos""}","{""descrever"",""composicao"",""estrutura"",""sistema"",""solar"",""planetas""}","{""ciencia"",""engenharia""}",false,https://catalogobncc.github.io/metadados/2022/03/30/efci,Importado dos metadados públicos do Catálogo BNCC. Revisar unidade temática e objeto de conhecimento na planilha oficial BNCC/MEC.
EF09CI15,Ensino Fundamental - Anos Finais,9º ano,Ciências da Natureza,Ciências,,,"Relacionar diferentes leituras do céu e explicações sobre a origem da Terra, do Sol ou do Sistema Solar às necessidades de distintas culturas (agricultura, caça, mito, orientação espacial e temporal etc.).","{""relacionar"",""leituras"",""explicacoes"",""origem"",""terra"",""sistema"",""solar"",""necessidades"",""distintas"",""culturas""}","{""relacionar"",""leituras"",""explicacoes"",""origem"",""terra"",""sistema""}","{""ciencia"",""artes""}",false,https://catalogobncc.github.io/metadados/2022/03/30/efci,Importado dos metadados públicos do Catálogo BNCC. Revisar unidade temática e objeto de conhecimento na planilha oficial BNCC/MEC.
EF09CI16,Ensino Fundamental - Anos Finais,9º ano,Ciências da Natureza,Ciências,,,"Selecionar argumentos sobre a viabilidade da sobrevivência humana fora da Terra, com base nas condições necessárias à vida, nas características dos planetas e nas distâncias e nos tempos envolvidos em viagens interplanetárias e interestelares.","{""selecionar"",""argumentos"",""viabilidade"",""sobrevivencia"",""humana"",""terra"",""condicoes"",""necessarias"",""caracteristicas"",""planetas""}","{""selecionar"",""argumentos"",""viabilidade"",""sobrevivencia"",""humana"",""terra""}","{""ciencia""}",false,https://catalogobncc.github.io/metadados/2022/03/30/efci,Importado dos metadados públicos do Catálogo BNCC. Revisar unidade temática e objeto de conhecimento na planilha oficial BNCC/MEC.
EF09CI17,Ensino Fundamental - Anos Finais,9º ano,Ciências da Natureza,Ciências,,,"Analisar o ciclo evolutivo do Sol (nascimento, vida e morte) baseado no conhecimento das etapas de evolução de estrelas de diferentes dimensões e os efeitos desse processo no nosso planeta.","{""ciclo"",""evolutivo"",""nascimento"",""morte"",""baseado"",""conhecimento"",""etapas"",""evolucao"",""estrelas"",""dimensoes""}","{""ciclo"",""evolutivo"",""nascimento"",""morte"",""baseado"",""conhecimento""}","{""ciencia""}",false,https://catalogobncc.github.io/metadados/2022/03/30/efci,Importado dos metadados públicos do Catálogo BNCC. Revisar unidade temática e objeto de conhecimento na planilha oficial BNCC/MEC.
EF09ER01,Ensino Fundamental - Anos Finais,9º ano,Ensino Religioso,Ensino Religioso,,,Analisar princípios e orientações para o cuidado da vida e nas diversas tradições religiosas e filosofias de vida.,"{""principios"",""orientacoes"",""cuidado"",""tradicoes"",""religiosas"",""filosofias""}","{""principios"",""orientacoes"",""cuidado"",""tradicoes"",""religiosas"",""filosofias""}","{""ciencia""}",false,https://catalogobncc.github.io/metadados/2022/03/30/efer,Importado dos metadados públicos do Catálogo BNCC. Revisar unidade temática e objeto de conhecimento na planilha oficial BNCC/MEC.
EF09ER02,Ensino Fundamental - Anos Finais,9º ano,Ensino Religioso,Ensino Religioso,,,"Discutir as diferentes expressões de valorização e de desrespeito à vida, por meio da análise de matérias nas diferentes mídias.","{""expressoes"",""valorizacao"",""desrespeito"",""analise"",""materias"",""midias""}","{""expressoes"",""valorizacao"",""desrespeito"",""analise"",""materias"",""midias""}","{""ciencia"",""tecnologia""}",false,https://catalogobncc.github.io/metadados/2022/03/30/efer,Importado dos metadados públicos do Catálogo BNCC. Revisar unidade temática e objeto de conhecimento na planilha oficial BNCC/MEC.
EF09ER03,Ensino Fundamental - Anos Finais,9º ano,Ensino Religioso,Ensino Religioso,,,"Identificar sentidos do viver e do morrer em diferentes tradições religiosas, através do estudo de mitos fundantes.","{""sentidos"",""viver"",""morrer"",""tradicoes"",""religiosas"",""atraves"",""estudo"",""mitos"",""fundantes""}","{""sentidos"",""viver"",""morrer"",""tradicoes"",""religiosas"",""atraves""}",{},false,https://catalogobncc.github.io/metadados/2022/03/30/efer,Importado dos metadados públicos do Catálogo BNCC. Revisar unidade temática e objeto de conhecimento na planilha oficial BNCC/MEC.
EF09ER04,Ensino Fundamental - Anos Finais,9º ano,Ensino Religioso,Ensino Religioso,,,"Identificar concepções de vida e morte em diferentes tradições religiosas e filosofias de vida, por meio da análise de diferentes ritos fúnebres.","{""concepcoes"",""morte"",""tradicoes"",""religiosas"",""filosofias"",""analise"",""ritos"",""funebres""}","{""concepcoes"",""morte"",""tradicoes"",""religiosas"",""filosofias"",""analise""}","{""ciencia""}",false,https://catalogobncc.github.io/metadados/2022/03/30/efer,Importado dos metadados públicos do Catálogo BNCC. Revisar unidade temática e objeto de conhecimento na planilha oficial BNCC/MEC.
EF09ER05,Ensino Fundamental - Anos Finais,9º ano,Ensino Religioso,Ensino Religioso,,,"Analisar as diferentes ideias de imortalidade elaboradas pelas tradições religiosas (ancestralidade, reencarnação, transmigração e ressurreição).","{""ideias"",""imortalidade"",""elaboradas"",""pelas"",""tradicoes"",""religiosas"",""ancestralidade"",""reencarnacao"",""transmigracao"",""ressurreicao""}","{""ideias"",""imortalidade"",""elaboradas"",""pelas"",""tradicoes"",""religiosas""}",{},false,https://catalogobncc.github.io/metadados/2022/03/30/efer,Importado dos metadados públicos do Catálogo BNCC. Revisar unidade temática e objeto de conhecimento na planilha oficial BNCC/MEC.
EF09ER06,Ensino Fundamental - Anos Finais,9º ano,Ensino Religioso,Ensino Religioso,,,Reconhecer a coexistência como uma atitude ética de respeito à vida e à dignidade humana.,"{""coexistencia"",""atitude"",""etica"",""respeito"",""dignidade"",""humana""}","{""coexistencia"",""atitude"",""etica"",""respeito"",""dignidade"",""humana""}","{""ciencia""}",false,https://catalogobncc.github.io/metadados/2022/03/30/efer,Importado dos metadados públicos do Catálogo BNCC. Revisar unidade temática e objeto de conhecimento na planilha oficial BNCC/MEC.
EF09ER07,Ensino Fundamental - Anos Finais,9º ano,Ensino Religioso,Ensino Religioso,,,"Identificar princípios éticos (familiares, religiosos e culturais) que possam alicerçar a construção de projetos de vida.","{""principios"",""eticos"",""familiares"",""religiosos"",""culturais"",""possam"",""alicercar"",""construcao"",""projetos""}","{""principios"",""eticos"",""familiares"",""religiosos"",""culturais"",""possam""}","{""ciencia"",""engenharia"",""artes""}",true,https://catalogobncc.github.io/metadados/2022/03/30/efer,Importado dos metadados públicos do Catálogo BNCC. Revisar unidade temática e objeto de conhecimento na planilha oficial BNCC/MEC.
EF09ER08,Ensino Fundamental - Anos Finais,9º ano,Ensino Religioso,Ensino Religioso,,,Construir projetos de vida assentados em princípios e valores éticos.,"{""construir"",""projetos"",""assentados"",""principios"",""valores"",""eticos""}","{""construir"",""projetos"",""assentados"",""principios"",""valores"",""eticos""}","{""ciencia"",""engenharia""}",true,https://catalogobncc.github.io/metadados/2022/03/30/efer,Importado dos metadados públicos do Catálogo BNCC. Revisar unidade temática e objeto de conhecimento na planilha oficial BNCC/MEC.
EF09GE01,Ensino Fundamental - Anos Finais,9º ano,Ciências Humanas,Geografia,,,"Analisar criticamente de que forma a hegemonia europeia foi exercida em várias regiões do planeta, notadamente em situações de conflito, intervenções militares e/ou influência cultural em diferentes tempos e lugares.","{""criticamente"",""hegemonia"",""europeia"",""exercida"",""varias"",""regioes"",""planeta"",""notadamente"",""situacoes"",""conflito""}","{""criticamente"",""hegemonia"",""europeia"",""exercida"",""varias"",""regioes""}","{""artes""}",false,https://catalogobncc.github.io/metadados/2022/03/30/efge,Importado dos metadados públicos do Catálogo BNCC. Revisar unidade temática e objeto de conhecimento na planilha oficial BNCC/MEC.
EF09GE02,Ensino Fundamental - Anos Finais,9º ano,Ciências Humanas,Geografia,,,"Analisar a atuação das corporações internacionais e das organizações econômicas mundiais na vida da população em relação ao consumo, à cultura e à mobilidade.","{""atuacao"",""corporacoes"",""internacionais"",""organizacoes"",""economicas"",""mundiais"",""populacao"",""relacao"",""consumo"",""cultura""}","{""atuacao"",""corporacoes"",""internacionais"",""organizacoes"",""economicas"",""mundiais""}","{""ciencia"",""artes""}",false,https://catalogobncc.github.io/metadados/2022/03/30/efge,Importado dos metadados públicos do Catálogo BNCC. Revisar unidade temática e objeto de conhecimento na planilha oficial BNCC/MEC.
EF09GE03,Ensino Fundamental - Anos Finais,9º ano,Ciências Humanas,Geografia,,,"Identificar diferentes manifestações culturais de minorias étnicas como forma de compreender a multiplicidade cultural na escala mundial, defendendo o princípio do respeito às diferenças.","{""manifestacoes"",""culturais"",""minorias"",""etnicas"",""multiplicidade"",""cultural"",""escala"",""mundial"",""defendendo"",""principio""}","{""manifestacoes"",""culturais"",""minorias"",""etnicas"",""multiplicidade"",""cultural""}","{""artes""}",false,https://catalogobncc.github.io/metadados/2022/03/30/efge,Importado dos metadados públicos do Catálogo BNCC. Revisar unidade temática e objeto de conhecimento na planilha oficial BNCC/MEC.
EF09GE04,Ensino Fundamental - Anos Finais,9º ano,Ciências Humanas,Geografia,,,"Relacionar diferenças de paisagens aos modos de viver de diferentes povos na Europa, Ásia e Oceania, valorizando identidades e interculturalidades regionais.","{""relacionar"",""diferencas"",""paisagens"",""modos"",""viver"",""povos"",""europa"",""oceania"",""valorizando"",""identidades""}","{""relacionar"",""diferencas"",""paisagens"",""modos"",""viver"",""povos""}","{""artes""}",false,https://catalogobncc.github.io/metadados/2022/03/30/efge,Importado dos metadados públicos do Catálogo BNCC. Revisar unidade temática e objeto de conhecimento na planilha oficial BNCC/MEC.
EF09GE05,Ensino Fundamental - Anos Finais,9º ano,Ciências Humanas,Geografia,,,"Analisar fatos e situações para compreender a integração mundial (econômica, política e cultural), comparando as diferentes interpretações: globalização e mundialização.","{""fatos"",""situacoes"",""integracao"",""mundial"",""economica"",""politica"",""cultural"",""comparando"",""interpretacoes"",""globalizacao""}","{""fatos"",""situacoes"",""integracao"",""mundial"",""economica"",""politica""}","{""artes""}",false,https://catalogobncc.github.io/metadados/2022/03/30/efge,Importado dos metadados públicos do Catálogo BNCC. Revisar unidade temática e objeto de conhecimento na planilha oficial BNCC/MEC.
EF09GE06,Ensino Fundamental - Anos Finais,9º ano,Ciências Humanas,Geografia,,,Associar o critério de divisão do mundo em Ocidente e Oriente com o Sistema Colonial implantado pelas potências europeias.,"{""associar"",""criterio"",""divisao"",""mundo"",""ocidente"",""oriente"",""sistema"",""colonial"",""implantado"",""pelas""}","{""associar"",""criterio"",""divisao"",""mundo"",""ocidente"",""oriente""}",{},false,https://catalogobncc.github.io/metadados/2022/03/30/efge,Importado dos metadados públicos do Catálogo BNCC. Revisar unidade temática e objeto de conhecimento na planilha oficial BNCC/MEC.
EF09GE07,Ensino Fundamental - Anos Finais,9º ano,Ciências Humanas,Geografia,,,Analisar os componentes físico-naturais da Eurásia e os determinantes histórico-geográficos de sua divisão em Europa e Ásia.,"{""componentes"",""fisico"",""naturais"",""eurasia"",""determinantes"",""historico"",""geograficos"",""divisao"",""europa""}","{""componentes"",""fisico"",""naturais"",""eurasia"",""determinantes"",""historico""}","{""matematica""}",false,https://catalogobncc.github.io/metadados/2022/03/30/efge,Importado dos metadados públicos do Catálogo BNCC. Revisar unidade temática e objeto de conhecimento na planilha oficial BNCC/MEC.
EF09GE08,Ensino Fundamental - Anos Finais,9º ano,Ciências Humanas,Geografia,,,"Analisar transformações territoriais, considerando o movimento de fronteiras, tensões, conflitos e múltiplas regionalidades na Europa, na Ásia e na Oceania.","{""transformacoes"",""territoriais"",""considerando"",""movimento"",""fronteiras"",""tensoes"",""conflitos"",""multiplas"",""regionalidades"",""europa""}","{""transformacoes"",""territoriais"",""considerando"",""movimento"",""fronteiras"",""tensoes""}",{},false,https://catalogobncc.github.io/metadados/2022/03/30/efge,Importado dos metadados públicos do Catálogo BNCC. Revisar unidade temática e objeto de conhecimento na planilha oficial BNCC/MEC.
EF09GE09,Ensino Fundamental - Anos Finais,9º ano,Ciências Humanas,Geografia,,,"Analisar características de países e grupos de países europeus, asiáticos e da Oceania em seus aspectos populacionais, urbanos, políticos e econômicos, e discutir suas desigualdades sociais e econômicas e pressões sobre seus ambientes físico-naturais.","{""caracteristicas"",""paises"",""grupos"",""europeus"",""asiaticos"",""oceania"",""aspectos"",""populacionais"",""urbanos"",""politicos""}","{""caracteristicas"",""paises"",""grupos"",""europeus"",""asiaticos"",""oceania""}","{""ciencia""}",false,https://catalogobncc.github.io/metadados/2022/03/30/efge,Importado dos metadados públicos do Catálogo BNCC. Revisar unidade temática e objeto de conhecimento na planilha oficial BNCC/MEC.
EF09GE10,Ensino Fundamental - Anos Finais,9º ano,Ciências Humanas,Geografia,,,"Analisar os impactos do processo de industrialização na produção e circulação de produtos e culturas na Europa, na Ásia e na Oceania.","{""impactos"",""processo"",""industrializacao"",""producao"",""circulacao"",""produtos"",""culturas"",""europa"",""oceania""}","{""impactos"",""processo"",""industrializacao"",""producao"",""circulacao"",""produtos""}","{""artes""}",false,https://catalogobncc.github.io/metadados/2022/03/30/efge,Importado dos metadados públicos do Catálogo BNCC. Revisar unidade temática e objeto de conhecimento na planilha oficial BNCC/MEC.
EF09GE11,Ensino Fundamental - Anos Finais,9º ano,Ciências Humanas,Geografia,,,Relacionar as mudanças técnicas e científicas decorrentes do processo de industrialização com as transformações no trabalho em diferentes regiões do mundo e suas consequências no Brasil.,"{""relacionar"",""mudancas"",""tecnicas"",""cientificas"",""decorrentes"",""processo"",""industrializacao"",""transformacoes"",""trabalho"",""regioes""}","{""relacionar"",""mudancas"",""tecnicas"",""cientificas"",""decorrentes"",""processo""}","{""ciencia"",""artes""}",false,https://catalogobncc.github.io/metadados/2022/03/30/efge,Importado dos metadados públicos do Catálogo BNCC. Revisar unidade temática e objeto de conhecimento na planilha oficial BNCC/MEC.
EF09GE12,Ensino Fundamental - Anos Finais,9º ano,Ciências Humanas,Geografia,,,"Relacionar o processo de urbanização às transformações da produção agropecuária, à expansão do desemprego estrutural e ao papel crescente do capital financeiro em diferentes países, com destaque para o Brasil.","{""relacionar"",""processo"",""urbanizacao"",""transformacoes"",""producao"",""agropecuaria"",""expansao"",""desemprego"",""estrutural"",""papel""}","{""relacionar"",""processo"",""urbanizacao"",""transformacoes"",""producao"",""agropecuaria""}","{""engenharia""}",false,https://catalogobncc.github.io/metadados/2022/03/30/efge,Importado dos metadados públicos do Catálogo BNCC. Revisar unidade temática e objeto de conhecimento na planilha oficial BNCC/MEC.
EF09GE13,Ensino Fundamental - Anos Finais,9º ano,Ciências Humanas,Geografia,,,Analisar a importância da produção agropecuária na sociedade urbano-industrial ante o problema da desigualdade mundial de acesso aos recursos alimentares e à matéria-prima.,"{""importancia"",""producao"",""agropecuaria"",""sociedade"",""urbano"",""industrial"",""problema"",""desigualdade"",""mundial"",""acesso""}","{""importancia"",""producao"",""agropecuaria"",""sociedade"",""urbano"",""industrial""}","{""ciencia""}",false,https://catalogobncc.github.io/metadados/2022/03/30/efge,Importado dos metadados públicos do Catálogo BNCC. Revisar unidade temática e objeto de conhecimento na planilha oficial BNCC/MEC.
EF09GE14,Ensino Fundamental - Anos Finais,9º ano,Ciências Humanas,Geografia,,,"Elaborar e interpretar gráficos de barras e de setores, mapas temáticos e esquemáticos (croquis) e anamorfoses geográficas para analisar, sintetizar e apresentar dados e informações sobre diversidade, diferenças e desigualdades sociopolíticas e geopolíticas mundiais.","{""interpretar"",""graficos"",""barras"",""setores"",""mapas"",""tematicos"",""esquematicos"",""croquis"",""anamorfoses"",""geograficas""}","{""interpretar"",""graficos"",""barras"",""setores"",""mapas"",""tematicos""}","{""tecnologia"",""matematica""}",true,https://catalogobncc.github.io/metadados/2022/03/30/efge,Importado dos metadados públicos do Catálogo BNCC. Revisar unidade temática e objeto de conhecimento na planilha oficial BNCC/MEC.
EF09GE15,Ensino Fundamental - Anos Finais,9º ano,Ciências Humanas,Geografia,,,"Comparar e classificar diferentes regiões do mundo com base em informações populacionais, econômicas e socioambientais representadas em mapas temáticos e com diferentes projeções cartográficas.","{""classificar"",""regioes"",""mundo"",""informacoes"",""populacionais"",""economicas"",""socioambientais"",""representadas"",""mapas"",""tematicos""}","{""classificar"",""regioes"",""mundo"",""informacoes"",""populacionais"",""economicas""}",{},false,https://catalogobncc.github.io/metadados/2022/03/30/efge,Importado dos metadados públicos do Catálogo BNCC. Revisar unidade temática e objeto de conhecimento na planilha oficial BNCC/MEC.
EF09GE16,Ensino Fundamental - Anos Finais,9º ano,Ciências Humanas,Geografia,,,"Identificar e comparar diferentes domínios morfoclimáticos da Europa, da Ásia e da Oceania.","{""dominios"",""morfoclimaticos"",""europa"",""oceania""}","{""dominios"",""morfoclimaticos"",""europa"",""oceania""}",{},false,https://catalogobncc.github.io/metadados/2022/03/30/efge,Importado dos metadados públicos do Catálogo BNCC. Revisar unidade temática e objeto de conhecimento na planilha oficial BNCC/MEC.
EF09GE17,Ensino Fundamental - Anos Finais,9º ano,Ciências Humanas,Geografia,,,"Explicar as características físico-naturais e a forma de ocupação e usos da terra em diferentes regiões da Europa, da Ásia e da Oceania.","{""explicar"",""caracteristicas"",""fisico"",""naturais"",""ocupacao"",""terra"",""regioes"",""europa"",""oceania""}","{""explicar"",""caracteristicas"",""fisico"",""naturais"",""ocupacao"",""terra""}",{},false,https://catalogobncc.github.io/metadados/2022/03/30/efge,Importado dos metadados públicos do Catálogo BNCC. Revisar unidade temática e objeto de conhecimento na planilha oficial BNCC/MEC.
EF09GE18,Ensino Fundamental - Anos Finais,9º ano,Ciências Humanas,Geografia,,,"Identificar e analisar as cadeias industriais e de inovação e as consequências dos usos de recursos naturais e das diferentes fontes de energia (tais como termoelétrica, hidrelétrica, eólica e nuclear) em diferentes países.","{""cadeias"",""industriais"",""inovacao"",""consequencias"",""recursos"",""naturais"",""fontes"",""energia"",""termoeletrica"",""hidreletrica""}","{""cadeias"",""industriais"",""inovacao"",""consequencias"",""recursos"",""naturais""}","{""ciencia""}",false,https://catalogobncc.github.io/metadados/2022/03/30/efge,Importado dos metadados públicos do Catálogo BNCC. Revisar unidade temática e objeto de conhecimento na planilha oficial BNCC/MEC.
EF09HI01,Ensino Fundamental - Anos Finais,9º ano,Ciências Humanas,História,,,"Descrever e contextualizar os principais aspectos sociais, culturais, econômicos e políticos da emergência da República no Brasil.","{""descrever"",""contextualizar"",""principais"",""aspectos"",""sociais"",""culturais"",""economicos"",""politicos"",""emergencia"",""republica""}","{""descrever"",""contextualizar"",""principais"",""aspectos"",""sociais"",""culturais""}","{""artes""}",false,https://catalogobncc.github.io/metadados/2022/03/30/efhi,Importado dos metadados públicos do Catálogo BNCC. Revisar unidade temática e objeto de conhecimento na planilha oficial BNCC/MEC.
EF09HI02,Ensino Fundamental - Anos Finais,9º ano,Ciências Humanas,História,,,"Caracterizar e compreender os ciclos da história republicana, identificando particularidades da história local e regional até 1954.","{""caracterizar"",""ciclos"",""historia"",""republicana"",""identificando"",""particularidades"",""local"",""regional""}","{""caracterizar"",""ciclos"",""historia"",""republicana"",""identificando"",""particularidades""}",{},false,https://catalogobncc.github.io/metadados/2022/03/30/efhi,Importado dos metadados públicos do Catálogo BNCC. Revisar unidade temática e objeto de conhecimento na planilha oficial BNCC/MEC.
EF09HI03,Ensino Fundamental - Anos Finais,9º ano,Ciências Humanas,História,,,Identificar os mecanismos de inserção dos negros na sociedade brasileira pós-abolição e avaliar os seus resultados.,"{""mecanismos"",""insercao"",""negros"",""sociedade"",""brasileira"",""abolicao"",""avaliar"",""resultados""}","{""mecanismos"",""insercao"",""negros"",""sociedade"",""brasileira"",""abolicao""}","{""engenharia""}",false,https://catalogobncc.github.io/metadados/2022/03/30/efhi,Importado dos metadados públicos do Catálogo BNCC. Revisar unidade temática e objeto de conhecimento na planilha oficial BNCC/MEC.
EF09HI04,Ensino Fundamental - Anos Finais,9º ano,Ciências Humanas,História,,,"Discutir a importância da participação da população negra na formação econômica, política e social do Brasil.","{""importancia"",""participacao"",""populacao"",""negra"",""formacao"",""economica"",""politica"",""social"",""brasil""}","{""importancia"",""participacao"",""populacao"",""negra"",""formacao"",""economica""}",{},false,https://catalogobncc.github.io/metadados/2022/03/30/efhi,Importado dos metadados públicos do Catálogo BNCC. Revisar unidade temática e objeto de conhecimento na planilha oficial BNCC/MEC.
EF09HI05,Ensino Fundamental - Anos Finais,9º ano,Ciências Humanas,História,,,Identificar os processos de urbanização e modernização da sociedade brasileira e avaliar suas contradições e impactos na região em que vive.,"{""processos"",""urbanizacao"",""modernizacao"",""sociedade"",""brasileira"",""avaliar"",""contradicoes"",""impactos"",""regiao""}","{""processos"",""urbanizacao"",""modernizacao"",""sociedade"",""brasileira"",""avaliar""}",{},false,https://catalogobncc.github.io/metadados/2022/03/30/efhi,Importado dos metadados públicos do Catálogo BNCC. Revisar unidade temática e objeto de conhecimento na planilha oficial BNCC/MEC.
EF09HI06,Ensino Fundamental - Anos Finais,9º ano,Ciências Humanas,História,,,"Identificar e discutir o papel do trabalhismo como força política, social e cultural no Brasil, em diferentes escalas (nacional, regional, cidade, comunidade).","{""papel"",""trabalhismo"",""forca"",""politica"",""social"",""cultural"",""brasil"",""escalas"",""nacional"",""regional""}","{""papel"",""trabalhismo"",""forca"",""politica"",""social"",""cultural""}","{""artes""}",false,https://catalogobncc.github.io/metadados/2022/03/30/efhi,Importado dos metadados públicos do Catálogo BNCC. Revisar unidade temática e objeto de conhecimento na planilha oficial BNCC/MEC.
EF09HI07,Ensino Fundamental - Anos Finais,9º ano,Ciências Humanas,História,,,"Identificar e explicar, em meio a lógicas de inclusão e exclusão, as pautas dos povos indígenas, no contexto republicano (até 1964), e das populações afrodescendentes.","{""explicar"",""logicas"",""inclusao"",""exclusao"",""pautas"",""povos"",""indigenas"",""contexto"",""republicano"",""populacoes""}","{""explicar"",""logicas"",""inclusao"",""exclusao"",""pautas"",""povos""}",{},false,https://catalogobncc.github.io/metadados/2022/03/30/efhi,Importado dos metadados públicos do Catálogo BNCC. Revisar unidade temática e objeto de conhecimento na planilha oficial BNCC/MEC.
EF09HI08,Ensino Fundamental - Anos Finais,9º ano,Ciências Humanas,História,,,Identificar as transformações ocorridas no debate sobre as questões da diversidade no Brasil durante o século XX e compreender o significado das mudanças de abordagem em relação ao tema.,"{""transformacoes"",""ocorridas"",""debate"",""questoes"",""diversidade"",""brasil"",""durante"",""seculo"",""significado"",""mudancas""}","{""transformacoes"",""ocorridas"",""debate"",""questoes"",""diversidade"",""brasil""}","{""artes""}",false,https://catalogobncc.github.io/metadados/2022/03/30/efhi,Importado dos metadados públicos do Catálogo BNCC. Revisar unidade temática e objeto de conhecimento na planilha oficial BNCC/MEC.
EF09HI09,Ensino Fundamental - Anos Finais,9º ano,Ciências Humanas,História,,,"Relacionar as conquistas de direitos políticos, sociais e civis à atuação de movimentos sociais.","{""relacionar"",""conquistas"",""direitos"",""politicos"",""sociais"",""civis"",""atuacao"",""movimentos""}","{""relacionar"",""conquistas"",""direitos"",""politicos"",""sociais"",""civis""}",{},false,https://catalogobncc.github.io/metadados/2022/03/30/efhi,Importado dos metadados públicos do Catálogo BNCC. Revisar unidade temática e objeto de conhecimento na planilha oficial BNCC/MEC.
EF09HI10,Ensino Fundamental - Anos Finais,9º ano,Ciências Humanas,História,,,"Identificar e relacionar as dinâmicas do capitalismo e suas crises, os grandes conflitos mundiais e os conflitos vivenciados na Europa.","{""relacionar"",""dinamicas"",""capitalismo"",""crises"",""grandes"",""conflitos"",""mundiais"",""vivenciados"",""europa""}","{""relacionar"",""dinamicas"",""capitalismo"",""crises"",""grandes"",""conflitos""}",{},false,https://catalogobncc.github.io/metadados/2022/03/30/efhi,Importado dos metadados públicos do Catálogo BNCC. Revisar unidade temática e objeto de conhecimento na planilha oficial BNCC/MEC.
EF09HI11,Ensino Fundamental - Anos Finais,9º ano,Ciências Humanas,História,,,Identificar as especificidades e os desdobramentos mundiais da Revolução Russa e seu significado histórico.,"{""especificidades"",""desdobramentos"",""mundiais"",""revolucao"",""russa"",""significado"",""historico""}","{""especificidades"",""desdobramentos"",""mundiais"",""revolucao"",""russa"",""significado""}",{},false,https://catalogobncc.github.io/metadados/2022/03/30/efhi,Importado dos metadados públicos do Catálogo BNCC. Revisar unidade temática e objeto de conhecimento na planilha oficial BNCC/MEC.
EF09HI12,Ensino Fundamental - Anos Finais,9º ano,Ciências Humanas,História,,,Analisar a crise capitalista de 1929 e seus desdobramentos em relação à economia global.,"{""crise"",""capitalista"",""desdobramentos"",""relacao"",""economia"",""global""}","{""crise"",""capitalista"",""desdobramentos"",""relacao"",""economia"",""global""}",{},false,https://catalogobncc.github.io/metadados/2022/03/30/efhi,Importado dos metadados públicos do Catálogo BNCC. Revisar unidade temática e objeto de conhecimento na planilha oficial BNCC/MEC.
EF09HI13,Ensino Fundamental - Anos Finais,9º ano,Ciências Humanas,História,,,"Descrever e contextualizar os processos da emergência do fascismo e do nazismo, a consolidação dos estados totalitários e as práticas de extermínio (como o holocausto).","{""descrever"",""contextualizar"",""processos"",""emergencia"",""fascismo"",""nazismo"",""consolidacao"",""estados"",""totalitarios"",""praticas""}","{""descrever"",""contextualizar"",""processos"",""emergencia"",""fascismo"",""nazismo""}",{},false,https://catalogobncc.github.io/metadados/2022/03/30/efhi,Importado dos metadados públicos do Catálogo BNCC. Revisar unidade temática e objeto de conhecimento na planilha oficial BNCC/MEC.
EF09HI14,Ensino Fundamental - Anos Finais,9º ano,Ciências Humanas,História,,,Caracterizar e discutir as dinâmicas do colonialismo no continente africano e asiático e as lógicas de resistência das populações locais diante das questões internacionais.,"{""caracterizar"",""dinamicas"",""colonialismo"",""continente"",""africano"",""asiatico"",""logicas"",""resistencia"",""populacoes"",""locais""}","{""caracterizar"",""dinamicas"",""colonialismo"",""continente"",""africano"",""asiatico""}",{},false,https://catalogobncc.github.io/metadados/2022/03/30/efhi,Importado dos metadados públicos do Catálogo BNCC. Revisar unidade temática e objeto de conhecimento na planilha oficial BNCC/MEC.
EF09HI15,Ensino Fundamental - Anos Finais,9º ano,Ciências Humanas,História,,,Discutir as motivações que levaram à criação da Organização das Nações Unidas (ONU) no contexto do pós-guerra e os propósitos dessa organização.,"{""motivacoes"",""levaram"",""criacao"",""organizacao"",""nacoes"",""unidas"",""contexto"",""guerra"",""propositos"",""dessa""}","{""motivacoes"",""levaram"",""criacao"",""organizacao"",""nacoes"",""unidas""}",{},false,https://catalogobncc.github.io/metadados/2022/03/30/efhi,Importado dos metadados públicos do Catálogo BNCC. Revisar unidade temática e objeto de conhecimento na planilha oficial BNCC/MEC.
EF09HI16,Ensino Fundamental - Anos Finais,9º ano,Ciências Humanas,História,,,"Relacionar a Carta dos Direitos Humanos ao processo de afirmação dos direitos fundamentais e de defesa da dignidade humana, valorizando as instituições voltadas para a defesa desses direitos e para a identificação dos agentes responsáveis por sua violação.","{""relacionar"",""carta"",""direitos"",""humanos"",""processo"",""afirmacao"",""fundamentais"",""defesa"",""dignidade"",""humana""}","{""relacionar"",""carta"",""direitos"",""humanos"",""processo"",""afirmacao""}",{},false,https://catalogobncc.github.io/metadados/2022/03/30/efhi,Importado dos metadados públicos do Catálogo BNCC. Revisar unidade temática e objeto de conhecimento na planilha oficial BNCC/MEC.
EF09HI17,Ensino Fundamental - Anos Finais,9º ano,Ciências Humanas,História,,,"Identificar e analisar processos sociais, econômicos, culturais e políticos do Brasil a partir de 1946.","{""processos"",""sociais"",""economicos"",""culturais"",""politicos"",""brasil""}","{""processos"",""sociais"",""economicos"",""culturais"",""politicos"",""brasil""}","{""artes""}",false,https://catalogobncc.github.io/metadados/2022/03/30/efhi,Importado dos metadados públicos do Catálogo BNCC. Revisar unidade temática e objeto de conhecimento na planilha oficial BNCC/MEC.
EF09HI18,Ensino Fundamental - Anos Finais,9º ano,Ciências Humanas,História,,,Descrever e analisar as relações entre as transformações urbanas e seus impactos na cultura brasileira entre 1946 e 1964 e na produção das desigualdades regionais e sociais.,"{""descrever"",""relacoes"",""transformacoes"",""urbanas"",""impactos"",""cultura"",""brasileira"",""producao"",""desigualdades"",""regionais""}","{""descrever"",""relacoes"",""transformacoes"",""urbanas"",""impactos"",""cultura""}","{""artes""}",false,https://catalogobncc.github.io/metadados/2022/03/30/efhi,Importado dos metadados públicos do Catálogo BNCC. Revisar unidade temática e objeto de conhecimento na planilha oficial BNCC/MEC.
EF09HI19,Ensino Fundamental - Anos Finais,9º ano,Ciências Humanas,História,,,Identificar e compreender o processo que resultou na ditadura civil-militar no Brasil e discutir a emergência de questões relacionadas à memória e à justiça sobre os casos de violação dos direitos humanos.,"{""processo"",""resultou"",""ditadura"",""civil"",""militar"",""brasil"",""emergencia"",""questoes"",""relacionadas"",""memoria""}","{""processo"",""resultou"",""ditadura"",""civil"",""militar"",""brasil""}",{},false,https://catalogobncc.github.io/metadados/2022/03/30/efhi,Importado dos metadados públicos do Catálogo BNCC. Revisar unidade temática e objeto de conhecimento na planilha oficial BNCC/MEC.
EF09HI20,Ensino Fundamental - Anos Finais,9º ano,Ciências Humanas,História,,,Discutir os processos de resistência e as propostas de reorganização da sociedade brasileira durante a ditadura civil-militar.,"{""processos"",""resistencia"",""propostas"",""reorganizacao"",""sociedade"",""brasileira"",""durante"",""ditadura"",""civil"",""militar""}","{""processos"",""resistencia"",""propostas"",""reorganizacao"",""sociedade"",""brasileira""}",{},false,https://catalogobncc.github.io/metadados/2022/03/30/efhi,Importado dos metadados públicos do Catálogo BNCC. Revisar unidade temática e objeto de conhecimento na planilha oficial BNCC/MEC.
EF09HI21,Ensino Fundamental - Anos Finais,9º ano,Ciências Humanas,História,,,Identificar e relacionar as demandas indígenas e quilombolas como forma de contestação ao modelo desenvolvimentista da ditadura.,"{""relacionar"",""demandas"",""indigenas"",""quilombolas"",""contestacao"",""modelo"",""desenvolvimentista"",""ditadura""}","{""relacionar"",""demandas"",""indigenas"",""quilombolas"",""contestacao"",""modelo""}",{},true,https://catalogobncc.github.io/metadados/2022/03/30/efhi,Importado dos metadados públicos do Catálogo BNCC. Revisar unidade temática e objeto de conhecimento na planilha oficial BNCC/MEC.
EF09HI22,Ensino Fundamental - Anos Finais,9º ano,Ciências Humanas,História,,,Discutir o papel da mobilização da sociedade brasileira do final do período ditatorial até a Constituição de 1988.,"{""papel"",""mobilizacao"",""sociedade"",""brasileira"",""final"",""periodo"",""ditatorial"",""constituicao""}","{""papel"",""mobilizacao"",""sociedade"",""brasileira"",""final"",""periodo""}",{},false,https://catalogobncc.github.io/metadados/2022/03/30/efhi,Importado dos metadados públicos do Catálogo BNCC. Revisar unidade temática e objeto de conhecimento na planilha oficial BNCC/MEC.
EF09HI23,Ensino Fundamental - Anos Finais,9º ano,Ciências Humanas,História,,,"Identificar direitos civis, políticos e sociais expressos na Constituição de 1988 e relacioná-los à noção de cidadania e ao pacto da sociedade brasileira de combate a diversas formas de preconceito, como o racismo.","{""direitos"",""civis"",""politicos"",""sociais"",""expressos"",""constituicao"",""relaciona"",""nocao"",""cidadania"",""pacto""}","{""direitos"",""civis"",""politicos"",""sociais"",""expressos"",""constituicao""}",{},false,https://catalogobncc.github.io/metadados/2022/03/30/efhi,Importado dos metadados públicos do Catálogo BNCC. Revisar unidade temática e objeto de conhecimento na planilha oficial BNCC/MEC.
EF09HI24,Ensino Fundamental - Anos Finais,9º ano,Ciências Humanas,História,,,"Analisar as transformações políticas, econômicas, sociais e culturais de 1989 aos dias atuais, identificando questões prioritárias para a promoção da cidadania e dos valores democráticos.","{""transformacoes"",""politicas"",""economicas"",""sociais"",""culturais"",""atuais"",""identificando"",""questoes"",""prioritarias"",""promocao""}","{""transformacoes"",""politicas"",""economicas"",""sociais"",""culturais"",""atuais""}","{""artes""}",false,https://catalogobncc.github.io/metadados/2022/03/30/efhi,Importado dos metadados públicos do Catálogo BNCC. Revisar unidade temática e objeto de conhecimento na planilha oficial BNCC/MEC.
EF09HI25,Ensino Fundamental - Anos Finais,9º ano,Ciências Humanas,História,,,Relacionar as transformações da sociedade brasileira aos protagonismos da sociedade civil após 1989.,"{""relacionar"",""transformacoes"",""sociedade"",""brasileira"",""protagonismos"",""civil""}","{""relacionar"",""transformacoes"",""sociedade"",""brasileira"",""protagonismos"",""civil""}",{},false,https://catalogobncc.github.io/metadados/2022/03/30/efhi,Importado dos metadados públicos do Catálogo BNCC. Revisar unidade temática e objeto de conhecimento na planilha oficial BNCC/MEC.
EF09HI26,Ensino Fundamental - Anos Finais,9º ano,Ciências Humanas,História,,,"Discutir e analisar as causas da violência contra populações marginalizadas (negros, indígenas, mulheres, homossexuais, camponeses, pobres etc.) com vistas à tomada de consciência e à construção de uma cultura de paz, empatia e respeito às pessoas.","{""causas"",""violencia"",""contra"",""populacoes"",""marginalizadas"",""negros"",""indigenas"",""mulheres"",""homossexuais"",""camponeses""}","{""causas"",""violencia"",""contra"",""populacoes"",""marginalizadas"",""negros""}","{""ciencia"",""engenharia"",""artes""}",true,https://catalogobncc.github.io/metadados/2022/03/30/efhi,Importado dos metadados públicos do Catálogo BNCC. Revisar unidade temática e objeto de conhecimento na planilha oficial BNCC/MEC.
EF09HI27,Ensino Fundamental - Anos Finais,9º ano,Ciências Humanas,História,,,"Relacionar aspectos das mudanças econômicas, culturais e sociais ocorridas no Brasil a partir da década de 1990 ao papel do País no cenário internacional na era da globalização.","{""relacionar"",""aspectos"",""mudancas"",""economicas"",""culturais"",""sociais"",""ocorridas"",""brasil"",""decada"",""papel""}","{""relacionar"",""aspectos"",""mudancas"",""economicas"",""culturais"",""sociais""}","{""artes""}",false,https://catalogobncc.github.io/metadados/2022/03/30/efhi,Importado dos metadados públicos do Catálogo BNCC. Revisar unidade temática e objeto de conhecimento na planilha oficial BNCC/MEC.
EF09HI28,Ensino Fundamental - Anos Finais,9º ano,Ciências Humanas,História,,,"Identificar e analisar aspectos da Guerra Fria, seus principais conflitos e as tensões geopolíticas no interior dos blocos liderados por soviéticos e estadunidenses.","{""aspectos"",""guerra"",""principais"",""conflitos"",""tensoes"",""geopoliticas"",""interior"",""blocos"",""liderados"",""sovieticos""}","{""aspectos"",""guerra"",""principais"",""conflitos"",""tensoes"",""geopoliticas""}",{},false,https://catalogobncc.github.io/metadados/2022/03/30/efhi,Importado dos metadados públicos do Catálogo BNCC. Revisar unidade temática e objeto de conhecimento na planilha oficial BNCC/MEC.
EF09HI29,Ensino Fundamental - Anos Finais,9º ano,Ciências Humanas,História,,,"Descrever e analisar as experiências ditatoriais na América Latina, seus procedimentos e vínculos com o poder, em nível nacional e internacional, e a atuação de movimentos de contestação às ditaduras.","{""descrever"",""experiencias"",""ditatoriais"",""america"",""latina"",""procedimentos"",""vinculos"",""poder"",""nivel"",""nacional""}","{""descrever"",""experiencias"",""ditatoriais"",""america"",""latina"",""procedimentos""}",{},false,https://catalogobncc.github.io/metadados/2022/03/30/efhi,Importado dos metadados públicos do Catálogo BNCC. Revisar unidade temática e objeto de conhecimento na planilha oficial BNCC/MEC.
EF09HI30,Ensino Fundamental - Anos Finais,9º ano,Ciências Humanas,História,,,"Comparar as características dos regimes ditatoriais latino-americanos, com especial atenção para a censura política, a opressão e o uso da força, bem como para as reformas econômicas e sociais e seus impactos.","{""caracteristicas"",""regimes"",""ditatoriais"",""latino"",""americanos"",""especial"",""atencao"",""censura"",""politica"",""opressao""}","{""caracteristicas"",""regimes"",""ditatoriais"",""latino"",""americanos"",""especial""}",{},false,https://catalogobncc.github.io/metadados/2022/03/30/efhi,Importado dos metadados públicos do Catálogo BNCC. Revisar unidade temática e objeto de conhecimento na planilha oficial BNCC/MEC.
EF09HI31,Ensino Fundamental - Anos Finais,9º ano,Ciências Humanas,História,,,Descrever e avaliar os processos de descolonização na África e na Ásia.,"{""descrever"",""avaliar"",""processos"",""descolonizacao"",""africa""}","{""descrever"",""avaliar"",""processos"",""descolonizacao"",""africa""}",{},false,https://catalogobncc.github.io/metadados/2022/03/30/efhi,Importado dos metadados públicos do Catálogo BNCC. Revisar unidade temática e objeto de conhecimento na planilha oficial BNCC/MEC.
EF09HI32,Ensino Fundamental - Anos Finais,9º ano,Ciências Humanas,História,,,"Analisar mudanças e permanências associadas ao processo de globalização, considerando os argumentos dos movimentos críticos às políticas globais.","{""mudancas"",""permanencias"",""associadas"",""processo"",""globalizacao"",""considerando"",""argumentos"",""movimentos"",""criticos"",""politicas""}","{""mudancas"",""permanencias"",""associadas"",""processo"",""globalizacao"",""considerando""}","{""artes""}",false,https://catalogobncc.github.io/metadados/2022/03/30/efhi,Importado dos metadados públicos do Catálogo BNCC. Revisar unidade temática e objeto de conhecimento na planilha oficial BNCC/MEC.
EF09HI33,Ensino Fundamental - Anos Finais,9º ano,Ciências Humanas,História,,,Analisar as transformações nas relações políticas locais e globais geradas pelo desenvolvimento das tecnologias digitais de informação e comunicação.,"{""transformacoes"",""relacoes"",""politicas"",""locais"",""globais"",""geradas"",""desenvolvimento"",""tecnologias"",""digitais"",""informacao""}","{""transformacoes"",""relacoes"",""politicas"",""locais"",""globais"",""geradas""}","{""tecnologia""}",false,https://catalogobncc.github.io/metadados/2022/03/30/efhi,Importado dos metadados públicos do Catálogo BNCC. Revisar unidade temática e objeto de conhecimento na planilha oficial BNCC/MEC.
EF09HI34,Ensino Fundamental - Anos Finais,9º ano,Ciências Humanas,História,,,"Discutir as motivações da adoção de diferentes políticas econômicas na América Latina, assim como seus impactos sociais nos países da região.","{""motivacoes"",""adocao"",""politicas"",""economicas"",""america"",""latina"",""assim"",""impactos"",""sociais"",""paises""}","{""motivacoes"",""adocao"",""politicas"",""economicas"",""america"",""latina""}",{},false,https://catalogobncc.github.io/metadados/2022/03/30/efhi,Importado dos metadados públicos do Catálogo BNCC. Revisar unidade temática e objeto de conhecimento na planilha oficial BNCC/MEC.
EF09HI35,Ensino Fundamental - Anos Finais,9º ano,Ciências Humanas,História,,,"Analisar os aspectos relacionados ao fenômeno do terrorismo na contemporaneidade, incluindo os movimentos migratórios e os choques entre diferentes grupos e culturas.","{""aspectos"",""relacionados"",""fenomeno"",""terrorismo"",""contemporaneidade"",""incluindo"",""movimentos"",""migratorios"",""choques"",""grupos""}","{""aspectos"",""relacionados"",""fenomeno"",""terrorismo"",""contemporaneidade"",""incluindo""}","{""artes""}",false,https://catalogobncc.github.io/metadados/2022/03/30/efhi,Importado dos metadados públicos do Catálogo BNCC. Revisar unidade temática e objeto de conhecimento na planilha oficial BNCC/MEC.
EF09HI36,Ensino Fundamental - Anos Finais,9º ano,Ciências Humanas,História,,,"Identificar e discutir as diversidades identitárias e seus significados históricos no início do século XXI, combatendo qualquer forma de preconceito e violência.","{""diversidades"",""identitarias"",""significados"",""historicos"",""inicio"",""seculo"",""combatendo"",""qualquer"",""preconceito"",""violencia""}","{""diversidades"",""identitarias"",""significados"",""historicos"",""inicio"",""seculo""}",{},false,https://catalogobncc.github.io/metadados/2022/03/30/efhi,Importado dos metadados públicos do Catálogo BNCC. Revisar unidade temática e objeto de conhecimento na planilha oficial BNCC/MEC.
EF09LI01,Ensino Fundamental - Anos Finais,9º ano,Linguagens,Língua Inglesa,,,"Fazer uso da língua inglesa para expor pontos de vista, argumentos e contra-argumentos, considerando o contexto e os recursos linguísticos voltados para a eficácia da comunicação.","{""fazer"",""lingua"",""inglesa"",""expor"",""pontos"",""vista"",""argumentos"",""contra"",""considerando"",""contexto""}","{""fazer"",""lingua"",""inglesa"",""expor"",""pontos"",""vista""}",{},false,https://catalogobncc.github.io/metadados/2022/03/30/efli,Importado dos metadados públicos do Catálogo BNCC. Revisar unidade temática e objeto de conhecimento na planilha oficial BNCC/MEC.
EF09LI02,Ensino Fundamental - Anos Finais,9º ano,Linguagens,Língua Inglesa,,,Compilar as ideias-chave de textos por meio de tomada de notas.,"{""compilar"",""ideias"",""chave"",""textos"",""tomada"",""notas""}","{""compilar"",""ideias"",""chave"",""textos"",""tomada"",""notas""}",{},false,https://catalogobncc.github.io/metadados/2022/03/30/efli,Importado dos metadados públicos do Catálogo BNCC. Revisar unidade temática e objeto de conhecimento na planilha oficial BNCC/MEC.
EF09LI03,Ensino Fundamental - Anos Finais,9º ano,Linguagens,Língua Inglesa,,,Analisar posicionamentos defendidos e refutados em textos orais sobre temas de interesse social e coletivo.,"{""posicionamentos"",""defendidos"",""refutados"",""textos"",""orais"",""temas"",""interesse"",""social"",""coletivo""}","{""posicionamentos"",""defendidos"",""refutados"",""textos"",""orais"",""temas""}",{},false,https://catalogobncc.github.io/metadados/2022/03/30/efli,Importado dos metadados públicos do Catálogo BNCC. Revisar unidade temática e objeto de conhecimento na planilha oficial BNCC/MEC.
EF09LI04,Ensino Fundamental - Anos Finais,9º ano,Linguagens,Língua Inglesa,,,"Expor resultados de pesquisa ou estudo com o apoio de recursos, tais como notas, gráficos, tabelas, entre outros, adequando as estratégias de construção do texto oral aos objetivos de comunicação e ao contexto.","{""expor"",""resultados"",""pesquisa"",""estudo"",""apoio"",""recursos"",""notas"",""graficos"",""tabelas"",""outros""}","{""expor"",""resultados"",""pesquisa"",""estudo"",""apoio"",""recursos""}","{""engenharia"",""matematica""}",true,https://catalogobncc.github.io/metadados/2022/03/30/efli,Importado dos metadados públicos do Catálogo BNCC. Revisar unidade temática e objeto de conhecimento na planilha oficial BNCC/MEC.
EF09LI05,Ensino Fundamental - Anos Finais,9º ano,Linguagens,Língua Inglesa,,,"Identificar recursos de persuasão (escolha e jogo de palavras, uso de cores e imagens, tamanho de letras), utilizados nos textos publicitários e de propaganda, como elementos de convencimento.","{""recursos"",""persuasao"",""escolha"",""palavras"",""cores"",""imagens"",""tamanho"",""letras"",""utilizados"",""textos""}","{""recursos"",""persuasao"",""escolha"",""palavras"",""cores"",""imagens""}",{},false,https://catalogobncc.github.io/metadados/2022/03/30/efli,Importado dos metadados públicos do Catálogo BNCC. Revisar unidade temática e objeto de conhecimento na planilha oficial BNCC/MEC.
EF09LI06,Ensino Fundamental - Anos Finais,9º ano,Linguagens,Língua Inglesa,,,Distinguir fatos de opiniões em textos argumentativos da esfera jornalística.,"{""distinguir"",""fatos"",""opinioes"",""textos"",""argumentativos"",""esfera"",""jornalistica""}","{""distinguir"",""fatos"",""opinioes"",""textos"",""argumentativos"",""esfera""}",{},false,https://catalogobncc.github.io/metadados/2022/03/30/efli,Importado dos metadados públicos do Catálogo BNCC. Revisar unidade temática e objeto de conhecimento na planilha oficial BNCC/MEC.
EF09LI07,Ensino Fundamental - Anos Finais,9º ano,Linguagens,Língua Inglesa,,,Identificar argumentos principais e as evidências/exemplos que os sustentam.,"{""argumentos"",""principais"",""evidencias"",""exemplos"",""sustentam""}","{""argumentos"",""principais"",""evidencias"",""exemplos"",""sustentam""}","{""ciencia""}",false,https://catalogobncc.github.io/metadados/2022/03/30/efli,Importado dos metadados públicos do Catálogo BNCC. Revisar unidade temática e objeto de conhecimento na planilha oficial BNCC/MEC.
EF09LI08,Ensino Fundamental - Anos Finais,9º ano,Linguagens,Língua Inglesa,,,"Explorar ambientes virtuais de informação e socialização, analisando a qualidade e a validade das informações veiculadas.","{""explorar"",""ambientes"",""virtuais"",""informacao"",""socializacao"",""analisando"",""qualidade"",""validade"",""informacoes"",""veiculadas""}","{""explorar"",""ambientes"",""virtuais"",""informacao"",""socializacao"",""analisando""}","{""ciencia""}",false,https://catalogobncc.github.io/metadados/2022/03/30/efli,Importado dos metadados públicos do Catálogo BNCC. Revisar unidade temática e objeto de conhecimento na planilha oficial BNCC/MEC.
EF09LI09,Ensino Fundamental - Anos Finais,9º ano,Linguagens,Língua Inglesa,,,"Compartilhar, com os colegas, a leitura dos textos escritos pelo grupo, valorizando os diferentes pontos de vista defendidos, com ética e respeito.","{""compartilhar"",""colegas"",""leitura"",""textos"",""escritos"",""grupo"",""valorizando"",""pontos"",""vista"",""defendidos""}","{""compartilhar"",""colegas"",""leitura"",""textos"",""escritos"",""grupo""}",{},false,https://catalogobncc.github.io/metadados/2022/03/30/efli,Importado dos metadados públicos do Catálogo BNCC. Revisar unidade temática e objeto de conhecimento na planilha oficial BNCC/MEC.
EF09LI10,Ensino Fundamental - Anos Finais,9º ano,Linguagens,Língua Inglesa,,,"Propor potenciais argumentos para expor e defender ponto de vista em texto escrito, refletindo sobre o tema proposto e pesquisando dados, evidências e exemplos para sustentar os argumentos, organizando-os em sequência lógica.","{""propor"",""potenciais"",""argumentos"",""expor"",""defender"",""ponto"",""vista"",""texto"",""escrito"",""refletindo""}","{""propor"",""potenciais"",""argumentos"",""expor"",""defender"",""ponto""}","{""ciencia"",""tecnologia""}",true,https://catalogobncc.github.io/metadados/2022/03/30/efli,Importado dos metadados públicos do Catálogo BNCC. Revisar unidade temática e objeto de conhecimento na planilha oficial BNCC/MEC.
EF09LI11,Ensino Fundamental - Anos Finais,9º ano,Linguagens,Língua Inglesa,,,"Utilizar recursos verbais e não verbais para construção da persuasão em textos da esfera publicitária, de forma adequada ao contexto de circulação (produção e compreensão).","{""utilizar"",""recursos"",""verbais"",""construcao"",""persuasao"",""textos"",""esfera"",""publicitaria"",""adequada"",""contexto""}","{""utilizar"",""recursos"",""verbais"",""construcao"",""persuasao"",""textos""}","{""engenharia""}",true,https://catalogobncc.github.io/metadados/2022/03/30/efli,Importado dos metadados públicos do Catálogo BNCC. Revisar unidade temática e objeto de conhecimento na planilha oficial BNCC/MEC.
EF09LI12,Ensino Fundamental - Anos Finais,9º ano,Linguagens,Língua Inglesa,,,"Produzir textos (infográficos, fóruns de discussão on-line, fotorreportagens, campanhas publicitárias, memes, entre outros) sobre temas de interesse coletivo local ou global, que revelem posicionamento crítico.","{""textos"",""infograficos"",""foruns"",""discussao"",""fotorreportagens"",""campanhas"",""publicitarias"",""memes"",""outros"",""temas""}","{""textos"",""infograficos"",""foruns"",""discussao"",""fotorreportagens"",""campanhas""}","{""matematica""}",true,https://catalogobncc.github.io/metadados/2022/03/30/efli,Importado dos metadados públicos do Catálogo BNCC. Revisar unidade temática e objeto de conhecimento na planilha oficial BNCC/MEC.
EF09LI13,Ensino Fundamental - Anos Finais,9º ano,Linguagens,Língua Inglesa,,,"Reconhecer, nos novos gêneros digitais (blogues, mensagens instantâneas, tweets, entre outros), novas formas de escrita (abreviação de palavras, palavras com combinação de letras e números, pictogramas, símbolos gráficos, entre outros) na constituição das mensagens.","{""novos"",""generos"",""digitais"",""blogues"",""mensagens"",""instantaneas"",""tweets"",""outros"",""novas"",""escrita""}","{""novos"",""generos"",""digitais"",""blogues"",""mensagens"",""instantaneas""}","{""matematica""}",false,https://catalogobncc.github.io/metadados/2022/03/30/efli,Importado dos metadados públicos do Catálogo BNCC. Revisar unidade temática e objeto de conhecimento na planilha oficial BNCC/MEC.
EF09LI14,Ensino Fundamental - Anos Finais,9º ano,Linguagens,Língua Inglesa,,,"Utilizar conectores indicadores de adição, condição, oposição, contraste, conclusão e síntese como auxiliares na construção da argumentação e intencionalidade discursiva.","{""utilizar"",""conectores"",""indicadores"",""adicao"",""condicao"",""oposicao"",""contraste"",""conclusao"",""sintese"",""auxiliares""}","{""utilizar"",""conectores"",""indicadores"",""adicao"",""condicao"",""oposicao""}","{""engenharia""}",true,https://catalogobncc.github.io/metadados/2022/03/30/efli,Importado dos metadados públicos do Catálogo BNCC. Revisar unidade temática e objeto de conhecimento na planilha oficial BNCC/MEC.
EF09LI15,Ensino Fundamental - Anos Finais,9º ano,Linguagens,Língua Inglesa,,,"Empregar, de modo inteligível, as formas verbais em orações condicionais dos tipos 1 e 2 (If-clauses).","{""empregar"",""inteligivel"",""verbais"",""oracoes"",""condicionais"",""tipos"",""clauses""}","{""empregar"",""inteligivel"",""verbais"",""oracoes"",""condicionais"",""tipos""}",{},false,https://catalogobncc.github.io/metadados/2022/03/30/efli,Importado dos metadados públicos do Catálogo BNCC. Revisar unidade temática e objeto de conhecimento na planilha oficial BNCC/MEC.
EF09LI16,Ensino Fundamental - Anos Finais,9º ano,Linguagens,Língua Inglesa,,,"Empregar, de modo inteligível, os verbos should, must, have to, may e might para indicar recomendação, necessidade ou obrigação e probabilidade.","{""empregar"",""inteligivel"",""verbos"",""should"",""might"",""indicar"",""recomendacao"",""necessidade"",""obrigacao"",""probabilidade""}","{""empregar"",""inteligivel"",""verbos"",""should"",""might"",""indicar""}","{""matematica""}",false,https://catalogobncc.github.io/metadados/2022/03/30/efli,Importado dos metadados públicos do Catálogo BNCC. Revisar unidade temática e objeto de conhecimento na planilha oficial BNCC/MEC.
EF09LI17,Ensino Fundamental - Anos Finais,9º ano,Linguagens,Língua Inglesa,,,"Debater sobre a expansão da língua inglesa pelo mundo, em função do processo de colonização nas Américas, África, Ásia e Oceania.","{""debater"",""expansao"",""lingua"",""inglesa"",""mundo"",""funcao"",""processo"",""colonizacao"",""americas"",""africa""}","{""debater"",""expansao"",""lingua"",""inglesa"",""mundo"",""funcao""}",{},false,https://catalogobncc.github.io/metadados/2022/03/30/efli,Importado dos metadados públicos do Catálogo BNCC. Revisar unidade temática e objeto de conhecimento na planilha oficial BNCC/MEC.
EF09LI18,Ensino Fundamental - Anos Finais,9º ano,Linguagens,Língua Inglesa,,,"Analisar a importância da língua inglesa para o desenvolvimento das ciências (produção, divulgação e discussão de novos conhecimentos), da economia e da política no cenário mundial.","{""importancia"",""lingua"",""inglesa"",""desenvolvimento"",""ciencias"",""producao"",""divulgacao"",""discussao"",""novos"",""conhecimentos""}","{""importancia"",""lingua"",""inglesa"",""desenvolvimento"",""ciencias"",""producao""}","{""ciencia""}",false,https://catalogobncc.github.io/metadados/2022/03/30/efli,Importado dos metadados públicos do Catálogo BNCC. Revisar unidade temática e objeto de conhecimento na planilha oficial BNCC/MEC.
EF09LI19,Ensino Fundamental - Anos Finais,9º ano,Linguagens,Língua Inglesa,,,Discutir a comunicação intercultural por meio da língua inglesa como mecanismo de valorização pessoal e de construção de identidades no mundo globalizado.,"{""comunicacao"",""intercultural"",""lingua"",""inglesa"",""mecanismo"",""valorizacao"",""pessoal"",""construcao"",""identidades"",""mundo""}","{""comunicacao"",""intercultural"",""lingua"",""inglesa"",""mecanismo"",""valorizacao""}","{""engenharia"",""artes""}",true,https://catalogobncc.github.io/metadados/2022/03/30/efli,Importado dos metadados públicos do Catálogo BNCC. Revisar unidade temática e objeto de conhecimento na planilha oficial BNCC/MEC.
EF09LP01,Ensino Fundamental - Anos Finais,9º ano,Linguagens,Língua Portuguesa,,,"Analisar o fenômeno da disseminação de notícias falsas nas redes sociais e desenvolver estratégias para reconhecê-las, a partir da verificação/avaliação do veículo, fonte, data e local da publicação, autoria, URL, da análise da formatação, da comparação de diferentes fontes, da consulta a sites de curadoria que atestam a fidedignidade do relato dos fatos e denunciam boatos etc.","{""fenomeno"",""disseminacao"",""noticias"",""falsas"",""redes"",""sociais"",""desenvolver"",""estrategias"",""reconhece"",""verificacao""}","{""fenomeno"",""disseminacao"",""noticias"",""falsas"",""redes"",""sociais""}",{},true,https://catalogobncc.github.io/metadados/2022/03/30/eflp,Importado dos metadados públicos do Catálogo BNCC. Revisar unidade temática e objeto de conhecimento na planilha oficial BNCC/MEC.
EF09LP02,Ensino Fundamental - Anos Finais,9º ano,Linguagens,Língua Portuguesa,,,"Analisar e comentar a cobertura da imprensa sobre fatos de relevância social, comparando diferentes enfoques por meio do uso de ferramentas de curadoria.","{""comentar"",""cobertura"",""imprensa"",""fatos"",""relevancia"",""social"",""comparando"",""enfoques"",""ferramentas"",""curadoria""}","{""comentar"",""cobertura"",""imprensa"",""fatos"",""relevancia"",""social""}",{},false,https://catalogobncc.github.io/metadados/2022/03/30/eflp,Importado dos metadados públicos do Catálogo BNCC. Revisar unidade temática e objeto de conhecimento na planilha oficial BNCC/MEC.
EF09LP03,Ensino Fundamental - Anos Finais,9º ano,Linguagens,Língua Portuguesa,,,"Produzir artigos de opinião, tendo em vista o contexto de produção dado, assumindo posição diante de tema polêmico, argumentando de acordo com a estrutura própria desse tipo de texto e utilizando diferentes tipos de argumentos – de autoridade, comprovação, exemplificação princípio etc.","{""artigos"",""opiniao"",""tendo"",""vista"",""contexto"",""producao"",""assumindo"",""posicao"",""diante"",""polemico""}","{""artigos"",""opiniao"",""tendo"",""vista"",""contexto"",""producao""}","{""engenharia""}",true,https://catalogobncc.github.io/metadados/2022/03/30/eflp,Importado dos metadados públicos do Catálogo BNCC. Revisar unidade temática e objeto de conhecimento na planilha oficial BNCC/MEC.
EF09LP04,Ensino Fundamental - Anos Finais,9º ano,Linguagens,Língua Portuguesa,,,"Escrever textos corretamente, de acordo com a norma-padrão, com estruturas sintáticas complexas no nível da oração e do período.","{""escrever"",""textos"",""corretamente"",""acordo"",""norma"",""padrao"",""estruturas"",""sintaticas"",""complexas"",""nivel""}","{""escrever"",""textos"",""corretamente"",""acordo"",""norma"",""padrao""}","{""engenharia""}",false,https://catalogobncc.github.io/metadados/2022/03/30/eflp,Importado dos metadados públicos do Catálogo BNCC. Revisar unidade temática e objeto de conhecimento na planilha oficial BNCC/MEC.
EF09LP05,Ensino Fundamental - Anos Finais,9º ano,Linguagens,Língua Portuguesa,,,"Identificar, em textos lidos e em produções próprias, orações com a estrutura sujeito-verbo de ligação-predicativo.","{""textos"",""lidos"",""producoes"",""proprias"",""oracoes"",""estrutura"",""sujeito"",""verbo"",""ligacao"",""predicativo""}","{""textos"",""lidos"",""producoes"",""proprias"",""oracoes"",""estrutura""}","{""engenharia""}",false,https://catalogobncc.github.io/metadados/2022/03/30/eflp,Importado dos metadados públicos do Catálogo BNCC. Revisar unidade temática e objeto de conhecimento na planilha oficial BNCC/MEC.
EF09LP06,Ensino Fundamental - Anos Finais,9º ano,Linguagens,Língua Portuguesa,,,"Diferenciar, em textos lidos e em produções próprias, o efeito de sentido do uso dos verbos de ligação “ser”, “estar”, “ficar”, “parecer” e “permanecer”.","{""diferenciar"",""textos"",""lidos"",""producoes"",""proprias"",""efeito"",""sentido"",""verbos"",""ligacao"",""estar""}","{""diferenciar"",""textos"",""lidos"",""producoes"",""proprias"",""efeito""}",{},false,https://catalogobncc.github.io/metadados/2022/03/30/eflp,Importado dos metadados públicos do Catálogo BNCC. Revisar unidade temática e objeto de conhecimento na planilha oficial BNCC/MEC.
EF09LP07,Ensino Fundamental - Anos Finais,9º ano,Linguagens,Língua Portuguesa,,,Comparar o uso de regência verbal e regência nominal na norma-padrão com seu uso no português brasileiro coloquial oral.,"{""regencia"",""verbal"",""nominal"",""norma"",""padrao"",""portugues"",""brasileiro"",""coloquial""}","{""regencia"",""verbal"",""nominal"",""norma"",""padrao"",""portugues""}",{},false,https://catalogobncc.github.io/metadados/2022/03/30/eflp,Importado dos metadados públicos do Catálogo BNCC. Revisar unidade temática e objeto de conhecimento na planilha oficial BNCC/MEC.
EF09LP08,Ensino Fundamental - Anos Finais,9º ano,Linguagens,Língua Portuguesa,,,"Identificar, em textos lidos e em produções próprias, a relação que conjunções (e locuções conjuntivas) coordenativas e subordinativas estabelecem entre as orações que conectam.","{""textos"",""lidos"",""producoes"",""proprias"",""relacao"",""conjuncoes"",""locucoes"",""conjuntivas"",""coordenativas"",""subordinativas""}","{""textos"",""lidos"",""producoes"",""proprias"",""relacao"",""conjuncoes""}",{},false,https://catalogobncc.github.io/metadados/2022/03/30/eflp,Importado dos metadados públicos do Catálogo BNCC. Revisar unidade temática e objeto de conhecimento na planilha oficial BNCC/MEC.
EF09LP09,Ensino Fundamental - Anos Finais,9º ano,Linguagens,Língua Portuguesa,,,Identificar efeitos de sentido do uso de orações adjetivas restritivas e explicativas em um período composto.,"{""efeitos"",""sentido"",""oracoes"",""adjetivas"",""restritivas"",""explicativas"",""periodo"",""composto""}","{""efeitos"",""sentido"",""oracoes"",""adjetivas"",""restritivas"",""explicativas""}",{},false,https://catalogobncc.github.io/metadados/2022/03/30/eflp,Importado dos metadados públicos do Catálogo BNCC. Revisar unidade temática e objeto de conhecimento na planilha oficial BNCC/MEC.
EF09LP10,Ensino Fundamental - Anos Finais,9º ano,Linguagens,Língua Portuguesa,,,Comparar as regras de colocação pronominal na norma-padrão com o seu uso no português brasileiro coloquial.,"{""regras"",""colocacao"",""pronominal"",""norma"",""padrao"",""portugues"",""brasileiro"",""coloquial""}","{""regras"",""colocacao"",""pronominal"",""norma"",""padrao"",""portugues""}",{},false,https://catalogobncc.github.io/metadados/2022/03/30/eflp,Importado dos metadados públicos do Catálogo BNCC. Revisar unidade temática e objeto de conhecimento na planilha oficial BNCC/MEC.
EF09LP11,Ensino Fundamental - Anos Finais,9º ano,Linguagens,Língua Portuguesa,,,Inferir efeitos de sentido decorrentes do uso de recursos de coesão sequencial (conjunções e articuladores textuais).,"{""inferir"",""efeitos"",""sentido"",""decorrentes"",""recursos"",""coesao"",""sequencial"",""conjuncoes"",""articuladores"",""textuais""}","{""inferir"",""efeitos"",""sentido"",""decorrentes"",""recursos"",""coesao""}",{},false,https://catalogobncc.github.io/metadados/2022/03/30/eflp,Importado dos metadados públicos do Catálogo BNCC. Revisar unidade temática e objeto de conhecimento na planilha oficial BNCC/MEC.
EF09LP12,Ensino Fundamental - Anos Finais,9º ano,Linguagens,Língua Portuguesa,,,"Identificar estrangeirismos, caracterizando-os segundo a conservação, ou não, de sua forma gráfica de origem, avaliando a pertinência, ou não, de seu uso.","{""estrangeirismos"",""caracterizando"",""segundo"",""conservacao"",""grafica"",""origem"",""avaliando"",""pertinencia""}","{""estrangeirismos"",""caracterizando"",""segundo"",""conservacao"",""grafica"",""origem""}",{},false,https://catalogobncc.github.io/metadados/2022/03/30/eflp,Importado dos metadados públicos do Catálogo BNCC. Revisar unidade temática e objeto de conhecimento na planilha oficial BNCC/MEC.
EF09MA01,Ensino Fundamental - Anos Finais,9º ano,Matemática,Matemática,,,"Reconhecer que, uma vez fixada uma unidade de comprimento, existem segmentos de reta cujo comprimento não é expresso por número racional (como as medidas de diagonais de um polígono e alturas de um triângulo, quando se toma a medida de cada lado como unidade).","{""fixada"",""unidade"",""comprimento"",""existem"",""segmentos"",""expresso"",""numero"",""racional"",""medidas"",""diagonais""}","{""fixada"",""unidade"",""comprimento"",""existem"",""segmentos"",""expresso""}","{""matematica""}",false,https://catalogobncc.github.io/metadados/2022/03/30/efma,Importado dos metadados públicos do Catálogo BNCC. Revisar unidade temática e objeto de conhecimento na planilha oficial BNCC/MEC.
EF09MA02,Ensino Fundamental - Anos Finais,9º ano,Matemática,Matemática,,,"Reconhecer um número irracional como um número real cuja representação decimal é infinita e não periódica, e estimar a localização de alguns deles na reta numérica.","{""numero"",""irracional"",""representacao"",""decimal"",""infinita"",""periodica"",""estimar"",""localizacao"",""alguns"",""deles""}","{""numero"",""irracional"",""representacao"",""decimal"",""infinita"",""periodica""}","{""matematica""}",false,https://catalogobncc.github.io/metadados/2022/03/30/efma,Importado dos metadados públicos do Catálogo BNCC. Revisar unidade temática e objeto de conhecimento na planilha oficial BNCC/MEC.
EF09MA03,Ensino Fundamental - Anos Finais,9º ano,Matemática,Matemática,,,"Efetuar cálculos com números reais, inclusive potências com expoentes fracionários.","{""efetuar"",""calculos"",""numeros"",""reais"",""inclusive"",""potencias"",""expoentes"",""fracionarios""}","{""efetuar"",""calculos"",""numeros"",""reais"",""inclusive"",""potencias""}","{""matematica""}",false,https://catalogobncc.github.io/metadados/2022/03/30/efma,Importado dos metadados públicos do Catálogo BNCC. Revisar unidade temática e objeto de conhecimento na planilha oficial BNCC/MEC.
EF09MA04,Ensino Fundamental - Anos Finais,9º ano,Matemática,Matemática,,,"Resolver e elaborar problemas com números reais, inclusive em notação científica, envolvendo diferentes operações.","{""problemas"",""numeros"",""reais"",""inclusive"",""notacao"",""cientifica"",""envolvendo"",""operacoes""}","{""problemas"",""numeros"",""reais"",""inclusive"",""notacao"",""cientifica""}","{""ciencia"",""matematica""}",true,https://catalogobncc.github.io/metadados/2022/03/30/efma,Importado dos metadados públicos do Catálogo BNCC. Revisar unidade temática e objeto de conhecimento na planilha oficial BNCC/MEC.
EF09MA05,Ensino Fundamental - Anos Finais,9º ano,Matemática,Matemática,,,"Resolver e elaborar problemas que envolvam porcentagens, com a ideia de aplicação de percentuais sucessivos e a determinação das taxas percentuais, preferencialmente com o uso de tecnologias digitais, no contexto da educação financeira.","{""problemas"",""envolvam"",""porcentagens"",""ideia"",""aplicacao"",""percentuais"",""sucessivos"",""determinacao"",""taxas"",""preferencialmente""}","{""problemas"",""envolvam"",""porcentagens"",""ideia"",""aplicacao"",""percentuais""}","{""tecnologia"",""matematica""}",true,https://catalogobncc.github.io/metadados/2022/03/30/efma,Importado dos metadados públicos do Catálogo BNCC. Revisar unidade temática e objeto de conhecimento na planilha oficial BNCC/MEC.
EF09MA06,Ensino Fundamental - Anos Finais,9º ano,Matemática,Matemática,,,"Compreender as funções como relações de dependência unívoca entre duas variáveis e suas representações numérica, algébrica e gráfica e utilizar esse conceito para analisar situações que envolvam relações funcionais entre duas variáveis.","{""funcoes"",""relacoes"",""dependencia"",""univoca"",""variaveis"",""representacoes"",""numerica"",""algebrica"",""grafica"",""utilizar""}","{""funcoes"",""relacoes"",""dependencia"",""univoca"",""variaveis"",""representacoes""}","{""matematica""}",false,https://catalogobncc.github.io/metadados/2022/03/30/efma,Importado dos metadados públicos do Catálogo BNCC. Revisar unidade temática e objeto de conhecimento na planilha oficial BNCC/MEC.
EF09MA07,Ensino Fundamental - Anos Finais,9º ano,Matemática,Matemática,,,"Resolver problemas que envolvam a razão entre duas grandezas de espécies diferentes, como velocidade e densidade demográfica.","{""problemas"",""envolvam"",""razao"",""grandezas"",""especies"",""velocidade"",""densidade"",""demografica""}","{""problemas"",""envolvam"",""razao"",""grandezas"",""especies"",""velocidade""}","{""matematica""}",false,https://catalogobncc.github.io/metadados/2022/03/30/efma,Importado dos metadados públicos do Catálogo BNCC. Revisar unidade temática e objeto de conhecimento na planilha oficial BNCC/MEC.
EF09MA08,Ensino Fundamental - Anos Finais,9º ano,Matemática,Matemática,,,"Resolver e elaborar problemas que envolvam relações de proporcionalidade direta e inversa entre duas ou mais grandezas, inclusive escalas, divisão em partes proporcionais e taxa de variação, em contextos socioculturais, ambientais e de outras áreas.","{""problemas"",""envolvam"",""relacoes"",""proporcionalidade"",""direta"",""inversa"",""grandezas"",""inclusive"",""escalas"",""divisao""}","{""problemas"",""envolvam"",""relacoes"",""proporcionalidade"",""direta"",""inversa""}","{""artes"",""matematica""}",true,https://catalogobncc.github.io/metadados/2022/03/30/efma,Importado dos metadados públicos do Catálogo BNCC. Revisar unidade temática e objeto de conhecimento na planilha oficial BNCC/MEC.
EF09MA09,Ensino Fundamental - Anos Finais,9º ano,Matemática,Matemática,,,"Compreender os processos de fatoração de expressões algébricas, com base em suas relações com os produtos notáveis, para resolver e elaborar problemas que possam ser representados por equações polinomiais do 2º grau.","{""processos"",""fatoracao"",""expressoes"",""algebricas"",""relacoes"",""produtos"",""notaveis"",""problemas"",""possam"",""representados""}","{""processos"",""fatoracao"",""expressoes"",""algebricas"",""relacoes"",""produtos""}","{""matematica""}",true,https://catalogobncc.github.io/metadados/2022/03/30/efma,Importado dos metadados públicos do Catálogo BNCC. Revisar unidade temática e objeto de conhecimento na planilha oficial BNCC/MEC.
EF09MA10,Ensino Fundamental - Anos Finais,9º ano,Matemática,Matemática,,,Demonstrar relações simples entre os ângulos formados por retas paralelas cortadas por uma transversal.,"{""demonstrar"",""relacoes"",""simples"",""angulos"",""formados"",""retas"",""paralelas"",""cortadas"",""transversal""}","{""demonstrar"",""relacoes"",""simples"",""angulos"",""formados"",""retas""}","{""matematica""}",false,https://catalogobncc.github.io/metadados/2022/03/30/efma,Importado dos metadados públicos do Catálogo BNCC. Revisar unidade temática e objeto de conhecimento na planilha oficial BNCC/MEC.
EF09MA11,Ensino Fundamental - Anos Finais,9º ano,Matemática,Matemática,,,"Resolver problemas por meio do estabelecimento de relações entre arcos, ângulos centrais e ângulos inscritos na circunferência, fazendo uso, inclusive, de softwares de geometria dinâmica.","{""problemas"",""estabelecimento"",""relacoes"",""arcos"",""angulos"",""centrais"",""inscritos"",""circunferencia"",""fazendo"",""inclusive""}","{""problemas"",""estabelecimento"",""relacoes"",""arcos"",""angulos"",""centrais""}","{""tecnologia"",""matematica""}",false,https://catalogobncc.github.io/metadados/2022/03/30/efma,Importado dos metadados públicos do Catálogo BNCC. Revisar unidade temática e objeto de conhecimento na planilha oficial BNCC/MEC.
EF09MA12,Ensino Fundamental - Anos Finais,9º ano,Matemática,Matemática,,,Reconhecer as condições necessárias e suficientes para que dois triângulos sejam semelhantes.,"{""condicoes"",""necessarias"",""suficientes"",""triangulos"",""sejam"",""semelhantes""}","{""condicoes"",""necessarias"",""suficientes"",""triangulos"",""sejam"",""semelhantes""}","{""matematica""}",false,https://catalogobncc.github.io/metadados/2022/03/30/efma,Importado dos metadados públicos do Catálogo BNCC. Revisar unidade temática e objeto de conhecimento na planilha oficial BNCC/MEC.
EF09MA13,Ensino Fundamental - Anos Finais,9º ano,Matemática,Matemática,,,"Demonstrar relações métricas do triângulo retângulo, entre elas o teorema de Pitágoras, utilizando, inclusive, a semelhança de triângulos.","{""demonstrar"",""relacoes"",""metricas"",""triangulo"",""retangulo"",""teorema"",""pitagoras"",""inclusive"",""semelhanca"",""triangulos""}","{""demonstrar"",""relacoes"",""metricas"",""triangulo"",""retangulo"",""teorema""}","{""matematica""}",false,https://catalogobncc.github.io/metadados/2022/03/30/efma,Importado dos metadados públicos do Catálogo BNCC. Revisar unidade temática e objeto de conhecimento na planilha oficial BNCC/MEC.
EF09MA14,Ensino Fundamental - Anos Finais,9º ano,Matemática,Matemática,,,Resolver e elaborar problemas de aplicação do teorema de Pitágoras ou das relações de proporcionalidade envolvendo retas paralelas cortadas por secantes.,"{""problemas"",""aplicacao"",""teorema"",""pitagoras"",""relacoes"",""proporcionalidade"",""envolvendo"",""retas"",""paralelas"",""cortadas""}","{""problemas"",""aplicacao"",""teorema"",""pitagoras"",""relacoes"",""proporcionalidade""}","{""matematica""}",true,https://catalogobncc.github.io/metadados/2022/03/30/efma,Importado dos metadados públicos do Catálogo BNCC. Revisar unidade temática e objeto de conhecimento na planilha oficial BNCC/MEC.
EF09MA15,Ensino Fundamental - Anos Finais,9º ano,Matemática,Matemática,,,"Descrever, por escrito e por meio de um fluxograma, um algoritmo para a construção de um polígono regular cuja medida do lado é conhecida, utilizando régua e compasso, como também softwares.","{""descrever"",""escrito"",""fluxograma"",""algoritmo"",""construcao"",""poligono"",""regular"",""medida"",""conhecida"",""regua""}","{""descrever"",""escrito"",""fluxograma"",""algoritmo"",""construcao"",""poligono""}","{""tecnologia"",""engenharia"",""matematica""}",true,https://catalogobncc.github.io/metadados/2022/03/30/efma,Importado dos metadados públicos do Catálogo BNCC. Revisar unidade temática e objeto de conhecimento na planilha oficial BNCC/MEC.
EF09MA16,Ensino Fundamental - Anos Finais,9º ano,Matemática,Matemática,,,"Determinar o ponto médio de um segmento de reta e a distância entre dois pontos quaisquer, dadas as coordenadas desses pontos no plano cartesiano, sem o uso de fórmulas, e utilizar esse conhecimento para calcular, por exemplo, medidas de perímetros e áreas de figuras planas construídas no plano.","{""determinar"",""ponto"",""medio"",""segmento"",""distancia"",""pontos"",""quaisquer"",""dadas"",""coordenadas"",""desses""}","{""determinar"",""ponto"",""medio"",""segmento"",""distancia"",""pontos""}","{""engenharia"",""artes"",""matematica""}",true,https://catalogobncc.github.io/metadados/2022/03/30/efma,Importado dos metadados públicos do Catálogo BNCC. Revisar unidade temática e objeto de conhecimento na planilha oficial BNCC/MEC.
EF09MA17,Ensino Fundamental - Anos Finais,9º ano,Matemática,Matemática,,,Reconhecer vistas ortogonais de figuras espaciais e aplicar esse conhecimento para desenhar objetos em perspectiva.,"{""vistas"",""ortogonais"",""figuras"",""espaciais"",""aplicar"",""conhecimento"",""desenhar"",""objetos"",""perspectiva""}","{""vistas"",""ortogonais"",""figuras"",""espaciais"",""aplicar"",""conhecimento""}","{""matematica""}",false,https://catalogobncc.github.io/metadados/2022/03/30/efma,Importado dos metadados públicos do Catálogo BNCC. Revisar unidade temática e objeto de conhecimento na planilha oficial BNCC/MEC.
EF09MA18,Ensino Fundamental - Anos Finais,9º ano,Matemática,Matemática,,,"Reconhecer e empregar unidades usadas para expressar medidas muito grandes ou muito pequenas, tais como distância entre planetas e sistemas solares, tamanho de vírus ou de células, capacidade de armazenamento de computadores, entre outros.","{""empregar"",""unidades"",""usadas"",""expressar"",""medidas"",""muito"",""grandes"",""pequenas"",""distancia"",""planetas""}","{""empregar"",""unidades"",""usadas"",""expressar"",""medidas"",""muito""}","{""matematica""}",false,https://catalogobncc.github.io/metadados/2022/03/30/efma,Importado dos metadados públicos do Catálogo BNCC. Revisar unidade temática e objeto de conhecimento na planilha oficial BNCC/MEC.
EF09MA19,Ensino Fundamental - Anos Finais,9º ano,Matemática,Matemática,,,"Resolver e elaborar problemas que envolvam medidas de volumes de prismas e de cilindros retos, inclusive com uso de expressões de cálculo, em situações cotidianas.","{""problemas"",""envolvam"",""medidas"",""volumes"",""prismas"",""cilindros"",""retos"",""inclusive"",""expressoes"",""calculo""}","{""problemas"",""envolvam"",""medidas"",""volumes"",""prismas"",""cilindros""}","{""matematica""}",true,https://catalogobncc.github.io/metadados/2022/03/30/efma,Importado dos metadados públicos do Catálogo BNCC. Revisar unidade temática e objeto de conhecimento na planilha oficial BNCC/MEC.
EF09MA20,Ensino Fundamental - Anos Finais,9º ano,Matemática,Matemática,,,"Reconhecer, em experimentos aleatórios, eventos independentes e dependentes e calcular a probabilidade de sua ocorrência, nos dois casos.","{""experimentos"",""aleatorios"",""eventos"",""independentes"",""dependentes"",""calcular"",""probabilidade"",""ocorrencia"",""casos""}","{""experimentos"",""aleatorios"",""eventos"",""independentes"",""dependentes"",""calcular""}","{""matematica""}",true,https://catalogobncc.github.io/metadados/2022/03/30/efma,Importado dos metadados públicos do Catálogo BNCC. Revisar unidade temática e objeto de conhecimento na planilha oficial BNCC/MEC.
EF09MA21,Ensino Fundamental - Anos Finais,9º ano,Matemática,Matemática,,,"Analisar e identificar, em gráficos divulgados pela mídia, os elementos que podem induzir, às vezes propositadamente, erros de leitura, como escalas inapropriadas, legendas não explicitadas corretamente, omissão de informações importantes (fontes e datas), entre outros.","{""graficos"",""divulgados"",""midia"",""elementos"",""podem"",""induzir"",""vezes"",""propositadamente"",""erros"",""leitura""}","{""graficos"",""divulgados"",""midia"",""elementos"",""podem"",""induzir""}","{""tecnologia"",""matematica""}",false,https://catalogobncc.github.io/metadados/2022/03/30/efma,Importado dos metadados públicos do Catálogo BNCC. Revisar unidade temática e objeto de conhecimento na planilha oficial BNCC/MEC.
EF09MA22,Ensino Fundamental - Anos Finais,9º ano,Matemática,Matemática,,,"Escolher e construir o gráfico mais adequado (colunas, setores, linhas), com ou sem uso de planilhas eletrônicas, para apresentar um determinado conjunto de dados, destacando aspectos como as medidas de tendência central.","{""escolher"",""construir"",""grafico"",""adequado"",""colunas"",""setores"",""linhas"",""planilhas"",""eletronicas"",""apresentar""}","{""escolher"",""construir"",""grafico"",""adequado"",""colunas"",""setores""}","{""tecnologia"",""engenharia"",""matematica""}",true,https://catalogobncc.github.io/metadados/2022/03/30/efma,Importado dos metadados públicos do Catálogo BNCC. Revisar unidade temática e objeto de conhecimento na planilha oficial BNCC/MEC.
EF09MA23,Ensino Fundamental - Anos Finais,9º ano,Matemática,Matemática,,,"Planejar e executar pesquisa amostral envolvendo tema da realidade social e comunicar os resultados por meio de relatório contendo avaliação de medidas de tendência central e da amplitude, tabelas e gráficos adequados, construídos com o apoio de planilhas eletrônicas.","{""planejar"",""executar"",""pesquisa"",""amostral"",""envolvendo"",""realidade"",""social"",""comunicar"",""resultados"",""relatorio""}","{""planejar"",""executar"",""pesquisa"",""amostral"",""envolvendo"",""realidade""}","{""tecnologia"",""engenharia"",""matematica""}",true,https://catalogobncc.github.io/metadados/2022/03/30/efma,Importado dos metadados públicos do Catálogo BNCC. Revisar unidade temática e objeto de conhecimento na planilha oficial BNCC/MEC.
EF67EF01,Ensino Fundamental - Anos Finais,"6º ano; 7º ano",Linguagens,Educação Física,,,"Experimentar e fruir, na escola e fora dela, jogos eletrônicos diversos, valorizando e respeitando os sentidos e significados atribuídos a eles por diferentes grupos sociais e etários.","{""experimentar"",""fruir"",""escola"",""jogos"",""eletronicos"",""valorizando"",""respeitando"",""sentidos"",""significados"",""atribuidos""}","{""experimentar"",""fruir"",""escola"",""jogos"",""eletronicos"",""valorizando""}","{""tecnologia""}",false,https://catalogobncc.github.io/metadados/2022/03/30/efef,Importado dos metadados públicos do Catálogo BNCC. Revisar unidade temática e objeto de conhecimento na planilha oficial BNCC/MEC.
EF67EF02,Ensino Fundamental - Anos Finais,"6º ano; 7º ano",Linguagens,Educação Física,,,Identificar as transformações nas características dos jogos eletrônicos em função dos avanços das tecnologias e nas respectivas exigências corporais colocadas por esses diferentes tipos de jogos.,"{""transformacoes"",""caracteristicas"",""jogos"",""eletronicos"",""funcao"",""avancos"",""tecnologias"",""respectivas"",""exigencias"",""corporais""}","{""transformacoes"",""caracteristicas"",""jogos"",""eletronicos"",""funcao"",""avancos""}","{""ciencia"",""tecnologia""}",false,https://catalogobncc.github.io/metadados/2022/03/30/efef,Importado dos metadados públicos do Catálogo BNCC. Revisar unidade temática e objeto de conhecimento na planilha oficial BNCC/MEC.
EF67EF03,Ensino Fundamental - Anos Finais,"6º ano; 7º ano",Linguagens,Educação Física,,,"Experimentar e fruir esportes de marca, precisão, invasão e técnico-combinatórios, valorizando o trabalho coletivo e o protagonismo.","{""experimentar"",""fruir"",""esportes"",""marca"",""precisao"",""invasao"",""tecnico"",""combinatorios"",""valorizando"",""trabalho""}","{""experimentar"",""fruir"",""esportes"",""marca"",""precisao"",""invasao""}",{},false,https://catalogobncc.github.io/metadados/2022/03/30/efef,Importado dos metadados públicos do Catálogo BNCC. Revisar unidade temática e objeto de conhecimento na planilha oficial BNCC/MEC.
EF67EF04,Ensino Fundamental - Anos Finais,"6º ano; 7º ano",Linguagens,Educação Física,,,"Praticar um ou mais esportes de marca, precisão, invasão e técnico-combinatórios oferecidos pela escola, usando habilidades técnico-táticas básicas e respeitando regras.","{""praticar"",""esportes"",""marca"",""precisao"",""invasao"",""tecnico"",""combinatorios"",""oferecidos"",""escola"",""usando""}","{""praticar"",""esportes"",""marca"",""precisao"",""invasao"",""tecnico""}",{},false,https://catalogobncc.github.io/metadados/2022/03/30/efef,Importado dos metadados públicos do Catálogo BNCC. Revisar unidade temática e objeto de conhecimento na planilha oficial BNCC/MEC.
EF67EF05,Ensino Fundamental - Anos Finais,"6º ano; 7º ano",Linguagens,Educação Física,,,"Planejar e utilizar estratégias para solucionar os desafios técnicos e táticos, tanto nos esportes de marca, precisão, invasão e técnico-combinatórios como nas modalidades esportivas escolhidas para praticar de forma específica.","{""planejar"",""utilizar"",""estrategias"",""solucionar"",""desafios"",""tecnicos"",""taticos"",""tanto"",""esportes"",""marca""}","{""planejar"",""utilizar"",""estrategias"",""solucionar"",""desafios"",""tecnicos""}",{},true,https://catalogobncc.github.io/metadados/2022/03/30/efef,Importado dos metadados públicos do Catálogo BNCC. Revisar unidade temática e objeto de conhecimento na planilha oficial BNCC/MEC.
EF67EF06,Ensino Fundamental - Anos Finais,"6º ano; 7º ano",Linguagens,Educação Física,,,Analisar as transformações na organização e na prática dos esportes em suas diferentes manifestações (profissional e comunitário/lazer).,"{""transformacoes"",""organizacao"",""pratica"",""esportes"",""manifestacoes"",""profissional"",""comunitario"",""lazer""}","{""transformacoes"",""organizacao"",""pratica"",""esportes"",""manifestacoes"",""profissional""}",{},false,https://catalogobncc.github.io/metadados/2022/03/30/efef,Importado dos metadados públicos do Catálogo BNCC. Revisar unidade temática e objeto de conhecimento na planilha oficial BNCC/MEC.
EF67EF07,Ensino Fundamental - Anos Finais,"6º ano; 7º ano",Linguagens,Educação Física,,,Propor e produzir alternativas para experimentação dos esportes não disponíveis e/ou acessíveis na comunidade e das demais práticas corporais tematizadas na escola.,"{""propor"",""alternativas"",""experimentacao"",""esportes"",""disponiveis"",""acessiveis"",""comunidade"",""demais"",""praticas"",""corporais""}","{""propor"",""alternativas"",""experimentacao"",""esportes"",""disponiveis"",""acessiveis""}","{""ciencia""}",true,https://catalogobncc.github.io/metadados/2022/03/30/efef,Importado dos metadados públicos do Catálogo BNCC. Revisar unidade temática e objeto de conhecimento na planilha oficial BNCC/MEC.
EF67EF08,Ensino Fundamental - Anos Finais,"6º ano; 7º ano",Linguagens,Educação Física,,,"Experimentar e fruir exercícios físicos que solicitem diferentes capacidades físicas, identificando seus tipos (força, velocidade, resistência, flexibilidade) e as sensações corporais provocadas pela sua prática.","{""experimentar"",""fruir"",""exercicios"",""fisicos"",""solicitem"",""capacidades"",""fisicas"",""identificando"",""tipos"",""forca""}","{""experimentar"",""fruir"",""exercicios"",""fisicos"",""solicitem"",""capacidades""}","{""ciencia""}",false,https://catalogobncc.github.io/metadados/2022/03/30/efef,Importado dos metadados públicos do Catálogo BNCC. Revisar unidade temática e objeto de conhecimento na planilha oficial BNCC/MEC.
EF67EF09,Ensino Fundamental - Anos Finais,"6º ano; 7º ano",Linguagens,Educação Física,,,"Construir, coletivamente, procedimentos e normas de convívio que viabilizem a participação de todos na prática de exercícios físicos, com o objetivo de promover a saúde.","{""construir"",""coletivamente"",""procedimentos"",""normas"",""convivio"",""viabilizem"",""participacao"",""todos"",""pratica"",""exercicios""}","{""construir"",""coletivamente"",""procedimentos"",""normas"",""convivio"",""viabilizem""}","{""ciencia"",""engenharia""}",true,https://catalogobncc.github.io/metadados/2022/03/30/efef,Importado dos metadados públicos do Catálogo BNCC. Revisar unidade temática e objeto de conhecimento na planilha oficial BNCC/MEC.
EF67EF10,Ensino Fundamental - Anos Finais,"6º ano; 7º ano",Linguagens,Educação Física,,,Diferenciar exercício físico de atividade física e propor alternativas para a prática de exercícios físicos dentro e fora do ambiente escolar.,"{""diferenciar"",""exercicio"",""fisico"",""atividade"",""fisica"",""propor"",""alternativas"",""pratica"",""exercicios"",""fisicos""}","{""diferenciar"",""exercicio"",""fisico"",""atividade"",""fisica"",""propor""}","{""ciencia""}",true,https://catalogobncc.github.io/metadados/2022/03/30/efef,Importado dos metadados públicos do Catálogo BNCC. Revisar unidade temática e objeto de conhecimento na planilha oficial BNCC/MEC.
EF67EF11,Ensino Fundamental - Anos Finais,"6º ano; 7º ano",Linguagens,Educação Física,,,"Experimentar, fruir e recriar danças urbanas, identificando seus elementos constitutivos (ritmo, espaço, gestos).","{""experimentar"",""fruir"",""recriar"",""dancas"",""urbanas"",""identificando"",""elementos"",""constitutivos"",""ritmo"",""espaco""}","{""experimentar"",""fruir"",""recriar"",""dancas"",""urbanas"",""identificando""}","{""artes""}",true,https://catalogobncc.github.io/metadados/2022/03/30/efef,Importado dos metadados públicos do Catálogo BNCC. Revisar unidade temática e objeto de conhecimento na planilha oficial BNCC/MEC.
EF67EF12,Ensino Fundamental - Anos Finais,"6º ano; 7º ano",Linguagens,Educação Física,,,Planejar e utilizar estratégias para aprender elementos constitutivos das danças urbanas.,"{""planejar"",""utilizar"",""estrategias"",""aprender"",""elementos"",""constitutivos"",""dancas"",""urbanas""}","{""planejar"",""utilizar"",""estrategias"",""aprender"",""elementos"",""constitutivos""}","{""artes""}",true,https://catalogobncc.github.io/metadados/2022/03/30/efef,Importado dos metadados públicos do Catálogo BNCC. Revisar unidade temática e objeto de conhecimento na planilha oficial BNCC/MEC.
EF67EF13,Ensino Fundamental - Anos Finais,"6º ano; 7º ano",Linguagens,Educação Física,,,"Diferenciar as danças urbanas das demais manifestações da dança, valorizando e respeitando os sentidos e significados atribuídos a eles por diferentes grupos sociais.","{""diferenciar"",""dancas"",""urbanas"",""demais"",""manifestacoes"",""danca"",""valorizando"",""respeitando"",""sentidos"",""significados""}","{""diferenciar"",""dancas"",""urbanas"",""demais"",""manifestacoes"",""danca""}","{""artes""}",false,https://catalogobncc.github.io/metadados/2022/03/30/efef,Importado dos metadados públicos do Catálogo BNCC. Revisar unidade temática e objeto de conhecimento na planilha oficial BNCC/MEC.
EF67EF14,Ensino Fundamental - Anos Finais,"6º ano; 7º ano",Linguagens,Educação Física,,,"Experimentar, fruir e recriar diferentes lutas do Brasil, valorizando a própria segurança e integridade física, bem como as dos demais.","{""experimentar"",""fruir"",""recriar"",""lutas"",""brasil"",""valorizando"",""propria"",""seguranca"",""integridade"",""fisica""}","{""experimentar"",""fruir"",""recriar"",""lutas"",""brasil"",""valorizando""}",{},true,https://catalogobncc.github.io/metadados/2022/03/30/efef,Importado dos metadados públicos do Catálogo BNCC. Revisar unidade temática e objeto de conhecimento na planilha oficial BNCC/MEC.
EF67EF15,Ensino Fundamental - Anos Finais,"6º ano; 7º ano",Linguagens,Educação Física,,,"Planejar e utilizar estratégias básicas das lutas do Brasil, respeitando o colega como oponente.","{""planejar"",""utilizar"",""estrategias"",""basicas"",""lutas"",""brasil"",""respeitando"",""colega"",""oponente""}","{""planejar"",""utilizar"",""estrategias"",""basicas"",""lutas"",""brasil""}",{},true,https://catalogobncc.github.io/metadados/2022/03/30/efef,Importado dos metadados públicos do Catálogo BNCC. Revisar unidade temática e objeto de conhecimento na planilha oficial BNCC/MEC.
EF67EF16,Ensino Fundamental - Anos Finais,"6º ano; 7º ano",Linguagens,Educação Física,,,"Identificar as características (códigos, rituais, elementos técnico-táticos, indumentária, materiais, instalações, instituições) das lutas do Brasil.","{""caracteristicas"",""codigos"",""rituais"",""elementos"",""tecnico"",""taticos"",""indumentaria"",""materiais"",""instalacoes"",""instituicoes""}","{""caracteristicas"",""codigos"",""rituais"",""elementos"",""tecnico"",""taticos""}","{""ciencia""}",false,https://catalogobncc.github.io/metadados/2022/03/30/efef,Importado dos metadados públicos do Catálogo BNCC. Revisar unidade temática e objeto de conhecimento na planilha oficial BNCC/MEC.
EF67EF17,Ensino Fundamental - Anos Finais,"6º ano; 7º ano",Linguagens,Educação Física,,,"Problematizar preconceitos e estereótipos relacionados ao universo das lutas e demais práticas corporais, propondo alternativas para superá-los, com base na solidariedade, na justiça, na equidade e no respeito.","{""problematizar"",""preconceitos"",""estereotipos"",""relacionados"",""universo"",""lutas"",""demais"",""praticas"",""corporais"",""propondo""}","{""problematizar"",""preconceitos"",""estereotipos"",""relacionados"",""universo"",""lutas""}","{""ciencia""}",false,https://catalogobncc.github.io/metadados/2022/03/30/efef,Importado dos metadados públicos do Catálogo BNCC. Revisar unidade temática e objeto de conhecimento na planilha oficial BNCC/MEC.
EF67EF18,Ensino Fundamental - Anos Finais,"6º ano; 7º ano",Linguagens,Educação Física,,,"Experimentar e fruir diferentes práticas corporais de aventura urbanas, valorizando a própria segurança e integridade física, bem como as dos demais.","{""experimentar"",""fruir"",""praticas"",""corporais"",""aventura"",""urbanas"",""valorizando"",""propria"",""seguranca"",""integridade""}","{""experimentar"",""fruir"",""praticas"",""corporais"",""aventura"",""urbanas""}","{""ciencia""}",false,https://catalogobncc.github.io/metadados/2022/03/30/efef,Importado dos metadados públicos do Catálogo BNCC. Revisar unidade temática e objeto de conhecimento na planilha oficial BNCC/MEC.
EF67EF19,Ensino Fundamental - Anos Finais,"6º ano; 7º ano",Linguagens,Educação Física,,,Identificar os riscos durante a realização de práticas corporais de aventura urbanas e planejar estratégias para sua superação.,"{""riscos"",""durante"",""realizacao"",""praticas"",""corporais"",""aventura"",""urbanas"",""planejar"",""estrategias"",""superacao""}","{""riscos"",""durante"",""realizacao"",""praticas"",""corporais"",""aventura""}","{""ciencia""}",true,https://catalogobncc.github.io/metadados/2022/03/30/efef,Importado dos metadados públicos do Catálogo BNCC. Revisar unidade temática e objeto de conhecimento na planilha oficial BNCC/MEC.
EF67EF20,Ensino Fundamental - Anos Finais,"6º ano; 7º ano",Linguagens,Educação Física,,,"Executar práticas corporais de aventura urbanas, respeitando o patrimônio público e utilizando alternativas para a prática segura em diversos espaços.","{""executar"",""praticas"",""corporais"",""aventura"",""urbanas"",""respeitando"",""patrimonio"",""publico"",""alternativas"",""pratica""}","{""executar"",""praticas"",""corporais"",""aventura"",""urbanas"",""respeitando""}","{""ciencia""}",false,https://catalogobncc.github.io/metadados/2022/03/30/efef,Importado dos metadados públicos do Catálogo BNCC. Revisar unidade temática e objeto de conhecimento na planilha oficial BNCC/MEC.
EF67EF21,Ensino Fundamental - Anos Finais,"6º ano; 7º ano",Linguagens,Educação Física,,,"Identificar a origem das práticas corporais de aventura e as possibilidades de recriá-las, reconhecendo as características (instrumentos, equipamentos de segurança, indumentária, organização) e seus tipos de práticas.","{""origem"",""praticas"",""corporais"",""aventura"",""possibilidades"",""recria"",""reconhecendo"",""caracteristicas"",""instrumentos"",""equipamentos""}","{""origem"",""praticas"",""corporais"",""aventura"",""possibilidades"",""recria""}","{""ciencia""}",false,https://catalogobncc.github.io/metadados/2022/03/30/efef,Importado dos metadados públicos do Catálogo BNCC. Revisar unidade temática e objeto de conhecimento na planilha oficial BNCC/MEC.
EF67LP01,Ensino Fundamental - Anos Finais,"6º ano; 7º ano",Linguagens,Língua Portuguesa,,,Analisar a estrutura e funcionamento dos hiperlinks em textos noticiosos publicados na Web e vislumbrar possibilidades de uma escrita hipertextual.,"{""estrutura"",""funcionamento"",""hiperlinks"",""textos"",""noticiosos"",""publicados"",""vislumbrar"",""possibilidades"",""escrita"",""hipertextual""}","{""estrutura"",""funcionamento"",""hiperlinks"",""textos"",""noticiosos"",""publicados""}","{""engenharia""}",false,https://catalogobncc.github.io/metadados/2022/03/30/eflp,Importado dos metadados públicos do Catálogo BNCC. Revisar unidade temática e objeto de conhecimento na planilha oficial BNCC/MEC.
EF67LP02,Ensino Fundamental - Anos Finais,"6º ano; 7º ano",Linguagens,Língua Portuguesa,,,"Explorar o espaço reservado ao leitor nos jornais, revistas, impressos e on-line, sites noticiosos etc., destacando notícias, fotorreportagens, entrevistas, charges, assuntos, temas, debates em foco, posicionando-se de maneira ética e respeitosa frente a esses textos e opiniões a eles relacionadas, e publicar notícias, notas jornalísticas, fotorreportagem de interesse geral nesses espaços do leitor.","{""explorar"",""espaco"",""reservado"",""leitor"",""jornais"",""revistas"",""impressos"",""sites"",""noticiosos"",""destacando""}","{""explorar"",""espaco"",""reservado"",""leitor"",""jornais"",""revistas""}",{},false,https://catalogobncc.github.io/metadados/2022/03/30/eflp,Importado dos metadados públicos do Catálogo BNCC. Revisar unidade temática e objeto de conhecimento na planilha oficial BNCC/MEC.
EF67LP03,Ensino Fundamental - Anos Finais,"6º ano; 7º ano",Linguagens,Língua Portuguesa,,,"Comparar informações sobre um mesmo fato divulgadas em diferentes veículos e mídias, analisando e avaliando a confiabilidade.","{""informacoes"",""mesmo"",""divulgadas"",""veiculos"",""midias"",""analisando"",""avaliando"",""confiabilidade""}","{""informacoes"",""mesmo"",""divulgadas"",""veiculos"",""midias"",""analisando""}","{""tecnologia""}",false,https://catalogobncc.github.io/metadados/2022/03/30/eflp,Importado dos metadados públicos do Catálogo BNCC. Revisar unidade temática e objeto de conhecimento na planilha oficial BNCC/MEC.
EF67LP04,Ensino Fundamental - Anos Finais,"6º ano; 7º ano",Linguagens,Língua Portuguesa,,,"Distinguir, em segmentos descontínuos de textos, fato da opinião enunciada em relação a esse mesmo fato.","{""distinguir"",""segmentos"",""descontinuos"",""textos"",""opiniao"",""enunciada"",""relacao"",""mesmo""}","{""distinguir"",""segmentos"",""descontinuos"",""textos"",""opiniao"",""enunciada""}",{},false,https://catalogobncc.github.io/metadados/2022/03/30/eflp,Importado dos metadados públicos do Catálogo BNCC. Revisar unidade temática e objeto de conhecimento na planilha oficial BNCC/MEC.
EF67LP05,Ensino Fundamental - Anos Finais,"6º ano; 7º ano",Linguagens,Língua Portuguesa,,,"Identificar e avaliar teses/opiniões/posicionamentos explícitos e argumentos em textos argumentativos (carta de leitor, comentário, artigo de opinião, resenha crítica etc.), manifestando concordância ou discordância.","{""avaliar"",""teses"",""opinioes"",""posicionamentos"",""explicitos"",""argumentos"",""textos"",""argumentativos"",""carta"",""leitor""}","{""avaliar"",""teses"",""opinioes"",""posicionamentos"",""explicitos"",""argumentos""}",{},false,https://catalogobncc.github.io/metadados/2022/03/30/eflp,Importado dos metadados públicos do Catálogo BNCC. Revisar unidade temática e objeto de conhecimento na planilha oficial BNCC/MEC.
EF67LP06,Ensino Fundamental - Anos Finais,"6º ano; 7º ano",Linguagens,Língua Portuguesa,,,"Identificar os efeitos de sentido provocados pela seleção lexical, topicalização de elementos e seleção e hierarquização de informações, uso de 3ª pessoa etc.","{""efeitos"",""sentido"",""provocados"",""selecao"",""lexical"",""topicalizacao"",""elementos"",""hierarquizacao"",""informacoes"",""pessoa""}","{""efeitos"",""sentido"",""provocados"",""selecao"",""lexical"",""topicalizacao""}",{},false,https://catalogobncc.github.io/metadados/2022/03/30/eflp,Importado dos metadados públicos do Catálogo BNCC. Revisar unidade temática e objeto de conhecimento na planilha oficial BNCC/MEC.
EF67LP07,Ensino Fundamental - Anos Finais,"6º ano; 7º ano",Linguagens,Língua Portuguesa,,,"Identificar o uso de recursos persuasivos em textos argumentativos diversos (como a elaboração do título, escolhas lexicais, construções metafóricas, a explicitação ou a ocultação de fontes de informação) e perceber seus efeitos de sentido.","{""recursos"",""persuasivos"",""textos"",""argumentativos"",""elaboracao"",""titulo"",""escolhas"",""lexicais"",""construcoes"",""metaforicas""}","{""recursos"",""persuasivos"",""textos"",""argumentativos"",""elaboracao"",""titulo""}","{""engenharia""}",true,https://catalogobncc.github.io/metadados/2022/03/30/eflp,Importado dos metadados públicos do Catálogo BNCC. Revisar unidade temática e objeto de conhecimento na planilha oficial BNCC/MEC.
EF67LP08,Ensino Fundamental - Anos Finais,"6º ano; 7º ano",Linguagens,Língua Portuguesa,,,"Identificar os efeitos de sentido devidos à escolha de imagens estáticas, sequenciação ou sobreposição de imagens, definição de figura/fundo, ângulo, profundidade e foco, cores/tonalidades, relação com o escrito (relações de reiteração, complementação ou oposição) etc. em notícias, reportagens, fotorreportagens, foto-denúncias, memes, gifs, anúncios publicitários e propagandas publicados em jornais, revistas, sites na internet etc.","{""efeitos"",""sentido"",""devidos"",""escolha"",""imagens"",""estaticas"",""sequenciacao"",""sobreposicao"",""definicao"",""figura""}","{""efeitos"",""sentido"",""devidos"",""escolha"",""imagens"",""estaticas""}",{},false,https://catalogobncc.github.io/metadados/2022/03/30/eflp,Importado dos metadados públicos do Catálogo BNCC. Revisar unidade temática e objeto de conhecimento na planilha oficial BNCC/MEC.
EF67LP09,Ensino Fundamental - Anos Finais,"6º ano; 7º ano",Linguagens,Língua Portuguesa,,,"Planejar notícia impressa e para circulação em outras mídias (rádio ou TV/vídeo), tendo em vista as condições de produção, do texto – objetivo, leitores/espectadores, veículos e mídia de circulação etc. –, a partir da escolha do fato a ser noticiado (de relevância para a turma, escola ou comunidade), do levantamento de dados e informações sobre o fato – que pode envolver entrevistas com envolvidos ou com especialistas, consultas a fontes, análise de documentos, cobertura de eventos etc.–, do registro dessas informações e dados, da escolha de fotos ou imagens a produzir ou a utilizar etc. e a previsão de uma estrutura hipertextual (no caso de publicação em sites ou blogs noticiosos).","{""planejar"",""noticia"",""impressa"",""circulacao"",""outras"",""midias"",""radio"",""video"",""tendo"",""vista""}","{""planejar"",""noticia"",""impressa"",""circulacao"",""outras"",""midias""}","{""tecnologia"",""engenharia""}",true,https://catalogobncc.github.io/metadados/2022/03/30/eflp,Importado dos metadados públicos do Catálogo BNCC. Revisar unidade temática e objeto de conhecimento na planilha oficial BNCC/MEC.
EF67LP10,Ensino Fundamental - Anos Finais,"6º ano; 7º ano",Linguagens,Língua Portuguesa,,,"Produzir notícia impressa tendo em vista características do gênero – título ou manchete com verbo no tempo presente, linha fina (opcional), lide, progressão dada pela ordem decrescente de importância dos fatos, uso de 3ª pessoa, de palavras que indicam precisão –, e o estabelecimento adequado de coesão e produzir notícia para TV, rádio e internet, tendo em vista, além das características do gênero, os recursos de mídias disponíveis e o manejo de recursos de captação e edição de áudio e imagem.","{""noticia"",""impressa"",""tendo"",""vista"",""caracteristicas"",""genero"",""titulo"",""manchete"",""verbo"",""tempo""}","{""noticia"",""impressa"",""tendo"",""vista"",""caracteristicas"",""genero""}","{""tecnologia"",""artes""}",true,https://catalogobncc.github.io/metadados/2022/03/30/eflp,Importado dos metadados públicos do Catálogo BNCC. Revisar unidade temática e objeto de conhecimento na planilha oficial BNCC/MEC.
EF67LP11,Ensino Fundamental - Anos Finais,"6º ano; 7º ano",Linguagens,Língua Portuguesa,,,"Planejar resenhas, vlogs, vídeos e podcasts variados, e textos e vídeos de apresentação e apreciação próprios das culturas juvenis (algumas possibilidades: fanzines, fanclipes, e-zines, gameplay, detonado etc.), dentre outros, tendo em vista as condições de produção do texto – objetivo, leitores/espectadores, veículos e mídia de circulação etc. –, a partir da escolha de uma produção ou evento cultural para analisar – livro, filme, série, game, canção, videoclipe, fanclipe, show, saraus, slams etc. – da busca de informação sobre a produção ou evento escolhido, da síntese de informações sobre a obra/evento e do elenco/seleção de aspectos, elementos ou recursos que possam ser destacados positiva ou negativamente ou da roteirização do passo a passo do game para posterior gravação dos vídeos.","{""planejar"",""resenhas"",""vlogs"",""videos"",""podcasts"",""variados"",""textos"",""apresentacao"",""apreciacao"",""proprios""}","{""planejar"",""resenhas"",""vlogs"",""videos"",""podcasts"",""variados""}","{""tecnologia"",""artes""}",true,https://catalogobncc.github.io/metadados/2022/03/30/eflp,Importado dos metadados públicos do Catálogo BNCC. Revisar unidade temática e objeto de conhecimento na planilha oficial BNCC/MEC.
EF67LP12,Ensino Fundamental - Anos Finais,"6º ano; 7º ano",Linguagens,Língua Portuguesa,,,"Produzir resenhas críticas, vlogs, vídeos, podcasts variados e produções e gêneros próprios das culturas juvenis (algumas possibilidades: fanzines, fanclipes, e-zines, gameplay, detonado etc.), que apresentem/descrevam e/ou avaliem produções culturais (livro, filme, série, game, canção, disco, videoclipe etc.) ou evento (show, sarau, slam etc.), tendo em vista o contexto de produção dado, as características do gênero, os recursos das mídias envolvidas e a textualização adequada dos textos e/ou produções.","{""resenhas"",""criticas"",""vlogs"",""videos"",""podcasts"",""variados"",""producoes"",""generos"",""proprios"",""culturas""}","{""resenhas"",""criticas"",""vlogs"",""videos"",""podcasts"",""variados""}","{""ciencia"",""tecnologia"",""artes""}",true,https://catalogobncc.github.io/metadados/2022/03/30/eflp,Importado dos metadados públicos do Catálogo BNCC. Revisar unidade temática e objeto de conhecimento na planilha oficial BNCC/MEC.
EF67LP13,Ensino Fundamental - Anos Finais,"6º ano; 7º ano",Linguagens,Língua Portuguesa,,,"Produzir, revisar e editar textos publicitários, levando em conta o contexto de produção dado, explorando recursos multissemióticos, relacionando elementos verbais e visuais, utilizando adequadamente estratégias discursivas de persuasão e/ou convencimento e criando título ou slogan que façam o leitor motivar-se a interagir com o texto produzido e se sinta atraído pelo serviço, ideia ou produto em questão.","{""revisar"",""editar"",""textos"",""publicitarios"",""levando"",""conta"",""contexto"",""producao"",""explorando"",""recursos""}","{""revisar"",""editar"",""textos"",""publicitarios"",""levando"",""conta""}",{},true,https://catalogobncc.github.io/metadados/2022/03/30/eflp,Importado dos metadados públicos do Catálogo BNCC. Revisar unidade temática e objeto de conhecimento na planilha oficial BNCC/MEC.
EF67LP14,Ensino Fundamental - Anos Finais,"6º ano; 7º ano",Linguagens,Língua Portuguesa,,,"Definir o contexto de produção da entrevista (objetivos, o que se pretende conseguir, porque aquele entrevistado etc.), levantar informações sobre o entrevistado e sobre o acontecimento ou tema em questão, preparar o roteiro de perguntar e realizar entrevista oral com envolvidos ou especialistas relacionados com o fato noticiado ou com o tema em pauta, usando roteiro previamente elaborado e formulando outras perguntas a partir das respostas dadas e, quando for o caso, selecionar partes, transcrever e proceder a uma edição escrita do texto, adequando-o a seu contexto de publicação, à construção composicional do gênero e garantindo a relevância das informações mantidas e a continuidade temática.","{""definir"",""contexto"",""producao"",""entrevista"",""objetivos"",""pretende"",""conseguir"",""porque"",""aquele"",""entrevistado""}","{""definir"",""contexto"",""producao"",""entrevista"",""objetivos"",""pretende""}","{""engenharia"",""artes""}",true,https://catalogobncc.github.io/metadados/2022/03/30/eflp,Importado dos metadados públicos do Catálogo BNCC. Revisar unidade temática e objeto de conhecimento na planilha oficial BNCC/MEC.
EF67LP15,Ensino Fundamental - Anos Finais,"6º ano; 7º ano",Linguagens,Língua Portuguesa,,,"Identificar a proibição imposta ou o direito garantido, bem como as circunstâncias de sua aplicação, em artigos relativos a normas, regimentos escolares, regimentos e estatutos da sociedade civil, regulamentações para o mercado publicitário, Código de Defesa do Consumidor, Código Nacional de Trânsito, ECA, Constituição, dentre outros.","{""proibicao"",""imposta"",""direito"",""garantido"",""circunstancias"",""aplicacao"",""artigos"",""relativos"",""normas"",""regimentos""}","{""proibicao"",""imposta"",""direito"",""garantido"",""circunstancias"",""aplicacao""}",{},false,https://catalogobncc.github.io/metadados/2022/03/30/eflp,Importado dos metadados públicos do Catálogo BNCC. Revisar unidade temática e objeto de conhecimento na planilha oficial BNCC/MEC.
EF67LP16,Ensino Fundamental - Anos Finais,"6º ano; 7º ano",Linguagens,Língua Portuguesa,,,"Explorar e analisar espaços de reclamação de direitos e de envio de solicitações (tais como ouvidorias, SAC, canais ligados a órgãos públicos, plataformas do consumidor, plataformas de reclamação), bem como de textos pertencentes a gêneros que circulam nesses espaços, reclamação ou carta de reclamação, solicitação ou carta de solicitação, como forma de ampliar as possibilidades de produção desses textos em casos que remetam a reivindicações que envolvam a escola, a comunidade ou algum de seus membros como forma de se engajar na busca de solução de problemas pessoais, dos outros e coletivos.","{""explorar"",""espacos"",""reclamacao"",""direitos"",""envio"",""solicitacoes"",""ouvidorias"",""canais"",""ligados"",""orgaos""}","{""explorar"",""espacos"",""reclamacao"",""direitos"",""envio"",""solicitacoes""}","{""engenharia""}",true,https://catalogobncc.github.io/metadados/2022/03/30/eflp,Importado dos metadados públicos do Catálogo BNCC. Revisar unidade temática e objeto de conhecimento na planilha oficial BNCC/MEC.
EF67LP17,Ensino Fundamental - Anos Finais,"6º ano; 7º ano",Linguagens,Língua Portuguesa,,,"Analisar, a partir do contexto de produção, a forma de organização das cartas de solicitação e de reclamação (datação, forma de início, apresentação contextualizada do pedido ou da reclamação, em geral, acompanhada de explicações, argumentos e/ou relatos do problema, fórmula de finalização mais ou menos cordata, dependendo do tipo de carta e subscrição) e algumas das marcas linguísticas relacionadas à argumentação, explicação ou relato de fatos, como forma de possibilitar a escrita fundamentada de cartas como essas ou de postagens em canais próprios de reclamações e solicitações em situações que envolvam questões relativas à escola, à comunidade ou a algum dos seus membros.","{""contexto"",""producao"",""organizacao"",""cartas"",""solicitacao"",""reclamacao"",""datacao"",""inicio"",""apresentacao"",""contextualizada""}","{""contexto"",""producao"",""organizacao"",""cartas"",""solicitacao"",""reclamacao""}",{},false,https://catalogobncc.github.io/metadados/2022/03/30/eflp,Importado dos metadados públicos do Catálogo BNCC. Revisar unidade temática e objeto de conhecimento na planilha oficial BNCC/MEC.
EF67LP18,Ensino Fundamental - Anos Finais,"6º ano; 7º ano",Linguagens,Língua Portuguesa,,,"Identificar o objeto da reclamação e/ou da solicitação e sua sustentação, explicação ou justificativa, de forma a poder analisar a pertinência da solicitação ou justificação.","{""objeto"",""reclamacao"",""solicitacao"",""sustentacao"",""explicacao"",""justificativa"",""poder"",""pertinencia"",""justificacao""}","{""objeto"",""reclamacao"",""solicitacao"",""sustentacao"",""explicacao"",""justificativa""}","{""ciencia""}",false,https://catalogobncc.github.io/metadados/2022/03/30/eflp,Importado dos metadados públicos do Catálogo BNCC. Revisar unidade temática e objeto de conhecimento na planilha oficial BNCC/MEC.
EF67LP19,Ensino Fundamental - Anos Finais,"6º ano; 7º ano",Linguagens,Língua Portuguesa,,,"Realizar levantamento de questões, problemas que requeiram a denúncia de desrespeito a direitos, reivindicações, reclamações, solicitações que contemplem a comunidade escolar ou algum de seus membros e examinar normas e legislações.","{""realizar"",""levantamento"",""questoes"",""problemas"",""requeiram"",""denuncia"",""desrespeito"",""direitos"",""reivindicacoes"",""reclamacoes""}","{""realizar"",""levantamento"",""questoes"",""problemas"",""requeiram"",""denuncia""}",{},false,https://catalogobncc.github.io/metadados/2022/03/30/eflp,Importado dos metadados públicos do Catálogo BNCC. Revisar unidade temática e objeto de conhecimento na planilha oficial BNCC/MEC.
EF67LP20,Ensino Fundamental - Anos Finais,"6º ano; 7º ano",Linguagens,Língua Portuguesa,,,"Realizar pesquisa, a partir de recortes e questões definidos previamente, usando fontes indicadas e abertas.","{""realizar"",""pesquisa"",""recortes"",""questoes"",""definidos"",""previamente"",""usando"",""fontes"",""indicadas"",""abertas""}","{""realizar"",""pesquisa"",""recortes"",""questoes"",""definidos"",""previamente""}",{},false,https://catalogobncc.github.io/metadados/2022/03/30/eflp,Importado dos metadados públicos do Catálogo BNCC. Revisar unidade temática e objeto de conhecimento na planilha oficial BNCC/MEC.
EF67LP21,Ensino Fundamental - Anos Finais,"6º ano; 7º ano",Linguagens,Língua Portuguesa,,,"Divulgar resultados de pesquisas por meio de apresentações orais, painéis, artigos de divulgação científica, verbetes de enciclopédia, podcasts científicos etc.","{""divulgar"",""resultados"",""pesquisas"",""apresentacoes"",""orais"",""paineis"",""artigos"",""divulgacao"",""cientifica"",""verbetes""}","{""divulgar"",""resultados"",""pesquisas"",""apresentacoes"",""orais"",""paineis""}","{""ciencia""}",false,https://catalogobncc.github.io/metadados/2022/03/30/eflp,Importado dos metadados públicos do Catálogo BNCC. Revisar unidade temática e objeto de conhecimento na planilha oficial BNCC/MEC.
EF67LP22,Ensino Fundamental - Anos Finais,"6º ano; 7º ano",Linguagens,Língua Portuguesa,,,"Produzir resumos, a partir das notas e/ou esquemas feitos, com o uso adequado de paráfrases e citações.","{""resumos"",""notas"",""esquemas"",""feitos"",""adequado"",""parafrases"",""citacoes""}","{""resumos"",""notas"",""esquemas"",""feitos"",""adequado"",""parafrases""}",{},true,https://catalogobncc.github.io/metadados/2022/03/30/eflp,Importado dos metadados públicos do Catálogo BNCC. Revisar unidade temática e objeto de conhecimento na planilha oficial BNCC/MEC.
EF67LP23,Ensino Fundamental - Anos Finais,"6º ano; 7º ano",Linguagens,Língua Portuguesa,,,"Respeitar os turnos de fala, na participação em conversações e em discussões ou atividades coletivas, na sala de aula e na escola e formular perguntas coerentes e adequadas em momentos oportunos em situações de aulas, apresentação oral, seminário etc.","{""respeitar"",""turnos"",""participacao"",""conversacoes"",""discussoes"",""atividades"",""coletivas"",""escola"",""formular"",""perguntas""}","{""respeitar"",""turnos"",""participacao"",""conversacoes"",""discussoes"",""atividades""}","{""ciencia""}",false,https://catalogobncc.github.io/metadados/2022/03/30/eflp,Importado dos metadados públicos do Catálogo BNCC. Revisar unidade temática e objeto de conhecimento na planilha oficial BNCC/MEC.
EF67LP24,Ensino Fundamental - Anos Finais,"6º ano; 7º ano",Linguagens,Língua Portuguesa,,,"Tomar nota de aulas, apresentações orais, entrevistas (ao vivo, áudio, TV, vídeo), identificando e hierarquizando as informações principais, tendo em vista apoiar o estudo e a produção de sínteses e reflexões pessoais ou outros objetivos em questão.","{""tomar"",""aulas"",""apresentacoes"",""orais"",""entrevistas"",""audio"",""video"",""identificando"",""hierarquizando"",""informacoes""}","{""tomar"",""aulas"",""apresentacoes"",""orais"",""entrevistas"",""audio""}",{},false,https://catalogobncc.github.io/metadados/2022/03/30/eflp,Importado dos metadados públicos do Catálogo BNCC. Revisar unidade temática e objeto de conhecimento na planilha oficial BNCC/MEC.
EF67LP25,Ensino Fundamental - Anos Finais,"6º ano; 7º ano",Linguagens,Língua Portuguesa,,,"Reconhecer e utilizar os critérios de organização tópica (do geral para o específico, do específico para o geral etc.), as marcas linguísticas dessa organização (marcadores de ordenação e enumeração, de explicação, definição e exemplificação, por exemplo) e os mecanismos de paráfrase, de maneira a organizar mais adequadamente a coesão e a progressão temática de seus textos.","{""utilizar"",""criterios"",""organizacao"",""topica"",""geral"",""especifico"",""marcas"",""linguisticas"",""dessa"",""marcadores""}","{""utilizar"",""criterios"",""organizacao"",""topica"",""geral"",""especifico""}","{""engenharia""}",false,https://catalogobncc.github.io/metadados/2022/03/30/eflp,Importado dos metadados públicos do Catálogo BNCC. Revisar unidade temática e objeto de conhecimento na planilha oficial BNCC/MEC.
EF67LP26,Ensino Fundamental - Anos Finais,"6º ano; 7º ano",Linguagens,Língua Portuguesa,,,Reconhecer a estrutura de hipertexto em textos de divulgação científica e proceder à remissão a conceitos e relações por meio de notas de rodapés ou boxes.,"{""estrutura"",""hipertexto"",""textos"",""divulgacao"",""cientifica"",""proceder"",""remissao"",""conceitos"",""relacoes"",""notas""}","{""estrutura"",""hipertexto"",""textos"",""divulgacao"",""cientifica"",""proceder""}","{""ciencia"",""engenharia""}",false,https://catalogobncc.github.io/metadados/2022/03/30/eflp,Importado dos metadados públicos do Catálogo BNCC. Revisar unidade temática e objeto de conhecimento na planilha oficial BNCC/MEC.
EF67LP27,Ensino Fundamental - Anos Finais,"6º ano; 7º ano",Linguagens,Língua Portuguesa,,,"Analisar, entre os textos literários e entre estes e outras manifestações artísticas (como cinema, teatro, música, artes visuais e midiáticas), referências explícitas ou implícitas a outros textos, quanto aos temas, personagens e recursos literários e semióticos","{""textos"",""literarios"",""estes"",""outras"",""manifestacoes"",""artisticas"",""cinema"",""teatro"",""musica"",""artes""}","{""textos"",""literarios"",""estes"",""outras"",""manifestacoes"",""artisticas""}","{""tecnologia"",""artes""}",false,https://catalogobncc.github.io/metadados/2022/03/30/eflp,Importado dos metadados públicos do Catálogo BNCC. Revisar unidade temática e objeto de conhecimento na planilha oficial BNCC/MEC.
EF67LP28,Ensino Fundamental - Anos Finais,"6º ano; 7º ano",Linguagens,Língua Portuguesa,,,"Ler, de forma autônoma, e compreender – selecionando procedimentos e estratégias de leitura adequados a diferentes objetivos e levando em conta características dos gêneros e suportes –, romances infantojuvenis, contos populares, contos de terror, lendas brasileiras, indígenas e africanas, narrativas de aventuras, narrativas de enigma, mitos, crônicas, autobiografias, histórias em quadrinhos, mangás, poemas de forma livre e fixa (como sonetos e cordéis), vídeo-poemas, poemas visuais, dentre outros, expressando avaliação sobre o texto lido e estabelecendo preferências por gêneros, temas, autores.","{""autonoma"",""selecionando"",""procedimentos"",""estrategias"",""leitura"",""adequados"",""objetivos"",""levando"",""conta"",""caracteristicas""}","{""autonoma"",""selecionando"",""procedimentos"",""estrategias"",""leitura"",""adequados""}",{},false,https://catalogobncc.github.io/metadados/2022/03/30/eflp,Importado dos metadados públicos do Catálogo BNCC. Revisar unidade temática e objeto de conhecimento na planilha oficial BNCC/MEC.
EF67LP29,Ensino Fundamental - Anos Finais,"6º ano; 7º ano",Linguagens,Língua Portuguesa,,,"Identificar, em texto dramático, personagem, ato, cena, fala e indicações cênicas e a organização do texto: enredo, conflitos, ideias principais, pontos de vista, universos de referência.","{""texto"",""dramatico"",""personagem"",""indicacoes"",""cenicas"",""organizacao"",""enredo"",""conflitos"",""ideias"",""principais""}","{""texto"",""dramatico"",""personagem"",""indicacoes"",""cenicas"",""organizacao""}",{},false,https://catalogobncc.github.io/metadados/2022/03/30/eflp,Importado dos metadados públicos do Catálogo BNCC. Revisar unidade temática e objeto de conhecimento na planilha oficial BNCC/MEC.
EF67LP30,Ensino Fundamental - Anos Finais,"6º ano; 7º ano",Linguagens,Língua Portuguesa,,,"Criar narrativas ficcionais, tais como contos populares, contos de suspense, mistério, terror, humor, narrativas de enigma, crônicas, histórias em quadrinhos, dentre outros, que utilizem cenários e personagens realistas ou de fantasia, observando os elementos da estrutura narrativa próprios ao gênero pretendido, tais como enredo, personagens, tempo, espaço e narrador, utilizando tempos verbais adequados à narração de fatos passados, empregando conhecimentos sobre diferentes modos de se iniciar uma história e de inserir os discursos direto e indireto.","{""criar"",""narrativas"",""ficcionais"",""contos"",""populares"",""suspense"",""misterio"",""terror"",""humor"",""enigma""}","{""criar"",""narrativas"",""ficcionais"",""contos"",""populares"",""suspense""}","{""engenharia""}",true,https://catalogobncc.github.io/metadados/2022/03/30/eflp,Importado dos metadados públicos do Catálogo BNCC. Revisar unidade temática e objeto de conhecimento na planilha oficial BNCC/MEC.
EF67LP31,Ensino Fundamental - Anos Finais,"6º ano; 7º ano",Linguagens,Língua Portuguesa,,,"Criar poemas compostos por versos livres e de forma fixa (como quadras e sonetos), utilizando recursos visuais, semânticos e sonoros, tais como cadências, ritmos e rimas, e poemas visuais e vídeo-poemas, explorando as relações entre imagem e texto verbal, a distribuição da mancha gráfica (poema visual) e outros recursos visuais e sonoros.","{""criar"",""poemas"",""compostos"",""versos"",""livres"",""quadras"",""sonetos"",""recursos"",""visuais"",""semanticos""}","{""criar"",""poemas"",""compostos"",""versos"",""livres"",""quadras""}","{""artes""}",true,https://catalogobncc.github.io/metadados/2022/03/30/eflp,Importado dos metadados públicos do Catálogo BNCC. Revisar unidade temática e objeto de conhecimento na planilha oficial BNCC/MEC.
EF67LP32,Ensino Fundamental - Anos Finais,"6º ano; 7º ano",Linguagens,Língua Portuguesa,,,"Escrever palavras com correção ortográfica, obedecendo as convenções da língua escrita.","{""escrever"",""palavras"",""correcao"",""ortografica"",""obedecendo"",""convencoes"",""lingua"",""escrita""}","{""escrever"",""palavras"",""correcao"",""ortografica"",""obedecendo"",""convencoes""}",{},false,https://catalogobncc.github.io/metadados/2022/03/30/eflp,Importado dos metadados públicos do Catálogo BNCC. Revisar unidade temática e objeto de conhecimento na planilha oficial BNCC/MEC.
EF67LP33,Ensino Fundamental - Anos Finais,"6º ano; 7º ano",Linguagens,Língua Portuguesa,,,Pontuar textos adequadamente.,"{""pontuar"",""textos"",""adequadamente""}","{""pontuar"",""textos"",""adequadamente""}",{},false,https://catalogobncc.github.io/metadados/2022/03/30/eflp,Importado dos metadados públicos do Catálogo BNCC. Revisar unidade temática e objeto de conhecimento na planilha oficial BNCC/MEC.
EF67LP34,Ensino Fundamental - Anos Finais,"6º ano; 7º ano",Linguagens,Língua Portuguesa,,,Formar antônimos com acréscimo de prefixos que expressam noção de negação.,"{""formar"",""antonimos"",""acrescimo"",""prefixos"",""expressam"",""nocao"",""negacao""}","{""formar"",""antonimos"",""acrescimo"",""prefixos"",""expressam"",""nocao""}",{},false,https://catalogobncc.github.io/metadados/2022/03/30/eflp,Importado dos metadados públicos do Catálogo BNCC. Revisar unidade temática e objeto de conhecimento na planilha oficial BNCC/MEC.
EF67LP35,Ensino Fundamental - Anos Finais,"6º ano; 7º ano",Linguagens,Língua Portuguesa,,,Distinguir palavras derivadas por acréscimo de afixos e palavras compostas.,"{""distinguir"",""palavras"",""derivadas"",""acrescimo"",""afixos"",""compostas""}","{""distinguir"",""palavras"",""derivadas"",""acrescimo"",""afixos"",""compostas""}",{},false,https://catalogobncc.github.io/metadados/2022/03/30/eflp,Importado dos metadados públicos do Catálogo BNCC. Revisar unidade temática e objeto de conhecimento na planilha oficial BNCC/MEC.
EF67LP36,Ensino Fundamental - Anos Finais,"6º ano; 7º ano",Linguagens,Língua Portuguesa,,,"Utilizar, ao produzir texto, recursos de coesão referencial (léxica e pronominal) e sequencial e outros recursos expressivos adequados ao gênero textual.","{""utilizar"",""texto"",""recursos"",""coesao"",""referencial"",""lexica"",""pronominal"",""sequencial"",""outros"",""expressivos""}","{""utilizar"",""texto"",""recursos"",""coesao"",""referencial"",""lexica""}",{},true,https://catalogobncc.github.io/metadados/2022/03/30/eflp,Importado dos metadados públicos do Catálogo BNCC. Revisar unidade temática e objeto de conhecimento na planilha oficial BNCC/MEC.
EF67LP37,Ensino Fundamental - Anos Finais,"6º ano; 7º ano",Linguagens,Língua Portuguesa,,,"Analisar, em diferentes textos, os efeitos de sentido decorrentes do uso de recursos linguístico-discursivos de prescrição, causalidade, sequências descritivas e expositivas e ordenação de eventos.","{""textos"",""efeitos"",""sentido"",""decorrentes"",""recursos"",""linguistico"",""discursivos"",""prescricao"",""causalidade"",""sequencias""}","{""textos"",""efeitos"",""sentido"",""decorrentes"",""recursos"",""linguistico""}",{},false,https://catalogobncc.github.io/metadados/2022/03/30/eflp,Importado dos metadados públicos do Catálogo BNCC. Revisar unidade temática e objeto de conhecimento na planilha oficial BNCC/MEC.
EF67LP38,Ensino Fundamental - Anos Finais,"6º ano; 7º ano",Linguagens,Língua Portuguesa,,,"Analisar os efeitos de sentido do uso de figuras de linguagem, como comparação, metáfora, metonímia, personificação, hipérbole, dentre outras.","{""efeitos"",""sentido"",""figuras"",""linguagem"",""comparacao"",""metafora"",""metonimia"",""personificacao"",""hiperbole"",""dentre""}","{""efeitos"",""sentido"",""figuras"",""linguagem"",""comparacao"",""metafora""}",{},false,https://catalogobncc.github.io/metadados/2022/03/30/eflp,Importado dos metadados públicos do Catálogo BNCC. Revisar unidade temática e objeto de conhecimento na planilha oficial BNCC/MEC.
EF69AR01,Ensino Fundamental - Anos Finais,"6º ano; 7º ano; 8º ano; 9º ano",Linguagens,Arte,,,"Pesquisar, apreciar e analisar formas distintas das artes visuais tradicionais e contemporâneas, em obras de artistas brasileiros e estrangeiros de diferentes épocas e em diferentes matrizes estéticas e culturais, de modo a ampliar a experiência com diferentes contextos e práticas artístico-visuais e cultivar a percepção, o imaginário, a capacidade de simbolizar e o repertório imagético.","{""pesquisar"",""apreciar"",""distintas"",""artes"",""visuais"",""tradicionais"",""contemporaneas"",""obras"",""artistas"",""brasileiros""}","{""pesquisar"",""apreciar"",""distintas"",""artes"",""visuais"",""tradicionais""}","{""artes""}",false,https://catalogobncc.github.io/metadados/2022/03/30/efar,Importado dos metadados públicos do Catálogo BNCC. Revisar unidade temática e objeto de conhecimento na planilha oficial BNCC/MEC.
EF69AR02,Ensino Fundamental - Anos Finais,"6º ano; 7º ano; 8º ano; 9º ano",Linguagens,Arte,,,"Pesquisar e analisar diferentes estilos visuais, contextualizando-os no tempo e no espaço.","{""pesquisar"",""estilos"",""visuais"",""contextualizando"",""tempo"",""espaco""}","{""pesquisar"",""estilos"",""visuais"",""contextualizando"",""tempo"",""espaco""}","{""artes""}",false,https://catalogobncc.github.io/metadados/2022/03/30/efar,Importado dos metadados públicos do Catálogo BNCC. Revisar unidade temática e objeto de conhecimento na planilha oficial BNCC/MEC.
EF69AR03,Ensino Fundamental - Anos Finais,"6º ano; 7º ano; 8º ano; 9º ano",Linguagens,Arte,,,"Analisar situações nas quais as linguagens das artes visuais se integram às linguagens audiovisuais (cinema, animações, vídeos etc.), gráficas (capas de livros, ilustrações de textos diversos etc.), cenográficas, coreográficas, musicais etc.","{""situacoes"",""quais"",""linguagens"",""artes"",""visuais"",""integram"",""audiovisuais"",""cinema"",""animacoes"",""videos""}","{""situacoes"",""quais"",""linguagens"",""artes"",""visuais"",""integram""}","{""artes""}",false,https://catalogobncc.github.io/metadados/2022/03/30/efar,Importado dos metadados públicos do Catálogo BNCC. Revisar unidade temática e objeto de conhecimento na planilha oficial BNCC/MEC.
EF69AR04,Ensino Fundamental - Anos Finais,"6º ano; 7º ano; 8º ano; 9º ano",Linguagens,Arte,,,"Analisar os elementos constitutivos das artes visuais (ponto, linha, forma, direção, cor, tom, escala, dimensão, espaço, movimento etc.) na apreciação de diferentes produções artísticas.","{""elementos"",""constitutivos"",""artes"",""visuais"",""ponto"",""linha"",""direcao"",""escala"",""dimensao"",""espaco""}","{""elementos"",""constitutivos"",""artes"",""visuais"",""ponto"",""linha""}","{""artes""}",false,https://catalogobncc.github.io/metadados/2022/03/30/efar,Importado dos metadados públicos do Catálogo BNCC. Revisar unidade temática e objeto de conhecimento na planilha oficial BNCC/MEC.
EF69AR05,Ensino Fundamental - Anos Finais,"6º ano; 7º ano; 8º ano; 9º ano",Linguagens,Arte,,,"Experimentar e analisar diferentes formas de expressão artística (desenho, pintura, colagem, quadrinhos, dobradura, escultura, modelagem, instalação, vídeo, fotografia, performance etc.).","{""experimentar"",""expressao"",""artistica"",""desenho"",""pintura"",""colagem"",""quadrinhos"",""dobradura"",""escultura"",""modelagem""}","{""experimentar"",""expressao"",""artistica"",""desenho"",""pintura"",""colagem""}","{""artes""}",false,https://catalogobncc.github.io/metadados/2022/03/30/efar,Importado dos metadados públicos do Catálogo BNCC. Revisar unidade temática e objeto de conhecimento na planilha oficial BNCC/MEC.
EF69AR06,Ensino Fundamental - Anos Finais,"6º ano; 7º ano; 8º ano; 9º ano",Linguagens,Arte,,,"Desenvolver processos de criação em artes visuais, com base em temas ou interesses artísticos, de modo individual, coletivo e colaborativo, fazendo uso de materiais, instrumentos e recursos convencionais, alternativos e digitais.","{""desenvolver"",""processos"",""criacao"",""artes"",""visuais"",""temas"",""interesses"",""artisticos"",""individual"",""coletivo""}","{""desenvolver"",""processos"",""criacao"",""artes"",""visuais"",""temas""}","{""ciencia"",""artes""}",true,https://catalogobncc.github.io/metadados/2022/03/30/efar,Importado dos metadados públicos do Catálogo BNCC. Revisar unidade temática e objeto de conhecimento na planilha oficial BNCC/MEC.
EF69AR07,Ensino Fundamental - Anos Finais,"6º ano; 7º ano; 8º ano; 9º ano",Linguagens,Arte,,,"Dialogar com princípios conceituais, proposições temáticas, repertórios imagéticos e processos de criação nas suas produções visuais.","{""dialogar"",""principios"",""conceituais"",""proposicoes"",""tematicas"",""repertorios"",""imageticos"",""processos"",""criacao"",""producoes""}","{""dialogar"",""principios"",""conceituais"",""proposicoes"",""tematicas"",""repertorios""}","{""artes""}",false,https://catalogobncc.github.io/metadados/2022/03/30/efar,Importado dos metadados públicos do Catálogo BNCC. Revisar unidade temática e objeto de conhecimento na planilha oficial BNCC/MEC.
EF69AR08,Ensino Fundamental - Anos Finais,"6º ano; 7º ano; 8º ano; 9º ano",Linguagens,Arte,,,"Diferenciar as categorias de artista, artesão, produtor cultural, curador, designer, entre outras, estabelecendo relações entre os profissionais do sistema das artes visuais.","{""diferenciar"",""categorias"",""artista"",""artesao"",""produtor"",""cultural"",""curador"",""designer"",""outras"",""estabelecendo""}","{""diferenciar"",""categorias"",""artista"",""artesao"",""produtor"",""cultural""}","{""artes""}",false,https://catalogobncc.github.io/metadados/2022/03/30/efar,Importado dos metadados públicos do Catálogo BNCC. Revisar unidade temática e objeto de conhecimento na planilha oficial BNCC/MEC.
EF69AR09,Ensino Fundamental - Anos Finais,"6º ano; 7º ano; 8º ano; 9º ano",Linguagens,Arte,,,"Pesquisar e analisar diferentes formas de expressão, representação e encenação da dança, reconhecendo e apreciando composições de dança de artistas e grupos brasileiros e estrangeiros de diferentes épocas.","{""pesquisar"",""expressao"",""representacao"",""encenacao"",""danca"",""reconhecendo"",""apreciando"",""composicoes"",""artistas"",""grupos""}","{""pesquisar"",""expressao"",""representacao"",""encenacao"",""danca"",""reconhecendo""}","{""artes""}",false,https://catalogobncc.github.io/metadados/2022/03/30/efar,Importado dos metadados públicos do Catálogo BNCC. Revisar unidade temática e objeto de conhecimento na planilha oficial BNCC/MEC.
EF69AR10,Ensino Fundamental - Anos Finais,"6º ano; 7º ano; 8º ano; 9º ano",Linguagens,Arte,,,"Explorar elementos constitutivos do movimento cotidiano e do movimento dançado, abordando, criticamente, o desenvolvimento das formas da dança em sua história tradicional e contemporânea.","{""explorar"",""elementos"",""constitutivos"",""movimento"",""cotidiano"",""dancado"",""abordando"",""criticamente"",""desenvolvimento"",""danca""}","{""explorar"",""elementos"",""constitutivos"",""movimento"",""cotidiano"",""dancado""}","{""artes""}",false,https://catalogobncc.github.io/metadados/2022/03/30/efar,Importado dos metadados públicos do Catálogo BNCC. Revisar unidade temática e objeto de conhecimento na planilha oficial BNCC/MEC.
EF69AR11,Ensino Fundamental - Anos Finais,"6º ano; 7º ano; 8º ano; 9º ano",Linguagens,Arte,,,"Experimentar e analisar os fatores de movimento (tempo, peso, fluência e espaço) como elementos que, combinados, geram as ações corporais e o movimento dançado.","{""experimentar"",""fatores"",""movimento"",""tempo"",""fluencia"",""espaco"",""elementos"",""combinados"",""geram"",""acoes""}","{""experimentar"",""fatores"",""movimento"",""tempo"",""fluencia"",""espaco""}","{""ciencia"",""artes""}",false,https://catalogobncc.github.io/metadados/2022/03/30/efar,Importado dos metadados públicos do Catálogo BNCC. Revisar unidade temática e objeto de conhecimento na planilha oficial BNCC/MEC.
EF69AR12,Ensino Fundamental - Anos Finais,"6º ano; 7º ano; 8º ano; 9º ano",Linguagens,Arte,,,Investigar e experimentar procedimentos de improvisação e criação do movimento como fonte para a construção de vocabulários e repertórios próprios.,"{""investigar"",""experimentar"",""procedimentos"",""improvisacao"",""criacao"",""movimento"",""fonte"",""construcao"",""vocabularios"",""repertorios""}","{""investigar"",""experimentar"",""procedimentos"",""improvisacao"",""criacao"",""movimento""}","{""engenharia"",""artes""}",true,https://catalogobncc.github.io/metadados/2022/03/30/efar,Importado dos metadados públicos do Catálogo BNCC. Revisar unidade temática e objeto de conhecimento na planilha oficial BNCC/MEC.
EF69AR13,Ensino Fundamental - Anos Finais,"6º ano; 7º ano; 8º ano; 9º ano",Linguagens,Arte,,,"Investigar brincadeiras, jogos, danças coletivas e outras práticas de dança de diferentes matrizes estéticas e culturais como referência para a criação e a composição de danças autorais, individualmente e em grupo.","{""investigar"",""brincadeiras"",""jogos"",""dancas"",""coletivas"",""outras"",""praticas"",""danca"",""matrizes"",""esteticas""}","{""investigar"",""brincadeiras"",""jogos"",""dancas"",""coletivas"",""outras""}","{""artes""}",true,https://catalogobncc.github.io/metadados/2022/03/30/efar,Importado dos metadados públicos do Catálogo BNCC. Revisar unidade temática e objeto de conhecimento na planilha oficial BNCC/MEC.
EF69AR14,Ensino Fundamental - Anos Finais,"6º ano; 7º ano; 8º ano; 9º ano",Linguagens,Arte,,,"Analisar e experimentar diferentes elementos (figurino, iluminação, cenário, trilha sonora etc.) e espaços (convencionais e não convencionais) para composição cênica e apresentação coreográfica.","{""experimentar"",""elementos"",""figurino"",""iluminacao"",""cenario"",""trilha"",""sonora"",""espacos"",""convencionais"",""composicao""}","{""experimentar"",""elementos"",""figurino"",""iluminacao"",""cenario"",""trilha""}","{""artes""}",false,https://catalogobncc.github.io/metadados/2022/03/30/efar,Importado dos metadados públicos do Catálogo BNCC. Revisar unidade temática e objeto de conhecimento na planilha oficial BNCC/MEC.
EF69AR15,Ensino Fundamental - Anos Finais,"6º ano; 7º ano; 8º ano; 9º ano",Linguagens,Arte,,,"Discutir as experiências pessoais e coletivas em dança vivenciadas na escola e em outros contextos, problematizando estereótipos e preconceitos.","{""experiencias"",""pessoais"",""coletivas"",""danca"",""vivenciadas"",""escola"",""outros"",""contextos"",""problematizando"",""estereotipos""}","{""experiencias"",""pessoais"",""coletivas"",""danca"",""vivenciadas"",""escola""}","{""artes""}",false,https://catalogobncc.github.io/metadados/2022/03/30/efar,Importado dos metadados públicos do Catálogo BNCC. Revisar unidade temática e objeto de conhecimento na planilha oficial BNCC/MEC.
EF69AR16,Ensino Fundamental - Anos Finais,"6º ano; 7º ano; 8º ano; 9º ano",Linguagens,Arte,,,"Analisar criticamente, por meio da apreciação musical, usos e funções da música em seus contextos de produção e circulação, relacionando as práticas musicais às diferentes dimensões da vida social, cultural, política, histórica, econômica, estética e ética","{""criticamente"",""apreciacao"",""musical"",""funcoes"",""musica"",""contextos"",""producao"",""circulacao"",""relacionando"",""praticas""}","{""criticamente"",""apreciacao"",""musical"",""funcoes"",""musica"",""contextos""}","{""ciencia"",""artes""}",false,https://catalogobncc.github.io/metadados/2022/03/30/efar,Importado dos metadados públicos do Catálogo BNCC. Revisar unidade temática e objeto de conhecimento na planilha oficial BNCC/MEC.
EF69AR17,Ensino Fundamental - Anos Finais,"6º ano; 7º ano; 8º ano; 9º ano",Linguagens,Arte,,,"Explorar e analisar, criticamente, diferentes meios e equipamentos culturais de circulação da música e do conhecimento musical.","{""explorar"",""criticamente"",""equipamentos"",""culturais"",""circulacao"",""musica"",""conhecimento"",""musical""}","{""explorar"",""criticamente"",""equipamentos"",""culturais"",""circulacao"",""musica""}","{""artes""}",false,https://catalogobncc.github.io/metadados/2022/03/30/efar,Importado dos metadados públicos do Catálogo BNCC. Revisar unidade temática e objeto de conhecimento na planilha oficial BNCC/MEC.
EF69AR18,Ensino Fundamental - Anos Finais,"6º ano; 7º ano; 8º ano; 9º ano",Linguagens,Arte,,,Reconhecer e apreciar o papel de músicos e grupos de música brasileiros e estrangeiros que contribuíram para o desenvolvimento de formas e gêneros musicais.,"{""apreciar"",""papel"",""musicos"",""grupos"",""musica"",""brasileiros"",""estrangeiros"",""contribuiram"",""desenvolvimento"",""generos""}","{""apreciar"",""papel"",""musicos"",""grupos"",""musica"",""brasileiros""}","{""artes""}",false,https://catalogobncc.github.io/metadados/2022/03/30/efar,Importado dos metadados públicos do Catálogo BNCC. Revisar unidade temática e objeto de conhecimento na planilha oficial BNCC/MEC.
EF69AR19,Ensino Fundamental - Anos Finais,"6º ano; 7º ano; 8º ano; 9º ano",Linguagens,Arte,,,"Identificar e analisar diferentes estilos musicais, contextualizando-os no tempo e no espaço, de modo a aprimorar a capacidade de apreciação da estética musical.","{""estilos"",""musicais"",""contextualizando"",""tempo"",""espaco"",""aprimorar"",""capacidade"",""apreciacao"",""estetica"",""musical""}","{""estilos"",""musicais"",""contextualizando"",""tempo"",""espaco"",""aprimorar""}","{""artes""}",false,https://catalogobncc.github.io/metadados/2022/03/30/efar,Importado dos metadados públicos do Catálogo BNCC. Revisar unidade temática e objeto de conhecimento na planilha oficial BNCC/MEC.
EF69AR20,Ensino Fundamental - Anos Finais,"6º ano; 7º ano; 8º ano; 9º ano",Linguagens,Arte,,,"Explorar e analisar elementos constitutivos da música (altura, intensidade, timbre, melodia, ritmo etc.), por meio de recursos tecnológicos (games e plataformas digitais), jogos, canções e práticas diversas de composição/criação, execução e apreciação musicais.","{""explorar"",""elementos"",""constitutivos"",""musica"",""altura"",""intensidade"",""timbre"",""melodia"",""ritmo"",""recursos""}","{""explorar"",""elementos"",""constitutivos"",""musica"",""altura"",""intensidade""}","{""tecnologia"",""artes""}",false,https://catalogobncc.github.io/metadados/2022/03/30/efar,Importado dos metadados públicos do Catálogo BNCC. Revisar unidade temática e objeto de conhecimento na planilha oficial BNCC/MEC.
EF69AR21,Ensino Fundamental - Anos Finais,"6º ano; 7º ano; 8º ano; 9º ano",Linguagens,Arte,,,"Explorar e analisar fontes e materiais sonoros em práticas de composição/criação, execução e apreciação musical, reconhecendo timbres e características de instrumentos musicais diversos.","{""explorar"",""fontes"",""materiais"",""sonoros"",""praticas"",""composicao"",""criacao"",""execucao"",""apreciacao"",""musical""}","{""explorar"",""fontes"",""materiais"",""sonoros"",""praticas"",""composicao""}","{""ciencia"",""artes""}",false,https://catalogobncc.github.io/metadados/2022/03/30/efar,Importado dos metadados públicos do Catálogo BNCC. Revisar unidade temática e objeto de conhecimento na planilha oficial BNCC/MEC.
EF69AR22,Ensino Fundamental - Anos Finais,"6º ano; 7º ano; 8º ano; 9º ano",Linguagens,Arte,,,"Explorar e identificar diferentes formas de registro musical (notação musical tradicional, partituras criativas e procedimentos da música contemporânea), bem como procedimentos e técnicas de registro em áudio e audiovisual.","{""explorar"",""registro"",""musical"",""notacao"",""tradicional"",""partituras"",""criativas"",""procedimentos"",""musica"",""contemporanea""}","{""explorar"",""registro"",""musical"",""notacao"",""tradicional"",""partituras""}","{""artes""}",false,https://catalogobncc.github.io/metadados/2022/03/30/efar,Importado dos metadados públicos do Catálogo BNCC. Revisar unidade temática e objeto de conhecimento na planilha oficial BNCC/MEC.
EF69AR23,Ensino Fundamental - Anos Finais,"6º ano; 7º ano; 8º ano; 9º ano",Linguagens,Arte,,,"Explorar e criar improvisações, composições, arranjos, jingles, trilhas sonoras, entre outros, utilizando vozes, sons corporais e/ou instrumentos acústicos ou eletrônicos, convencionais ou não convencionais, expressando ideias musicais de maneira individual, coletiva e colaborativa.","{""explorar"",""criar"",""improvisacoes"",""composicoes"",""arranjos"",""jingles"",""trilhas"",""sonoras"",""outros"",""vozes""}","{""explorar"",""criar"",""improvisacoes"",""composicoes"",""arranjos"",""jingles""}","{""ciencia"",""tecnologia"",""artes""}",true,https://catalogobncc.github.io/metadados/2022/03/30/efar,Importado dos metadados públicos do Catálogo BNCC. Revisar unidade temática e objeto de conhecimento na planilha oficial BNCC/MEC.
EF69AR24,Ensino Fundamental - Anos Finais,"6º ano; 7º ano; 8º ano; 9º ano",Linguagens,Arte,,,"Reconhecer e apreciar artistas e grupos de teatro brasileiros e estrangeiros de diferentes épocas, investigando os modos de criação, produção, divulgação, circulação e organização da atuação profissional em teatro.","{""apreciar"",""artistas"",""grupos"",""teatro"",""brasileiros"",""estrangeiros"",""epocas"",""investigando"",""modos"",""criacao""}","{""apreciar"",""artistas"",""grupos"",""teatro"",""brasileiros"",""estrangeiros""}","{""artes""}",false,https://catalogobncc.github.io/metadados/2022/03/30/efar,Importado dos metadados públicos do Catálogo BNCC. Revisar unidade temática e objeto de conhecimento na planilha oficial BNCC/MEC.
EF69AR25,Ensino Fundamental - Anos Finais,"6º ano; 7º ano; 8º ano; 9º ano",Linguagens,Arte,,,"Identificar e analisar diferentes estilos cênicos, contextualizando-os no tempo e no espaço de modo a aprimorar a capacidade de apreciação da estética teatral.","{""estilos"",""cenicos"",""contextualizando"",""tempo"",""espaco"",""aprimorar"",""capacidade"",""apreciacao"",""estetica"",""teatral""}","{""estilos"",""cenicos"",""contextualizando"",""tempo"",""espaco"",""aprimorar""}","{""artes""}",false,https://catalogobncc.github.io/metadados/2022/03/30/efar,Importado dos metadados públicos do Catálogo BNCC. Revisar unidade temática e objeto de conhecimento na planilha oficial BNCC/MEC.
EF69AR26,Ensino Fundamental - Anos Finais,"6º ano; 7º ano; 8º ano; 9º ano",Linguagens,Arte,,,"Explorar diferentes elementos envolvidos na composição dos acontecimentos cênicos (figurinos, adereços, cenário, iluminação e sonoplastia) e reconhecer seus vocabulários.","{""explorar"",""elementos"",""envolvidos"",""composicao"",""acontecimentos"",""cenicos"",""figurinos"",""aderecos"",""cenario"",""iluminacao""}","{""explorar"",""elementos"",""envolvidos"",""composicao"",""acontecimentos"",""cenicos""}","{""artes""}",false,https://catalogobncc.github.io/metadados/2022/03/30/efar,Importado dos metadados públicos do Catálogo BNCC. Revisar unidade temática e objeto de conhecimento na planilha oficial BNCC/MEC.
EF69AR27,Ensino Fundamental - Anos Finais,"6º ano; 7º ano; 8º ano; 9º ano",Linguagens,Arte,,,"Pesquisar e criar formas de dramaturgias e espaços cênicos para o acontecimento teatral, em diálogo com o teatro contemporâneo.","{""pesquisar"",""criar"",""dramaturgias"",""espacos"",""cenicos"",""acontecimento"",""teatral"",""dialogo"",""teatro"",""contemporaneo""}","{""pesquisar"",""criar"",""dramaturgias"",""espacos"",""cenicos"",""acontecimento""}","{""artes""}",true,https://catalogobncc.github.io/metadados/2022/03/30/efar,Importado dos metadados públicos do Catálogo BNCC. Revisar unidade temática e objeto de conhecimento na planilha oficial BNCC/MEC.
EF69AR28,Ensino Fundamental - Anos Finais,"6º ano; 7º ano; 8º ano; 9º ano",Linguagens,Arte,,,Investigar e experimentar diferentes funções teatrais e discutir os limites e desafios do trabalho artístico coletivo e colaborativo.,"{""investigar"",""experimentar"",""funcoes"",""teatrais"",""limites"",""desafios"",""trabalho"",""artistico"",""coletivo"",""colaborativo""}","{""investigar"",""experimentar"",""funcoes"",""teatrais"",""limites"",""desafios""}","{""artes""}",true,https://catalogobncc.github.io/metadados/2022/03/30/efar,Importado dos metadados públicos do Catálogo BNCC. Revisar unidade temática e objeto de conhecimento na planilha oficial BNCC/MEC.
EF69AR29,Ensino Fundamental - Anos Finais,"6º ano; 7º ano; 8º ano; 9º ano",Linguagens,Arte,,,Experimentar a gestualidade e as construções corporais e vocais de maneira imaginativa na improvisação teatral e no jogo cênico.,"{""experimentar"",""gestualidade"",""construcoes"",""corporais"",""vocais"",""maneira"",""imaginativa"",""improvisacao"",""teatral"",""cenico""}","{""experimentar"",""gestualidade"",""construcoes"",""corporais"",""vocais"",""maneira""}","{""ciencia"",""engenharia"",""artes""}",true,https://catalogobncc.github.io/metadados/2022/03/30/efar,Importado dos metadados públicos do Catálogo BNCC. Revisar unidade temática e objeto de conhecimento na planilha oficial BNCC/MEC.
EF69AR30,Ensino Fundamental - Anos Finais,"6º ano; 7º ano; 8º ano; 9º ano",Linguagens,Arte,,,"Compor improvisações e acontecimentos cênicos com base em textos dramáticos ou outros estímulos (música, imagens, objetos etc.), caracterizando personagens (com figurinos e adereços), cenário, iluminação e sonoplastia e considerando a relação com o espectador.","{""compor"",""improvisacoes"",""acontecimentos"",""cenicos"",""textos"",""dramaticos"",""outros"",""estimulos"",""musica"",""imagens""}","{""compor"",""improvisacoes"",""acontecimentos"",""cenicos"",""textos"",""dramaticos""}","{""artes""}",false,https://catalogobncc.github.io/metadados/2022/03/30/efar,Importado dos metadados públicos do Catálogo BNCC. Revisar unidade temática e objeto de conhecimento na planilha oficial BNCC/MEC.
EF69AR31,Ensino Fundamental - Anos Finais,"6º ano; 7º ano; 8º ano; 9º ano",Linguagens,Arte,,,"Relacionar as práticas artísticas às diferentes dimensões da vida social, cultural, política, histórica, econômica, estética e ética.","{""relacionar"",""praticas"",""artisticas"",""dimensoes"",""social"",""cultural"",""politica"",""historica"",""economica"",""estetica""}","{""relacionar"",""praticas"",""artisticas"",""dimensoes"",""social"",""cultural""}","{""ciencia"",""artes""}",false,https://catalogobncc.github.io/metadados/2022/03/30/efar,Importado dos metadados públicos do Catálogo BNCC. Revisar unidade temática e objeto de conhecimento na planilha oficial BNCC/MEC.
EF69AR32,Ensino Fundamental - Anos Finais,"6º ano; 7º ano; 8º ano; 9º ano",Linguagens,Arte,,,"Analisar e explorar, em projetos temáticos, as relações processuais entre diversas linguagens artísticas.","{""explorar"",""projetos"",""tematicos"",""relacoes"",""processuais"",""linguagens"",""artisticas""}","{""explorar"",""projetos"",""tematicos"",""relacoes"",""processuais"",""linguagens""}","{""engenharia"",""artes""}",false,https://catalogobncc.github.io/metadados/2022/03/30/efar,Importado dos metadados públicos do Catálogo BNCC. Revisar unidade temática e objeto de conhecimento na planilha oficial BNCC/MEC.
EF69AR33,Ensino Fundamental - Anos Finais,"6º ano; 7º ano; 8º ano; 9º ano",Linguagens,Arte,,,"Analisar aspectos históricos, sociais e políticos da produção artística, problematizando as narrativas eurocêntricas e as diversas categorizações da arte (arte, artesanato, folclore, design etc.).","{""aspectos"",""historicos"",""sociais"",""politicos"",""producao"",""artistica"",""problematizando"",""narrativas"",""eurocentricas"",""categorizacoes""}","{""aspectos"",""historicos"",""sociais"",""politicos"",""producao"",""artistica""}","{""artes""}",false,https://catalogobncc.github.io/metadados/2022/03/30/efar,Importado dos metadados públicos do Catálogo BNCC. Revisar unidade temática e objeto de conhecimento na planilha oficial BNCC/MEC.
EF69AR34,Ensino Fundamental - Anos Finais,"6º ano; 7º ano; 8º ano; 9º ano",Linguagens,Arte,,,"Analisar e valorizar o patrimônio cultural, material e imaterial, de culturas diversas, em especial a brasileira, incluindo suas matrizes indígenas, africanas e europeias, de diferentes épocas, e favorecendo a construção de vocabulário e repertório relativos às diferentes linguagens artísticas.","{""valorizar"",""patrimonio"",""cultural"",""material"",""imaterial"",""culturas"",""especial"",""brasileira"",""incluindo"",""matrizes""}","{""valorizar"",""patrimonio"",""cultural"",""material"",""imaterial"",""culturas""}","{""ciencia"",""engenharia"",""artes""}",true,https://catalogobncc.github.io/metadados/2022/03/30/efar,Importado dos metadados públicos do Catálogo BNCC. Revisar unidade temática e objeto de conhecimento na planilha oficial BNCC/MEC.
EF69AR35,Ensino Fundamental - Anos Finais,"6º ano; 7º ano; 8º ano; 9º ano",Linguagens,Arte,,,"Identificar e manipular diferentes tecnologias e recursos digitais para acessar, apreciar, produzir, registrar e compartilhar práticas e repertórios artísticos, de modo reflexivo, ético e responsável.","{""manipular"",""tecnologias"",""recursos"",""digitais"",""acessar"",""apreciar"",""registrar"",""compartilhar"",""praticas"",""repertorios""}","{""manipular"",""tecnologias"",""recursos"",""digitais"",""acessar"",""apreciar""}","{""tecnologia"",""artes""}",true,https://catalogobncc.github.io/metadados/2022/03/30/efar,Importado dos metadados públicos do Catálogo BNCC. Revisar unidade temática e objeto de conhecimento na planilha oficial BNCC/MEC.
EF69LP01,Ensino Fundamental - Anos Finais,"6º ano; 7º ano; 8º ano; 9º ano",Linguagens,Língua Portuguesa,,,"Diferenciar liberdade de expressão de discursos de ódio, posicionando-se contrariamente a esse tipo de discurso e vislumbrando possibilidades de denúncia quando for o caso.","{""diferenciar"",""liberdade"",""expressao"",""discursos"",""posicionando"",""contrariamente"",""discurso"",""vislumbrando"",""possibilidades"",""denuncia""}","{""diferenciar"",""liberdade"",""expressao"",""discursos"",""posicionando"",""contrariamente""}",{},false,https://catalogobncc.github.io/metadados/2022/03/30/eflp,Importado dos metadados públicos do Catálogo BNCC. Revisar unidade temática e objeto de conhecimento na planilha oficial BNCC/MEC.
EF69LP02,Ensino Fundamental - Anos Finais,"6º ano; 7º ano; 8º ano; 9º ano",Linguagens,Língua Portuguesa,,,"Analisar e comparar peças publicitárias variadas (cartazes, folhetos, outdoor, anúncios e propagandas em diferentes mídias, spots, jingle, vídeos etc.), de forma a perceber a articulação entre elas em campanhas, as especificidades das várias semioses e mídias, a adequação dessas peças ao público-alvo, aos objetivos do anunciante e/ou da campanha e à construção composicional e estilo dos gêneros em questão, como forma de ampliar suas possibilidades de compreensão (e produção) de textos pertencentes a esses gêneros.","{""pecas"",""publicitarias"",""variadas"",""cartazes"",""folhetos"",""outdoor"",""anuncios"",""propagandas"",""midias"",""spots""}","{""pecas"",""publicitarias"",""variadas"",""cartazes"",""folhetos"",""outdoor""}","{""tecnologia"",""engenharia""}",true,https://catalogobncc.github.io/metadados/2022/03/30/eflp,Importado dos metadados públicos do Catálogo BNCC. Revisar unidade temática e objeto de conhecimento na planilha oficial BNCC/MEC.
EF69LP03,Ensino Fundamental - Anos Finais,"6º ano; 7º ano; 8º ano; 9º ano",Linguagens,Língua Portuguesa,,,"Identificar, em notícias, o fato central, suas principais circunstâncias e eventuais decorrências; em reportagens e fotorreportagens o fato ou a temática retratada e a perspectiva de abordagem, em entrevistas os principais temas/subtemas abordados, explicações dadas ou teses defendidas em relação a esses subtemas; em tirinhas, memes, charge, a crítica, ironia ou humor presente.","{""noticias"",""central"",""principais"",""circunstancias"",""eventuais"",""decorrencias"",""reportagens"",""fotorreportagens"",""tematica"",""retratada""}","{""noticias"",""central"",""principais"",""circunstancias"",""eventuais"",""decorrencias""}","{""tecnologia""}",false,https://catalogobncc.github.io/metadados/2022/03/30/eflp,Importado dos metadados públicos do Catálogo BNCC. Revisar unidade temática e objeto de conhecimento na planilha oficial BNCC/MEC.
EF69LP04,Ensino Fundamental - Anos Finais,"6º ano; 7º ano; 8º ano; 9º ano",Linguagens,Língua Portuguesa,,,"Identificar e analisar os efeitos de sentido que fortalecem a persuasão nos textos publicitários, relacionando as estratégias de persuasão e apelo ao consumo com os recursos linguístico-discursivos utilizados, como imagens, tempo verbal, jogos de palavras, figuras de linguagem etc., com vistas a fomentar práticas de consumo conscientes.","{""efeitos"",""sentido"",""fortalecem"",""persuasao"",""textos"",""publicitarios"",""relacionando"",""estrategias"",""apelo"",""consumo""}","{""efeitos"",""sentido"",""fortalecem"",""persuasao"",""textos"",""publicitarios""}",{},false,https://catalogobncc.github.io/metadados/2022/03/30/eflp,Importado dos metadados públicos do Catálogo BNCC. Revisar unidade temática e objeto de conhecimento na planilha oficial BNCC/MEC.
EF69LP05,Ensino Fundamental - Anos Finais,"6º ano; 7º ano; 8º ano; 9º ano",Linguagens,Língua Portuguesa,,,"Inferir e justificar, em textos multissemióticos – tirinhas, charges, memes, gifs etc. –, o efeito de humor, ironia e/ou crítica pelo uso ambíguo de palavras, expressões ou imagens ambíguas, de clichês, de recursos iconográficos, de pontuação etc.","{""inferir"",""justificar"",""textos"",""multissemioticos"",""tirinhas"",""charges"",""memes"",""efeito"",""humor"",""ironia""}","{""inferir"",""justificar"",""textos"",""multissemioticos"",""tirinhas"",""charges""}","{""matematica""}",false,https://catalogobncc.github.io/metadados/2022/03/30/eflp,Importado dos metadados públicos do Catálogo BNCC. Revisar unidade temática e objeto de conhecimento na planilha oficial BNCC/MEC.
EF69LP06,Ensino Fundamental - Anos Finais,"6º ano; 7º ano; 8º ano; 9º ano",Linguagens,Língua Portuguesa,,,"Produzir e publicar notícias, fotodenúncias, fotorreportagens, reportagens, reportagens multimidiáticas, infográficos, podcasts noticiosos, entrevistas, cartas de leitor, comentários, artigos de opinião de interesse local ou global, textos de apresentação e apreciação de produção cultural – resenhas e outros próprios das formas de expressão das culturas juvenis, tais como vlogs e podcasts culturais, gameplay, detonado etc.– e cartazes, anúncios, propagandas, spots, jingles de campanhas sociais, dentre outros em várias mídias, vivenciando de forma significativa o papel de repórter, de comentador, de analista, de crítico, de editor ou articulista, de booktuber, de vlogger (vlogueiro) etc., como forma de compreender as condições de produção que envolvem a circulação desses textos e poder participar e vislumbrar possibilidades de participação nas práticas de linguagem do campo jornalístico e do campo midiático de forma ética e responsável, levando-se em consideração o contexto da Web 2.0, que amplia a possibilidade de circulação desses textos e “funde” os papéis de leitor e autor, de consumidor e produtor.","{""publicar"",""noticias"",""fotodenuncias"",""fotorreportagens"",""reportagens"",""multimidiaticas"",""infograficos"",""podcasts"",""noticiosos"",""entrevistas""}","{""publicar"",""noticias"",""fotodenuncias"",""fotorreportagens"",""reportagens"",""multimidiaticas""}","{""tecnologia"",""artes"",""matematica""}",true,https://catalogobncc.github.io/metadados/2022/03/30/eflp,Importado dos metadados públicos do Catálogo BNCC. Revisar unidade temática e objeto de conhecimento na planilha oficial BNCC/MEC.
EF69LP07,Ensino Fundamental - Anos Finais,"6º ano; 7º ano; 8º ano; 9º ano",Linguagens,Língua Portuguesa,,,"Produzir textos em diferentes gêneros, considerando sua adequação ao contexto produção e circulação – os enunciadores envolvidos, os objetivos, o gênero, o suporte, a circulação -, ao modo (escrito ou oral; imagem estática ou em movimento etc.), à variedade linguística e/ou semiótica apropriada a esse contexto, à construção da textualidade relacionada às propriedades textuais e do gênero), utilizando estratégias de planejamento, elaboração, revisão, edição, reescrita/redesign e avaliação de textos, para, com a ajuda do professor e a colaboração dos colegas, corrigir e aprimorar as produções realizadas, fazendo cortes, acréscimos, reformulações, correções de concordância, ortografia, pontuação em textos e editando imagens, arquivos sonoros, fazendo cortes, acréscimos, ajustes, acrescentando/ alterando efeitos, ordenamentos etc.","{""textos"",""generos"",""considerando"",""adequacao"",""contexto"",""producao"",""circulacao"",""enunciadores"",""envolvidos"",""objetivos""}","{""textos"",""generos"",""considerando"",""adequacao"",""contexto"",""producao""}","{""engenharia"",""artes""}",true,https://catalogobncc.github.io/metadados/2022/03/30/eflp,Importado dos metadados públicos do Catálogo BNCC. Revisar unidade temática e objeto de conhecimento na planilha oficial BNCC/MEC.
EF69LP08,Ensino Fundamental - Anos Finais,"6º ano; 7º ano; 8º ano; 9º ano",Linguagens,Língua Portuguesa,,,"Revisar/editar o texto produzido – notícia, reportagem, resenha, artigo de opinião, dentre outros –, tendo em vista sua adequação ao contexto de produção, a mídia em questão, características do gênero, aspectos relativos à textualidade, a relação entre as diferentes semioses, a formatação e uso adequado das ferramentas de edição (de texto, foto, áudio e vídeo, dependendo do caso) e adequação à norma culta.","{""revisar"",""editar"",""texto"",""produzido"",""noticia"",""reportagem"",""resenha"",""artigo"",""opiniao"",""dentre""}","{""revisar"",""editar"",""texto"",""produzido"",""noticia"",""reportagem""}","{""tecnologia""}",false,https://catalogobncc.github.io/metadados/2022/03/30/eflp,Importado dos metadados públicos do Catálogo BNCC. Revisar unidade temática e objeto de conhecimento na planilha oficial BNCC/MEC.
EF69LP09,Ensino Fundamental - Anos Finais,"6º ano; 7º ano; 8º ano; 9º ano",Linguagens,Língua Portuguesa,,,"Planejar uma campanha publicitária sobre questões/problemas, temas, causas significativas para a escola e/ou comunidade, a partir de um levantamento de material sobre o tema ou evento, da definição do público-alvo, do texto ou peça a ser produzido – cartaz, banner, folheto, panfleto, anúncio impresso e para internet, spot, propaganda de rádio, TV etc. –, da ferramenta de edição de texto, áudio ou vídeo que será utilizada, do recorte e enfoque a ser dado, das estratégias de persuasão que serão utilizadas etc.","{""planejar"",""campanha"",""publicitaria"",""questoes"",""problemas"",""temas"",""causas"",""significativas"",""escola"",""comunidade""}","{""planejar"",""campanha"",""publicitaria"",""questoes"",""problemas"",""temas""}","{""ciencia"",""engenharia""}",true,https://catalogobncc.github.io/metadados/2022/03/30/eflp,Importado dos metadados públicos do Catálogo BNCC. Revisar unidade temática e objeto de conhecimento na planilha oficial BNCC/MEC.
EF69LP10,Ensino Fundamental - Anos Finais,"6º ano; 7º ano; 8º ano; 9º ano",Linguagens,Língua Portuguesa,,,"Produzir notícias para rádios, TV ou vídeos, podcasts noticiosos e de opinião, entrevistas, comentários, vlogs, jornais radiofônicos e televisivos, dentre outros possíveis, relativos a fato e temas de interesse pessoal, local ou global e textos orais de apreciação e opinião – podcasts e vlogs noticiosos, culturais e de opinião, orientando-se por roteiro ou texto, considerando o contexto de produção e demonstrando domínio dos gêneros.","{""noticias"",""radios"",""videos"",""podcasts"",""noticiosos"",""opiniao"",""entrevistas"",""comentarios"",""vlogs"",""jornais""}","{""noticias"",""radios"",""videos"",""podcasts"",""noticiosos"",""opiniao""}","{""artes""}",true,https://catalogobncc.github.io/metadados/2022/03/30/eflp,Importado dos metadados públicos do Catálogo BNCC. Revisar unidade temática e objeto de conhecimento na planilha oficial BNCC/MEC.
EF69LP11,Ensino Fundamental - Anos Finais,"6º ano; 7º ano; 8º ano; 9º ano",Linguagens,Língua Portuguesa,,,"Identificar e analisar posicionamentos defendidos e refutados na escuta de interações polêmicas em entrevistas, discussões e debates (televisivo, em sala de aula, em redes sociais etc.), entre outros, e se posicionar frente a eles.","{""posicionamentos"",""defendidos"",""refutados"",""escuta"",""interacoes"",""polemicas"",""entrevistas"",""discussoes"",""debates"",""televisivo""}","{""posicionamentos"",""defendidos"",""refutados"",""escuta"",""interacoes"",""polemicas""}",{},false,https://catalogobncc.github.io/metadados/2022/03/30/eflp,Importado dos metadados públicos do Catálogo BNCC. Revisar unidade temática e objeto de conhecimento na planilha oficial BNCC/MEC.
EF69LP12,Ensino Fundamental - Anos Finais,"6º ano; 7º ano; 8º ano; 9º ano",Linguagens,Língua Portuguesa,,,"Desenvolver estratégias de planejamento, elaboração, revisão, edição, reescrita/ redesign (esses três últimos quando não for situação ao vivo) e avaliação de textos orais, áudio e/ou vídeo, considerando sua adequação aos contextos em que foram produzidos, à forma composicional e estilo de gêneros, a clareza, progressão temática e variedade linguística empregada, os elementos relacionados à fala, tais como modulação de voz, entonação, ritmo, altura e intensidade, respiração etc., os elementos cinésicos, tais como postura corporal, movimentos e gestualidade significativa, expressão facial, contato de olho com plateia etc.","{""desenvolver"",""estrategias"",""planejamento"",""elaboracao"",""revisao"",""edicao"",""reescrita"",""redesign"",""ultimos"",""quando""}","{""desenvolver"",""estrategias"",""planejamento"",""elaboracao"",""revisao"",""edicao""}","{""ciencia""}",true,https://catalogobncc.github.io/metadados/2022/03/30/eflp,Importado dos metadados públicos do Catálogo BNCC. Revisar unidade temática e objeto de conhecimento na planilha oficial BNCC/MEC.
EF69LP13,Ensino Fundamental - Anos Finais,"6º ano; 7º ano; 8º ano; 9º ano",Linguagens,Língua Portuguesa,,,"Engajar-se e contribuir com a busca de conclusões comuns relativas a problemas, temas ou questões polêmicas de interesse da turma e/ou de relevância social.","{""engajar"",""contribuir"",""busca"",""conclusoes"",""comuns"",""relativas"",""problemas"",""temas"",""questoes"",""polemicas""}","{""engajar"",""contribuir"",""busca"",""conclusoes"",""comuns"",""relativas""}",{},false,https://catalogobncc.github.io/metadados/2022/03/30/eflp,Importado dos metadados públicos do Catálogo BNCC. Revisar unidade temática e objeto de conhecimento na planilha oficial BNCC/MEC.
EF69LP14,Ensino Fundamental - Anos Finais,"6º ano; 7º ano; 8º ano; 9º ano",Linguagens,Língua Portuguesa,,,"Formular perguntas e decompor, com a ajuda dos colegas e dos professores, tema/questão polêmica, explicações e ou argumentos relativos ao objeto de discussão para análise mais minuciosa e buscar em fontes diversas informações ou dados que permitam analisar partes da questão e compartilhá-los com a turma.","{""formular"",""perguntas"",""decompor"",""ajuda"",""colegas"",""professores"",""questao"",""polemica"",""explicacoes"",""argumentos""}","{""formular"",""perguntas"",""decompor"",""ajuda"",""colegas"",""professores""}","{""tecnologia"",""artes""}",false,https://catalogobncc.github.io/metadados/2022/03/30/eflp,Importado dos metadados públicos do Catálogo BNCC. Revisar unidade temática e objeto de conhecimento na planilha oficial BNCC/MEC.
EF69LP15,Ensino Fundamental - Anos Finais,"6º ano; 7º ano; 8º ano; 9º ano",Linguagens,Língua Portuguesa,,,"Apresentar argumentos e contra-argumentos coerentes, respeitando os turnos de fala, na participação em discussões sobre temas controversos e/ou polêmicos.","{""apresentar"",""argumentos"",""contra"",""coerentes"",""respeitando"",""turnos"",""participacao"",""discussoes"",""temas"",""controversos""}","{""apresentar"",""argumentos"",""contra"",""coerentes"",""respeitando"",""turnos""}",{},false,https://catalogobncc.github.io/metadados/2022/03/30/eflp,Importado dos metadados públicos do Catálogo BNCC. Revisar unidade temática e objeto de conhecimento na planilha oficial BNCC/MEC.
EF69LP16,Ensino Fundamental - Anos Finais,"6º ano; 7º ano; 8º ano; 9º ano",Linguagens,Língua Portuguesa,,,"Analisar e utilizar as formas de composição dos gêneros jornalísticos da ordem do relatar, tais como notícias (pirâmide invertida no impresso X blocos noticiosos hipertextuais e hipermidiáticos no digital, que também pode contar com imagens de vários tipos, vídeos, gravações de áudio etc.), da ordem do argumentar, tais como artigos de opinião e editorial (contextualização, defesa de tese/opinião e uso de argumentos) e das entrevistas: apresentação e contextualização do entrevistado e do tema, estrutura pergunta e resposta etc.","{""utilizar"",""composicao"",""generos"",""jornalisticos"",""ordem"",""relatar"",""noticias"",""piramide"",""invertida"",""impresso""}","{""utilizar"",""composicao"",""generos"",""jornalisticos"",""ordem"",""relatar""}","{""tecnologia"",""engenharia""}",false,https://catalogobncc.github.io/metadados/2022/03/30/eflp,Importado dos metadados públicos do Catálogo BNCC. Revisar unidade temática e objeto de conhecimento na planilha oficial BNCC/MEC.
EF69LP17,Ensino Fundamental - Anos Finais,"6º ano; 7º ano; 8º ano; 9º ano",Linguagens,Língua Portuguesa,,,"Perceber e analisar os recursos estilísticos e semióticos dos gêneros jornalísticos e publicitários, os aspectos relativos ao tratamento da informação em notícias, como a ordenação dos eventos, as escolhas lexicais, o efeito de imparcialidade do relato, a morfologia do verbo, em textos noticiosos e argumentativos, reconhecendo marcas de pessoa, número, tempo, modo, a distribuição dos verbos nos gêneros textuais (por exemplo, as formas de pretérito em relatos; as formas de presente e futuro em gêneros argumentativos; as formas de imperativo em gêneros publicitários), o uso de recursos persuasivos em textos argumentativos diversos (como a elaboração do título, escolhas lexicais, construções metafóricas, a explicitação ou a ocultação de fontes de informação) e as estratégias de persuasão e apelo ao consumo com os recursos linguístico-discursivos utilizados (tempo verbal, jogos de palavras, metáforas, imagens).","{""perceber"",""recursos"",""estilisticos"",""semioticos"",""generos"",""jornalisticos"",""publicitarios"",""aspectos"",""relativos"",""tratamento""}","{""perceber"",""recursos"",""estilisticos"",""semioticos"",""generos"",""jornalisticos""}","{""engenharia"",""matematica""}",true,https://catalogobncc.github.io/metadados/2022/03/30/eflp,Importado dos metadados públicos do Catálogo BNCC. Revisar unidade temática e objeto de conhecimento na planilha oficial BNCC/MEC.
EF69LP18,Ensino Fundamental - Anos Finais,"6º ano; 7º ano; 8º ano; 9º ano",Linguagens,Língua Portuguesa,,,"Utilizar, na escrita/reescrita de textos argumentativos, recursos linguísticos que marquem as relações de sentido entre parágrafos e enunciados do texto e operadores de conexão adequados aos tipos de argumento e à forma de composição de textos argumentativos, de maneira a garantir a coesão, a coerência e a progressão temática nesses textos (“primeiramente, mas, no entanto, em primeiro/segundo/terceiro lugar, finalmente, em conclusão” etc.).","{""utilizar"",""escrita"",""reescrita"",""textos"",""argumentativos"",""recursos"",""linguisticos"",""marquem"",""relacoes"",""sentido""}","{""utilizar"",""escrita"",""reescrita"",""textos"",""argumentativos"",""recursos""}",{},false,https://catalogobncc.github.io/metadados/2022/03/30/eflp,Importado dos metadados públicos do Catálogo BNCC. Revisar unidade temática e objeto de conhecimento na planilha oficial BNCC/MEC.
EF69LP19,Ensino Fundamental - Anos Finais,"6º ano; 7º ano; 8º ano; 9º ano",Linguagens,Língua Portuguesa,,,"Analisar, em gêneros orais que envolvam argumentação, os efeitos de sentido de elementos típicos da modalidade falada, como a pausa, a entonação, o ritmo, a gestualidade e expressão facial, as hesitações etc.","{""generos"",""orais"",""envolvam"",""argumentacao"",""efeitos"",""sentido"",""elementos"",""tipicos"",""modalidade"",""falada""}","{""generos"",""orais"",""envolvam"",""argumentacao"",""efeitos"",""sentido""}",{},false,https://catalogobncc.github.io/metadados/2022/03/30/eflp,Importado dos metadados públicos do Catálogo BNCC. Revisar unidade temática e objeto de conhecimento na planilha oficial BNCC/MEC.
EF69LP20,Ensino Fundamental - Anos Finais,"6º ano; 7º ano; 8º ano; 9º ano",Linguagens,Língua Portuguesa,,,"Identificar, tendo em vista o contexto de produção, a forma de organização dos textos normativos e legais, a lógica de hierarquização de seus itens e subitens e suas partes: parte inicial (título – nome e data – e ementa), blocos de artigos (parte, livro, capítulo, seção, subseção), artigos (caput e parágrafos e incisos) e parte final (disposições pertinentes à sua implementação) e analisar efeitos de sentido causados pelo uso de vocabulário técnico, pelo uso do imperativo, de palavras e expressões que indicam circunstâncias, como advérbios e locuções adverbiais, de palavras que indicam generalidade, como alguns pronomes indefinidos, de forma a poder compreender o caráter imperativo, coercitivo e generalista das leis e de outras formas de regulamentação.","{""tendo"",""vista"",""contexto"",""producao"",""organizacao"",""textos"",""normativos"",""legais"",""logica"",""hierarquizacao""}","{""tendo"",""vista"",""contexto"",""producao"",""organizacao"",""textos""}","{""artes""}",false,https://catalogobncc.github.io/metadados/2022/03/30/eflp,Importado dos metadados públicos do Catálogo BNCC. Revisar unidade temática e objeto de conhecimento na planilha oficial BNCC/MEC.
EF69LP21,Ensino Fundamental - Anos Finais,"6º ano; 7º ano; 8º ano; 9º ano",Linguagens,Língua Portuguesa,,,"Posicionar-se em relação a conteúdos veiculados em práticas não institucionalizadas de participação social, sobretudo àquelas vinculadas a manifestações artísticas, produções culturais, intervenções urbanas e práticas próprias das culturas juvenis que pretendam denunciar, expor uma problemática ou “convocar” para uma reflexão/ação, relacionando esse texto/produção com seu contexto de produção e relacionando as partes e semioses presentes para a construção de sentidos.","{""posicionar"",""relacao"",""conteudos"",""veiculados"",""praticas"",""institucionalizadas"",""participacao"",""social"",""sobretudo"",""aquelas""}","{""posicionar"",""relacao"",""conteudos"",""veiculados"",""praticas"",""institucionalizadas""}","{""engenharia"",""artes""}",true,https://catalogobncc.github.io/metadados/2022/03/30/eflp,Importado dos metadados públicos do Catálogo BNCC. Revisar unidade temática e objeto de conhecimento na planilha oficial BNCC/MEC.
EF69LP22,Ensino Fundamental - Anos Finais,"6º ano; 7º ano; 8º ano; 9º ano",Linguagens,Língua Portuguesa,,,"Produzir, revisar e editar textos reivindicatórios ou propositivos sobre problemas que afetam a vida escolar ou da comunidade, justificando pontos de vista, reivindicações e detalhando propostas (justificativa, objetivos, ações previstas etc.), levando em conta seu contexto de produção e as características dos gêneros em questão.","{""revisar"",""editar"",""textos"",""reivindicatorios"",""propositivos"",""problemas"",""afetam"",""escolar"",""comunidade"",""justificando""}","{""revisar"",""editar"",""textos"",""reivindicatorios"",""propositivos"",""problemas""}","{""ciencia""}",true,https://catalogobncc.github.io/metadados/2022/03/30/eflp,Importado dos metadados públicos do Catálogo BNCC. Revisar unidade temática e objeto de conhecimento na planilha oficial BNCC/MEC.
EF69LP23,Ensino Fundamental - Anos Finais,"6º ano; 7º ano; 8º ano; 9º ano",Linguagens,Língua Portuguesa,,,"Contribuir com a escrita de textos normativos, quando houver esse tipo de demanda na escola – regimentos e estatutos de organizações da sociedade civil do âmbito da atuação das crianças e jovens (grêmio livre, clubes de leitura, associações culturais etc.) – e de regras e regulamentos nos vários âmbitos da escola – campeonatos, festivais, regras de convivência etc., levando em conta o contexto de produção e as características dos gêneros em questão.","{""contribuir"",""escrita"",""textos"",""normativos"",""quando"",""houver"",""demanda"",""escola"",""regimentos"",""estatutos""}","{""contribuir"",""escrita"",""textos"",""normativos"",""quando"",""houver""}","{""artes""}",false,https://catalogobncc.github.io/metadados/2022/03/30/eflp,Importado dos metadados públicos do Catálogo BNCC. Revisar unidade temática e objeto de conhecimento na planilha oficial BNCC/MEC.
EF69LP24,Ensino Fundamental - Anos Finais,"6º ano; 7º ano; 8º ano; 9º ano",Linguagens,Língua Portuguesa,,,"Discutir casos, reais ou simulações, submetidos a juízo, que envolvam (supostos) desrespeitos a artigos, do ECA, do Código de Defesa do Consumidor, do Código Nacional de Trânsito, de regulamentações do mercado publicitário etc., como forma de criar familiaridade com textos legais – seu vocabulário, formas de organização, marcas de estilo etc. -, de maneira a facilitar a compreensão de leis, fortalecer a defesa de direitos, fomentar a escrita de textos normativos (se e quando isso for necessário) e possibilitar a compreensão do caráter interpretativo das leis e as várias perspectivas que podem estar em jogo.","{""casos"",""reais"",""simulacoes"",""submetidos"",""juizo"",""envolvam"",""supostos"",""desrespeitos"",""artigos"",""codigo""}","{""casos"",""reais"",""simulacoes"",""submetidos"",""juizo"",""envolvam""}",{},true,https://catalogobncc.github.io/metadados/2022/03/30/eflp,Importado dos metadados públicos do Catálogo BNCC. Revisar unidade temática e objeto de conhecimento na planilha oficial BNCC/MEC.
EF69LP25,Ensino Fundamental - Anos Finais,"6º ano; 7º ano; 8º ano; 9º ano",Linguagens,Língua Portuguesa,,,"Posicionar-se de forma consistente e sustentada em uma discussão, assembleia, reuniões de colegiados da escola, de agremiações e outras situações de apresentação de propostas e defesas de opiniões, respeitando as opiniões contrárias e propostas alternativas e fundamentando seus posicionamentos, no tempo de fala previsto, valendo-se de sínteses e propostas claras e justificadas.","{""posicionar"",""consistente"",""sustentada"",""discussao"",""assembleia"",""reunioes"",""colegiados"",""escola"",""agremiacoes"",""outras""}","{""posicionar"",""consistente"",""sustentada"",""discussao"",""assembleia"",""reunioes""}","{""ciencia""}",false,https://catalogobncc.github.io/metadados/2022/03/30/eflp,Importado dos metadados públicos do Catálogo BNCC. Revisar unidade temática e objeto de conhecimento na planilha oficial BNCC/MEC.
EF69LP26,Ensino Fundamental - Anos Finais,"6º ano; 7º ano; 8º ano; 9º ano",Linguagens,Língua Portuguesa,,,"Tomar nota em discussões, debates, palestras, apresentação de propostas, reuniões, como forma de documentar o evento e apoiar a própria fala (que pode se dar no momento do evento ou posteriormente, quando, por exemplo, for necessária a retomada dos assuntos tratados em outros contextos públicos, como diante dos representados).","{""tomar"",""discussoes"",""debates"",""palestras"",""apresentacao"",""propostas"",""reunioes"",""documentar"",""evento"",""apoiar""}","{""tomar"",""discussoes"",""debates"",""palestras"",""apresentacao"",""propostas""}",{},false,https://catalogobncc.github.io/metadados/2022/03/30/eflp,Importado dos metadados públicos do Catálogo BNCC. Revisar unidade temática e objeto de conhecimento na planilha oficial BNCC/MEC.
EF69LP27,Ensino Fundamental - Anos Finais,"6º ano; 7º ano; 8º ano; 9º ano",Linguagens,Língua Portuguesa,,,"Analisar a forma composicional de textos pertencentes a gêneros normativos/ jurídicos e a gêneros da esfera política, tais como propostas, programas políticos (posicionamento quanto a diferentes ações a serem propostas, objetivos, ações previstas etc.), propaganda política (propostas e sua sustentação, posicionamento quanto a temas em discussão) e textos reivindicatórios: cartas de reclamação, petição (proposta, suas justificativas e ações a serem adotadas) e suas marcas linguísticas, de forma a incrementar a compreensão de textos pertencentes a esses gêneros e a possibilitar a produção de textos mais adequados e/ou fundamentados quando isso for requerido.","{""composicional"",""textos"",""pertencentes"",""generos"",""normativos"",""juridicos"",""esfera"",""politica"",""propostas"",""programas""}","{""composicional"",""textos"",""pertencentes"",""generos"",""normativos"",""juridicos""}","{""ciencia""}",false,https://catalogobncc.github.io/metadados/2022/03/30/eflp,Importado dos metadados públicos do Catálogo BNCC. Revisar unidade temática e objeto de conhecimento na planilha oficial BNCC/MEC.
EF69LP28,Ensino Fundamental - Anos Finais,"6º ano; 7º ano; 8º ano; 9º ano",Linguagens,Língua Portuguesa,,,"Observar os mecanismos de modalização adequados aos textos jurídicos, as modalidades deônticas, que se referem ao eixo da conduta (obrigatoriedade/permissibilidade) como, por exemplo: Proibição: “Não se deve fumar em recintos fechados.”; Obrigatoriedade: “A vida tem que valer a pena.”; Possibilidade: “É permitido a entrada de menores acompanhados de adultos responsáveis”, e os mecanismos de modalização adequados aos textos políticos e propositivos, as modalidades apreciativas, em que o locutor exprime um juízo de valor (positivo ou negativo) acerca do que enuncia. Por exemplo: “Que belo discurso!”, “Discordo das escolhas de Antônio.” “Felizmente, o buraco ainda não causou acidentes mais graves.”","{""observar"",""mecanismos"",""modalizacao"",""adequados"",""textos"",""juridicos"",""modalidades"",""deonticas"",""referem"",""conduta""}","{""observar"",""mecanismos"",""modalizacao"",""adequados"",""textos"",""juridicos""}","{""ciencia"",""engenharia""}",false,https://catalogobncc.github.io/metadados/2022/03/30/eflp,Importado dos metadados públicos do Catálogo BNCC. Revisar unidade temática e objeto de conhecimento na planilha oficial BNCC/MEC.
EF69LP29,Ensino Fundamental - Anos Finais,"6º ano; 7º ano; 8º ano; 9º ano",Linguagens,Língua Portuguesa,,,"Refletir sobre a relação entre os contextos de produção dos gêneros de divulgação científica – texto didático, artigo de divulgação científica, reportagem de divulgação científica, verbete de enciclopédia (impressa e digital), esquema, infográfico (estático e animado), relatório, relato multimidiático de campo, podcasts e vídeos variados de divulgação científica etc. – e os aspectos relativos à construção composicional e às marcas linguística características desses gêneros, de forma a ampliar suas possibilidades de compreensão (e produção) de textos pertencentes a esses gêneros.","{""refletir"",""relacao"",""contextos"",""producao"",""generos"",""divulgacao"",""cientifica"",""texto"",""didatico"",""artigo""}","{""refletir"",""relacao"",""contextos"",""producao"",""generos"",""divulgacao""}","{""ciencia"",""tecnologia"",""engenharia"",""matematica""}",true,https://catalogobncc.github.io/metadados/2022/03/30/eflp,Importado dos metadados públicos do Catálogo BNCC. Revisar unidade temática e objeto de conhecimento na planilha oficial BNCC/MEC.
EF69LP30,Ensino Fundamental - Anos Finais,"6º ano; 7º ano; 8º ano; 9º ano",Linguagens,Língua Portuguesa,,,"Comparar, com a ajuda do professor, conteúdos, dados e informações de diferentes fontes, levando em conta seus contextos de produção e referências, identificando coincidências, complementaridades e contradições, de forma a poder identificar erros/imprecisões conceituais, compreender e posicionar-se criticamente sobre os conteúdos e informações em questão.","{""ajuda"",""professor"",""conteudos"",""dados"",""informacoes"",""fontes"",""levando"",""conta"",""contextos"",""producao""}","{""ajuda"",""professor"",""conteudos"",""dados"",""informacoes"",""fontes""}","{""tecnologia""}",false,https://catalogobncc.github.io/metadados/2022/03/30/eflp,Importado dos metadados públicos do Catálogo BNCC. Revisar unidade temática e objeto de conhecimento na planilha oficial BNCC/MEC.
EF69LP31,Ensino Fundamental - Anos Finais,"6º ano; 7º ano; 8º ano; 9º ano",Linguagens,Língua Portuguesa,,,"Utilizar pistas linguísticas – tais como “em primeiro/segundo/terceiro lugar”, “por outro lado”, “dito de outro modo”, isto é”, “por exemplo” – para compreender a hierarquização das proposições, sintetizando o conteúdo dos textos.","{""utilizar"",""pistas"",""linguisticas"",""primeiro"",""segundo"",""terceiro"",""lugar"",""outro"",""exemplo"",""hierarquizacao""}","{""utilizar"",""pistas"",""linguisticas"",""primeiro"",""segundo"",""terceiro""}",{},false,https://catalogobncc.github.io/metadados/2022/03/30/eflp,Importado dos metadados públicos do Catálogo BNCC. Revisar unidade temática e objeto de conhecimento na planilha oficial BNCC/MEC.
EF69LP32,Ensino Fundamental - Anos Finais,"6º ano; 7º ano; 8º ano; 9º ano",Linguagens,Língua Portuguesa,,,"Selecionar informações e dados relevantes de fontes diversas (impressas, digitais, orais etc.), avaliando a qualidade e a utilidade dessas fontes, e organizar, esquematicamente, com ajuda do professor, as informações necessárias (sem excedê-las) com ou sem apoio de ferramentas digitais, em quadros, tabelas ou gráficos.","{""selecionar"",""informacoes"",""dados"",""relevantes"",""fontes"",""impressas"",""digitais"",""orais"",""avaliando"",""qualidade""}","{""selecionar"",""informacoes"",""dados"",""relevantes"",""fontes"",""impressas""}","{""tecnologia"",""matematica""}",false,https://catalogobncc.github.io/metadados/2022/03/30/eflp,Importado dos metadados públicos do Catálogo BNCC. Revisar unidade temática e objeto de conhecimento na planilha oficial BNCC/MEC.
EF69LP33,Ensino Fundamental - Anos Finais,"6º ano; 7º ano; 8º ano; 9º ano",Linguagens,Língua Portuguesa,,,"Articular o verbal com os esquemas, infográficos, imagens variadas etc. na (re)construção dos sentidos dos textos de divulgação científica e retextualizar do discursivo para o esquemático – infográfico, esquema, tabela, gráfico, ilustração etc. – e, ao contrário, transformar o conteúdo das tabelas, esquemas, infográficos, ilustrações etc. em texto discursivo, como forma de ampliar as possibilidades de compreensão desses textos e analisar as características das multissemioses e dos gêneros em questão.","{""articular"",""verbal"",""esquemas"",""infograficos"",""imagens"",""variadas"",""construcao"",""sentidos"",""textos"",""divulgacao""}","{""articular"",""verbal"",""esquemas"",""infograficos"",""imagens"",""variadas""}","{""ciencia"",""engenharia"",""matematica""}",true,https://catalogobncc.github.io/metadados/2022/03/30/eflp,Importado dos metadados públicos do Catálogo BNCC. Revisar unidade temática e objeto de conhecimento na planilha oficial BNCC/MEC.
EF69LP34,Ensino Fundamental - Anos Finais,"6º ano; 7º ano; 8º ano; 9º ano",Linguagens,Língua Portuguesa,,,"Grifar as partes essenciais do texto, tendo em vista os objetivos de leitura, produzir marginálias (ou tomar notas em outro suporte), sínteses organizadas em itens, quadro sinóptico, quadro comparativo, esquema, resumo ou resenha do texto lido (com ou sem comentário/análise), mapa conceitual, dependendo do que for mais adequado, como forma de possibilitar uma maior compreensão do texto, a sistematização de conteúdos e informações e","{""grifar"",""partes"",""essenciais"",""texto"",""tendo"",""vista"",""objetivos"",""leitura"",""marginalias"",""tomar""}","{""grifar"",""partes"",""essenciais"",""texto"",""tendo"",""vista""}","{""artes""}",true,https://catalogobncc.github.io/metadados/2022/03/30/eflp,Importado dos metadados públicos do Catálogo BNCC. Revisar unidade temática e objeto de conhecimento na planilha oficial BNCC/MEC.
EF69LP35,Ensino Fundamental - Anos Finais,"6º ano; 7º ano; 8º ano; 9º ano",Linguagens,Língua Portuguesa,,,"Planejar textos de divulgação científica, a partir da elaboração de esquema que considere as pesquisas feitas anteriormente, de notas e sínteses de leituras ou de registros de experimentos ou de estudo de campo, produzir, revisar e editar textos voltados para a divulgação do conhecimento e de dados e resultados de pesquisas, tais como artigo de divulgação científica, artigo de opinião, reportagem científica, verbete de enciclopédia, verbete de enciclopédia digital colaborativa , infográfico, relatório, relato de experimento científico, relato (multimidiático) de campo, tendo em vista seus contextos de produção, que podem envolver a disponibilização de informações e conhecimentos em circulação em um formato mais acessível para um público específico ou a divulgação de conhecimentos advindos de pesquisas bibliográficas, experimentos científicos e estudos de campo realizados.","{""planejar"",""textos"",""divulgacao"",""cientifica"",""elaboracao"",""esquema"",""considere"",""pesquisas"",""feitas"",""anteriormente""}","{""planejar"",""textos"",""divulgacao"",""cientifica"",""elaboracao"",""esquema""}","{""ciencia"",""tecnologia"",""matematica""}",true,https://catalogobncc.github.io/metadados/2022/03/30/eflp,Importado dos metadados públicos do Catálogo BNCC. Revisar unidade temática e objeto de conhecimento na planilha oficial BNCC/MEC.
EF69LP36,Ensino Fundamental - Anos Finais,"6º ano; 7º ano; 8º ano; 9º ano",Linguagens,Língua Portuguesa,,,"Produzir, revisar e editar textos voltados para a divulgação do conhecimento e de dados e resultados de pesquisas, tais como artigos de divulgação científica, verbete de enciclopédia, infográfico, infográfico animado, podcast ou vlog científico, relato de experimento, relatório, relatório multimidiático de campo, dentre outros, considerando o contexto de produção e as regularidades dos gêneros em termos de suas construções composicionais e estilos.","{""revisar"",""editar"",""textos"",""voltados"",""divulgacao"",""conhecimento"",""dados"",""resultados"",""pesquisas"",""artigos""}","{""revisar"",""editar"",""textos"",""voltados"",""divulgacao"",""conhecimento""}","{""ciencia"",""tecnologia"",""engenharia"",""matematica""}",true,https://catalogobncc.github.io/metadados/2022/03/30/eflp,Importado dos metadados públicos do Catálogo BNCC. Revisar unidade temática e objeto de conhecimento na planilha oficial BNCC/MEC.
EF69LP37,Ensino Fundamental - Anos Finais,"6º ano; 7º ano; 8º ano; 9º ano",Linguagens,Língua Portuguesa,,,"Produzir roteiros para elaboração de vídeos de diferentes tipos (vlog científico, vídeo-minuto, programa de rádio, podcasts) para divulgação de conhecimentos científicos e resultados de pesquisa, tendo em vista seu contexto de produção, os elementos e a construção composicional dos roteiros.","{""roteiros"",""elaboracao"",""videos"",""tipos"",""cientifico"",""video"",""minuto"",""programa"",""radio"",""podcasts""}","{""roteiros"",""elaboracao"",""videos"",""tipos"",""cientifico"",""video""}","{""ciencia"",""engenharia""}",true,https://catalogobncc.github.io/metadados/2022/03/30/eflp,Importado dos metadados públicos do Catálogo BNCC. Revisar unidade temática e objeto de conhecimento na planilha oficial BNCC/MEC.
EF69LP38,Ensino Fundamental - Anos Finais,"6º ano; 7º ano; 8º ano; 9º ano",Linguagens,Língua Portuguesa,,,"Organizar os dados e informações pesquisados em painéis ou slides de apresentação, levando em conta o contexto de produção, o tempo disponível, as características do gênero apresentação oral, a multissemiose, as mídias e tecnologias que serão utilizadas, ensaiar a apresentação, considerando também elementos paralinguísticos e cinésicos e proceder à exposição oral de resultados de estudos e pesquisas, no tempo determinado, a partir do planejamento e da definição de diferentes formas de uso da fala – memorizada, com apoio da leitura ou fala espontânea.","{""organizar"",""dados"",""informacoes"",""pesquisados"",""paineis"",""slides"",""apresentacao"",""levando"",""conta"",""contexto""}","{""organizar"",""dados"",""informacoes"",""pesquisados"",""paineis"",""slides""}","{""tecnologia""}",false,https://catalogobncc.github.io/metadados/2022/03/30/eflp,Importado dos metadados públicos do Catálogo BNCC. Revisar unidade temática e objeto de conhecimento na planilha oficial BNCC/MEC.
EF69LP39,Ensino Fundamental - Anos Finais,"6º ano; 7º ano; 8º ano; 9º ano",Linguagens,Língua Portuguesa,,,"Definir o recorte temático da entrevista e o entrevistado, levantar informações sobre o entrevistado e sobre o tema da entrevista, elaborar roteiro de perguntas, realizar entrevista, a partir do roteiro, abrindo possibilidades para fazer perguntas a partir da resposta, se o contexto permitir, tomar nota, gravar ou salvar a entrevista e usar adequadamente as informações obtidas, de acordo com os objetivos estabelecidos.","{""definir"",""recorte"",""tematico"",""entrevista"",""entrevistado"",""levantar"",""informacoes"",""roteiro"",""perguntas"",""realizar""}","{""definir"",""recorte"",""tematico"",""entrevista"",""entrevistado"",""levantar""}",{},true,https://catalogobncc.github.io/metadados/2022/03/30/eflp,Importado dos metadados públicos do Catálogo BNCC. Revisar unidade temática e objeto de conhecimento na planilha oficial BNCC/MEC.
EF69LP40,Ensino Fundamental - Anos Finais,"6º ano; 7º ano; 8º ano; 9º ano",Linguagens,Língua Portuguesa,,,"Analisar, em gravações de seminários, conferências rápidas, trechos de palestras, dentre outros, a construção composicional dos gêneros de apresentação – abertura/saudação, introdução ao tema, apresentação do plano de exposição, desenvolvimento dos conteúdos, por meio do encadeamento de temas e subtemas (coesão temática), síntese final e/ou conclusão, encerramento –, os elementos paralinguísticos (tais como: tom e volume da voz, pausas e hesitações – que, em geral, devem ser minimizadas –, modulação de voz e entonação, ritmo, respiração etc.) e cinésicos (tais como: postura corporal, movimentos e gestualidade significativa, expressão facial, contato de olho com plateia, modulação de voz e entonação, sincronia da fala com ferramenta de apoio etc.), para melhor performar apresentações orais no campo da divulgação do conhecimento.","{""gravacoes"",""seminarios"",""conferencias"",""rapidas"",""trechos"",""palestras"",""dentre"",""outros"",""construcao"",""composicional""}","{""gravacoes"",""seminarios"",""conferencias"",""rapidas"",""trechos"",""palestras""}","{""ciencia"",""engenharia""}",true,https://catalogobncc.github.io/metadados/2022/03/30/eflp,Importado dos metadados públicos do Catálogo BNCC. Revisar unidade temática e objeto de conhecimento na planilha oficial BNCC/MEC.
EF69LP41,Ensino Fundamental - Anos Finais,"6º ano; 7º ano; 8º ano; 9º ano",Linguagens,Língua Portuguesa,,,"Usar adequadamente ferramentas de apoio a apresentações orais, escolhendo e usando tipos e tamanhos de fontes que permitam boa visualização, topicalizando e/ou organizando o conteúdo em itens, inserindo de forma adequada imagens, gráficos, tabelas, formas e elementos gráficos, dimensionando a quantidade de texto (e imagem) por slide, usando progressivamente e de forma harmônica recursos mais sofisticados como efeitos de transição, slides mestres, layouts personalizados etc.","{""adequadamente"",""ferramentas"",""apoio"",""apresentacoes"",""orais"",""escolhendo"",""usando"",""tipos"",""tamanhos"",""fontes""}","{""adequadamente"",""ferramentas"",""apoio"",""apresentacoes"",""orais"",""escolhendo""}","{""artes"",""matematica""}",false,https://catalogobncc.github.io/metadados/2022/03/30/eflp,Importado dos metadados públicos do Catálogo BNCC. Revisar unidade temática e objeto de conhecimento na planilha oficial BNCC/MEC.
EF69LP42,Ensino Fundamental - Anos Finais,"6º ano; 7º ano; 8º ano; 9º ano",Linguagens,Língua Portuguesa,,,"Analisar a construção composicional dos textos pertencentes a gêneros relacionados à divulgação de conhecimentos: título, (olho), introdução, divisão do texto em subtítulos, imagens ilustrativas de conceitos, relações, ou resultados complexos (fotos, ilustrações, esquemas, gráficos, infográficos, diagramas, figuras, tabelas, mapas) etc., exposição, contendo definições, descrições, comparações, enumerações, exemplificações e remissões a conceitos e relações por meio de notas de rodapé, boxes ou links; ou título, contextualização do campo, ordenação temporal ou temática por tema ou subtema, intercalação de trechos verbais com fotos, ilustrações, áudios, vídeos etc. e reconhecer traços da linguagem dos textos de divulgação científica, fazendo uso consciente das estratégias de impessoalização da linguagem (ou de pessoalização, se o tipo de publicação e objetivos assim o demandarem, como em alguns podcasts e vídeos de divulgação científica), 3ª pessoa, presente atemporal, recurso à citação, uso de vocabulário técnico/especializado etc., como forma de ampliar suas capacidades de compreensão e produção de textos nesses gêneros.","{""construcao"",""composicional"",""textos"",""pertencentes"",""generos"",""relacionados"",""divulgacao"",""conhecimentos"",""titulo"",""introducao""}","{""construcao"",""composicional"",""textos"",""pertencentes"",""generos"",""relacionados""}","{""ciencia"",""engenharia"",""matematica""}",true,https://catalogobncc.github.io/metadados/2022/03/30/eflp,Importado dos metadados públicos do Catálogo BNCC. Revisar unidade temática e objeto de conhecimento na planilha oficial BNCC/MEC.
EF69LP43,Ensino Fundamental - Anos Finais,"6º ano; 7º ano; 8º ano; 9º ano",Linguagens,Língua Portuguesa,,,"Identificar e utilizar os modos de introdução de outras vozes no texto – citação literal e sua formatação e paráfrase –, as pistas linguísticas responsáveis por introduzir no texto a posição do autor e dos outros autores citados (“Segundo X; De acordo com Y; De minha/nossa parte, penso/amos que”...) e os elementos de normatização (tais como as regras de inclusão e formatação de citações e paráfrases, de organização de referências bibliográficas) em textos científicos, desenvolvendo reflexão sobre o modo como a intertextualidade e a retextualização ocorrem nesses textos.","{""utilizar"",""modos"",""introducao"",""outras"",""vozes"",""texto"",""citacao"",""literal"",""formatacao"",""parafrase""}","{""utilizar"",""modos"",""introducao"",""outras"",""vozes"",""texto""}","{""ciencia"",""artes""}",false,https://catalogobncc.github.io/metadados/2022/03/30/eflp,Importado dos metadados públicos do Catálogo BNCC. Revisar unidade temática e objeto de conhecimento na planilha oficial BNCC/MEC.
EF69LP44,Ensino Fundamental - Anos Finais,"6º ano; 7º ano; 8º ano; 9º ano",Linguagens,Língua Portuguesa,,,"Inferir a presença de valores sociais, culturais e humanos e de diferentes visões de mundo, em textos literários, reconhecendo nesses textos formas de estabelecer múltiplos olhares sobre as identidades, sociedades e culturas e considerando a autoria e o contexto social e histórico de sua produção.","{""inferir"",""presenca"",""valores"",""sociais"",""culturais"",""humanos"",""visoes"",""mundo"",""textos"",""literarios""}","{""inferir"",""presenca"",""valores"",""sociais"",""culturais"",""humanos""}","{""artes""}",false,https://catalogobncc.github.io/metadados/2022/03/30/eflp,Importado dos metadados públicos do Catálogo BNCC. Revisar unidade temática e objeto de conhecimento na planilha oficial BNCC/MEC.
EF69LP45,Ensino Fundamental - Anos Finais,"6º ano; 7º ano; 8º ano; 9º ano",Linguagens,Língua Portuguesa,,,"Posicionar-se criticamente em relação a textos pertencentes a gêneros como quarta-capa, programa (de teatro, dança, exposição etc.), sinopse, resenha crítica, comentário em blog/vlog cultural etc., para selecionar obras literárias e outras manifestações artísticas (cinema, teatro, exposições, espetáculos, CD´s, DVD´s etc.), diferenciando as sequências descritivas e avaliativas e reconhecendo-os como gêneros que apoiam a escolha do livro ou produção cultural e consultando-os no momento de fazer escolhas, quando for o caso.","{""posicionar"",""criticamente"",""relacao"",""textos"",""pertencentes"",""generos"",""quarta"",""programa"",""teatro"",""danca""}","{""posicionar"",""criticamente"",""relacao"",""textos"",""pertencentes"",""generos""}","{""artes""}",false,https://catalogobncc.github.io/metadados/2022/03/30/eflp,Importado dos metadados públicos do Catálogo BNCC. Revisar unidade temática e objeto de conhecimento na planilha oficial BNCC/MEC.
EF69LP46,Ensino Fundamental - Anos Finais,"6º ano; 7º ano; 8º ano; 9º ano",Linguagens,Língua Portuguesa,,,"Participar de práticas de compartilhamento de leitura/recepção de obras literárias/ manifestações artísticas, como rodas de leitura, clubes de leitura, eventos de contação de histórias, de leituras dramáticas, de apresentações teatrais, musicais e de filmes, cineclubes, festivais de vídeo, saraus, slams, canais de booktubers, redes sociais temáticas (de leitores, de cinéfilos, de música etc.), dentre outros, tecendo, quando possível, comentários de ordem estética e afetiva","{""participar"",""praticas"",""compartilhamento"",""leitura"",""recepcao"",""obras"",""literarias"",""manifestacoes"",""artisticas"",""rodas""}","{""participar"",""praticas"",""compartilhamento"",""leitura"",""recepcao"",""obras""}","{""artes""}",false,https://catalogobncc.github.io/metadados/2022/03/30/eflp,Importado dos metadados públicos do Catálogo BNCC. Revisar unidade temática e objeto de conhecimento na planilha oficial BNCC/MEC.
EF69LP47,Ensino Fundamental - Anos Finais,"6º ano; 7º ano; 8º ano; 9º ano",Linguagens,Língua Portuguesa,,,"Analisar, em textos narrativos ficcionais, as diferentes formas de composição próprias de cada gênero, os recursos coesivos que constroem a passagem do tempo e articulam suas partes, a escolha lexical típica de cada gênero para a caracterização dos cenários e dos personagens e os efeitos de sentido decorrentes dos tempos verbais, dos tipos de discurso, dos verbos de enunciação e das variedades linguísticas (no discurso direto, se houver) empregados, identificando o enredo e o foco narrativo e percebendo como se estrutura a narrativa nos diferentes gêneros e os efeitos de sentido decorrentes do foco narrativo típico de cada gênero, da caracterização dos espaços físico e psicológico e dos tempos cronológico e psicológico, das diferentes vozes no texto (do narrador, de personagens em discurso direto e indireto), do uso de pontuação expressiva, palavras e expressões conotativas e processos figurativos e do uso de recursos linguístico-gramaticais próprios a cada gênero narrativo.","{""textos"",""narrativos"",""ficcionais"",""composicao"",""proprias"",""genero"",""recursos"",""coesivos"",""constroem"",""passagem""}","{""textos"",""narrativos"",""ficcionais"",""composicao"",""proprias"",""genero""}","{""engenharia"",""artes""}",false,https://catalogobncc.github.io/metadados/2022/03/30/eflp,Importado dos metadados públicos do Catálogo BNCC. Revisar unidade temática e objeto de conhecimento na planilha oficial BNCC/MEC.
EF69LP48,Ensino Fundamental - Anos Finais,"6º ano; 7º ano; 8º ano; 9º ano",Linguagens,Língua Portuguesa,,,"Interpretar, em poemas, efeitos produzidos pelo uso de recursos expressivos sonoros (estrofação, rimas, aliterações etc), semânticos (figuras de linguagem, por exemplo), gráfico- espacial (distribuição da mancha gráfica no papel), imagens e sua relação com o texto verbal.","{""interpretar"",""poemas"",""efeitos"",""produzidos"",""recursos"",""expressivos"",""sonoros"",""estrofacao"",""rimas"",""aliteracoes""}","{""interpretar"",""poemas"",""efeitos"",""produzidos"",""recursos"",""expressivos""}","{""matematica""}",false,https://catalogobncc.github.io/metadados/2022/03/30/eflp,Importado dos metadados públicos do Catálogo BNCC. Revisar unidade temática e objeto de conhecimento na planilha oficial BNCC/MEC.
EF69LP49,Ensino Fundamental - Anos Finais,"6º ano; 7º ano; 8º ano; 9º ano",Linguagens,Língua Portuguesa,,,"Mostrar-se interessado e envolvido pela leitura de livros de literatura e por outras produções culturais do campo e receptivo a textos que rompam com seu universo de expectativas, que representem um desafio em relação às suas possibilidades atuais e suas experiências anteriores de leitura, apoiando-se nas marcas linguísticas, em seu conhecimento sobre os gêneros e a temática e nas orientações dadas pelo professor.","{""mostrar"",""interessado"",""envolvido"",""leitura"",""livros"",""literatura"",""outras"",""producoes"",""culturais"",""campo""}","{""mostrar"",""interessado"",""envolvido"",""leitura"",""livros"",""literatura""}","{""artes""}",false,https://catalogobncc.github.io/metadados/2022/03/30/eflp,Importado dos metadados públicos do Catálogo BNCC. Revisar unidade temática e objeto de conhecimento na planilha oficial BNCC/MEC.
EF69LP50,Ensino Fundamental - Anos Finais,"6º ano; 7º ano; 8º ano; 9º ano",Linguagens,Língua Portuguesa,,,"Elaborar texto teatral, a partir da adaptação de romances, contos, mitos, narrativas de enigma e de aventura, novelas, biografias romanceadas, crônicas, dentre outros, indicando as rubricas para caracterização do cenário, do espaço, do tempo; explicitando a caracterização física e psicológica dos personagens e dos seus modos de ação; reconfigurando a inserção do discurso direto e dos tipos de narrador; explicitando as marcas de variação linguística (dialetos, registros e jargões) e retextualizando o tratamento da temática.","{""texto"",""teatral"",""adaptacao"",""romances"",""contos"",""mitos"",""narrativas"",""enigma"",""aventura"",""novelas""}","{""texto"",""teatral"",""adaptacao"",""romances"",""contos"",""mitos""}",{},true,https://catalogobncc.github.io/metadados/2022/03/30/eflp,Importado dos metadados públicos do Catálogo BNCC. Revisar unidade temática e objeto de conhecimento na planilha oficial BNCC/MEC.
EF69LP51,Ensino Fundamental - Anos Finais,"6º ano; 7º ano; 8º ano; 9º ano",Linguagens,Língua Portuguesa,,,"Engajar-se ativamente nos processos de planejamento, textualização, revisão/ edição e reescrita, tendo em vista as restrições temáticas, composicionais e estilísticas dos textos pretendidos e as configurações da situação de produção – o leitor pretendido, o suporte, o contexto de circulação do texto, as finalidades etc. – e considerando a imaginação, a estesia e a verossimilhança próprias ao texto literário.","{""engajar"",""ativamente"",""processos"",""planejamento"",""textualizacao"",""revisao"",""edicao"",""reescrita"",""tendo"",""vista""}","{""engajar"",""ativamente"",""processos"",""planejamento"",""textualizacao"",""revisao""}",{},false,https://catalogobncc.github.io/metadados/2022/03/30/eflp,Importado dos metadados públicos do Catálogo BNCC. Revisar unidade temática e objeto de conhecimento na planilha oficial BNCC/MEC.
EF69LP52,Ensino Fundamental - Anos Finais,"6º ano; 7º ano; 8º ano; 9º ano",Linguagens,Língua Portuguesa,,,"Representar cenas ou textos dramáticos, considerando, na caracterização dos personagens, os aspectos linguísticos e paralinguísticos das falas (timbre e tom de voz, pausas e hesitações, entonação e expressividade, variedades e registros linguísticos), os gestos e os deslocamentos no espaço cênico, o figurino e a maquiagem e elaborando as rubricas indicadas pelo autor por meio do cenário, da trilha sonora e da exploração dos modos de interpretação.","{""representar"",""cenas"",""textos"",""dramaticos"",""considerando"",""caracterizacao"",""personagens"",""aspectos"",""linguisticos"",""paralinguisticos""}","{""representar"",""cenas"",""textos"",""dramaticos"",""considerando"",""caracterizacao""}","{""ciencia""}",true,https://catalogobncc.github.io/metadados/2022/03/30/eflp,Importado dos metadados públicos do Catálogo BNCC. Revisar unidade temática e objeto de conhecimento na planilha oficial BNCC/MEC.
EF69LP53,Ensino Fundamental - Anos Finais,"6º ano; 7º ano; 8º ano; 9º ano",Linguagens,Língua Portuguesa,,,"Ler em voz alta textos literários diversos – como contos de amor, de humor, de suspense, de terror; crônicas líricas, humorísticas, críticas; bem como leituras orais capituladas (compartilhadas ou não com o professor) de livros de maior extensão, como romances, narrativas de enigma, narrativas de aventura, literatura infantojuvenil, – contar/recontar histórias tanto da tradição oral (causos, contos de esperteza, contos de animais, contos de amor, contos de encantamento, piadas, dentre outros) quanto da tradição literária escrita, expressando a compreensão e interpretação do texto por meio de uma leitura ou fala expressiva e fluente, que respeite o ritmo, as pausas, as hesitações, a entonação indicados tanto pela pontuação quanto por outros recursos gráfico-editoriais, como negritos, itálicos, caixa-alta, ilustrações etc., gravando essa leitura ou esse conto/reconto, seja para análise posterior, seja para produção de audiobooks de textos literários diversos ou de podcasts de leituras dramáticas com ou sem efeitos especiais e ler e/ou declamar poemas diversos, tanto de forma livre quanto de forma fixa (como quadras, sonetos, liras, haicais etc.), empregando os recursos linguísticos, paralinguísticos e cinésicos necessários aos efeitos de sentido pretendidos, como o ritmo e a entonação, o emprego de pausas e prolongamentos, o tom e o timbre vocais, bem como eventuais recursos de gestualidade e pantomima que convenham ao gênero poético e à situação de compartilhamento em questão.","{""textos"",""literarios"",""contos"",""humor"",""suspense"",""terror"",""cronicas"",""liricas"",""humoristicas"",""criticas""}","{""textos"",""literarios"",""contos"",""humor"",""suspense"",""terror""}","{""matematica""}",false,https://catalogobncc.github.io/metadados/2022/03/30/eflp,Importado dos metadados públicos do Catálogo BNCC. Revisar unidade temática e objeto de conhecimento na planilha oficial BNCC/MEC.
EF69LP54,Ensino Fundamental - Anos Finais,"6º ano; 7º ano; 8º ano; 9º ano",Linguagens,Língua Portuguesa,,,"Analisar os efeitos de sentido decorrentes da interação entre os elementos linguísticos e os recursos paralinguísticos e cinésicos, como as variações no ritmo, as modulações no tom de voz, as pausas, as manipulações do estrato sonoro da linguagem, obtidos por meio da estrofação, das rimas e de figuras de linguagem como as aliterações, as assonâncias, as onomatopeias, dentre outras, a postura corporal e a gestualidade, na declamação de poemas, apresentações musicais e teatrais, tanto em gêneros em prosa quanto nos gêneros poéticos, os efeitos de sentido decorrentes do emprego de figuras de linguagem, tais como comparação, metáfora, personificação, metonímia, hipérbole, eufemismo, ironia, paradoxo e antítese e os efeitos de sentido decorrentes do emprego de palavras e expressões denotativas e conotativas (adjetivos, locuções adjetivas, orações subordinadas adjetivas etc.), que funcionam como modificadores, percebendo sua função na caracterização dos espaços, tempos, personagens e ações próprios de cada gênero narrativo.","{""efeitos"",""sentido"",""decorrentes"",""interacao"",""elementos"",""linguisticos"",""recursos"",""paralinguisticos"",""cinesicos"",""variacoes""}","{""efeitos"",""sentido"",""decorrentes"",""interacao"",""elementos"",""linguisticos""}","{""ciencia"",""artes""}",false,https://catalogobncc.github.io/metadados/2022/03/30/eflp,Importado dos metadados públicos do Catálogo BNCC. Revisar unidade temática e objeto de conhecimento na planilha oficial BNCC/MEC.
EF69LP55,Ensino Fundamental - Anos Finais,"6º ano; 7º ano; 8º ano; 9º ano",Linguagens,Língua Portuguesa,,,"Reconhecer as variedades da língua falada, o conceito de norma-padrão e o de preconceito linguístico.","{""variedades"",""lingua"",""falada"",""conceito"",""norma"",""padrao"",""preconceito"",""linguistico""}","{""variedades"",""lingua"",""falada"",""conceito"",""norma"",""padrao""}",{},false,https://catalogobncc.github.io/metadados/2022/03/30/eflp,Importado dos metadados públicos do Catálogo BNCC. Revisar unidade temática e objeto de conhecimento na planilha oficial BNCC/MEC.
EF69LP56,Ensino Fundamental - Anos Finais,"6º ano; 7º ano; 8º ano; 9º ano",Linguagens,Língua Portuguesa,,,Fazer uso consciente e reflexivo de regras e normas da norma-padrão em situações de fala e escrita nas quais ela deve ser usada.,"{""fazer"",""consciente"",""reflexivo"",""regras"",""normas"",""norma"",""padrao"",""situacoes"",""escrita"",""quais""}","{""fazer"",""consciente"",""reflexivo"",""regras"",""normas"",""norma""}",{},false,https://catalogobncc.github.io/metadados/2022/03/30/eflp,Importado dos metadados públicos do Catálogo BNCC. Revisar unidade temática e objeto de conhecimento na planilha oficial BNCC/MEC.
EF89EF01,Ensino Fundamental - Anos Finais,"8º ano; 9º ano",Linguagens,Educação Física,,,"Experimentar diferentes papéis (jogador, árbitro e técnico) e fruir os esportes de rede/parede, campo e taco, invasão e combate, valorizando o trabalho coletivo e o protagonismo.","{""experimentar"",""papeis"",""jogador"",""arbitro"",""tecnico"",""fruir"",""esportes"",""parede"",""campo"",""invasao""}","{""experimentar"",""papeis"",""jogador"",""arbitro"",""tecnico"",""fruir""}",{},false,https://catalogobncc.github.io/metadados/2022/03/30/efef,Importado dos metadados públicos do Catálogo BNCC. Revisar unidade temática e objeto de conhecimento na planilha oficial BNCC/MEC.
EF89EF02,Ensino Fundamental - Anos Finais,"8º ano; 9º ano",Linguagens,Educação Física,,,"Praticar um ou mais esportes de rede/parede, campo e taco, invasão e combate oferecidos pela escola, usando habilidades técnico-táticas básicas.","{""praticar"",""esportes"",""parede"",""campo"",""invasao"",""combate"",""oferecidos"",""escola"",""usando"",""habilidades""}","{""praticar"",""esportes"",""parede"",""campo"",""invasao"",""combate""}",{},false,https://catalogobncc.github.io/metadados/2022/03/30/efef,Importado dos metadados públicos do Catálogo BNCC. Revisar unidade temática e objeto de conhecimento na planilha oficial BNCC/MEC.
EF89EF03,Ensino Fundamental - Anos Finais,"8º ano; 9º ano",Linguagens,Educação Física,,,"Formular e utilizar estratégias para solucionar os desafios técnicos e táticos, tanto nos esportes de campo e taco, rede/parede, invasão e combate como nas modalidades esportivas escolhidas para praticar de forma específica.","{""formular"",""utilizar"",""estrategias"",""solucionar"",""desafios"",""tecnicos"",""taticos"",""tanto"",""esportes"",""campo""}","{""formular"",""utilizar"",""estrategias"",""solucionar"",""desafios"",""tecnicos""}",{},false,https://catalogobncc.github.io/metadados/2022/03/30/efef,Importado dos metadados públicos do Catálogo BNCC. Revisar unidade temática e objeto de conhecimento na planilha oficial BNCC/MEC.
EF89EF04,Ensino Fundamental - Anos Finais,"8º ano; 9º ano",Linguagens,Educação Física,,,"Identificar os elementos técnicos ou técnico-táticos individuais, combinações táticas, sistemas de jogo e regras das modalidades esportivas praticadas, bem como diferenciar as modalidades esportivas com base nos critérios da lógica interna das categorias de esporte: rede/parede, campo e taco, invasão e combate.","{""elementos"",""tecnicos"",""tecnico"",""taticos"",""individuais"",""combinacoes"",""taticas"",""sistemas"",""regras"",""modalidades""}","{""elementos"",""tecnicos"",""tecnico"",""taticos"",""individuais"",""combinacoes""}",{},false,https://catalogobncc.github.io/metadados/2022/03/30/efef,Importado dos metadados públicos do Catálogo BNCC. Revisar unidade temática e objeto de conhecimento na planilha oficial BNCC/MEC.
EF89EF05,Ensino Fundamental - Anos Finais,"8º ano; 9º ano",Linguagens,Educação Física,,,"Identificar as transformações históricas do fenômeno esportivo e discutir alguns de seus problemas (doping, corrupção, violência etc.) e a forma como as mídias os apresentam.","{""transformacoes"",""historicas"",""fenomeno"",""esportivo"",""alguns"",""problemas"",""doping"",""corrupcao"",""violencia"",""midias""}","{""transformacoes"",""historicas"",""fenomeno"",""esportivo"",""alguns"",""problemas""}","{""tecnologia""}",false,https://catalogobncc.github.io/metadados/2022/03/30/efef,Importado dos metadados públicos do Catálogo BNCC. Revisar unidade temática e objeto de conhecimento na planilha oficial BNCC/MEC.
EF89EF06,Ensino Fundamental - Anos Finais,"8º ano; 9º ano",Linguagens,Educação Física,,,"Verificar locais disponíveis na comunidade para a prática de esportes e das demais práticas corporais tematizadas na escola, propondo e produzindo alternativas para utilizá-los no tempo livre.","{""verificar"",""locais"",""disponiveis"",""comunidade"",""pratica"",""esportes"",""demais"",""praticas"",""corporais"",""tematizadas""}","{""verificar"",""locais"",""disponiveis"",""comunidade"",""pratica"",""esportes""}","{""ciencia""}",false,https://catalogobncc.github.io/metadados/2022/03/30/efef,Importado dos metadados públicos do Catálogo BNCC. Revisar unidade temática e objeto de conhecimento na planilha oficial BNCC/MEC.
EF89EF07,Ensino Fundamental - Anos Finais,"8º ano; 9º ano",Linguagens,Educação Física,,,"Experimentar e fruir um ou mais programas de exercícios físicos, identificando as exigências corporais desses diferentes programas e reconhecendo a importância de uma prática individualizada, adequada às características e necessidades de cada sujeito.","{""experimentar"",""fruir"",""programas"",""exercicios"",""fisicos"",""identificando"",""exigencias"",""corporais"",""desses"",""reconhecendo""}","{""experimentar"",""fruir"",""programas"",""exercicios"",""fisicos"",""identificando""}","{""ciencia""}",false,https://catalogobncc.github.io/metadados/2022/03/30/efef,Importado dos metadados públicos do Catálogo BNCC. Revisar unidade temática e objeto de conhecimento na planilha oficial BNCC/MEC.
EF89EF08,Ensino Fundamental - Anos Finais,"8º ano; 9º ano",Linguagens,Educação Física,,,"Discutir as transformações históricas dos padrões de desempenho, saúde e beleza, considerando a forma como são apresentados nos diferentes meios (científico, midiático etc.).","{""transformacoes"",""historicas"",""padroes"",""desempenho"",""saude"",""beleza"",""considerando"",""apresentados"",""cientifico"",""midiatico""}","{""transformacoes"",""historicas"",""padroes"",""desempenho"",""saude"",""beleza""}","{""ciencia"",""tecnologia""}",false,https://catalogobncc.github.io/metadados/2022/03/30/efef,Importado dos metadados públicos do Catálogo BNCC. Revisar unidade temática e objeto de conhecimento na planilha oficial BNCC/MEC.
EF89EF09,Ensino Fundamental - Anos Finais,"8º ano; 9º ano",Linguagens,Educação Física,,,Problematizar a prática excessiva de exercícios físicos e o uso de medicamentos para a ampliação do rendimento ou potencialização das transformações corporais.,"{""problematizar"",""pratica"",""excessiva"",""exercicios"",""fisicos"",""medicamentos"",""ampliacao"",""rendimento"",""potencializacao"",""transformacoes""}","{""problematizar"",""pratica"",""excessiva"",""exercicios"",""fisicos"",""medicamentos""}","{""ciencia""}",false,https://catalogobncc.github.io/metadados/2022/03/30/efef,Importado dos metadados públicos do Catálogo BNCC. Revisar unidade temática e objeto de conhecimento na planilha oficial BNCC/MEC.
EF89EF10,Ensino Fundamental - Anos Finais,"8º ano; 9º ano",Linguagens,Educação Física,,,"Experimentar e fruir um ou mais tipos de ginástica de conscientização corporal, identificando as exigências corporais dos mesmos.","{""experimentar"",""fruir"",""tipos"",""ginastica"",""conscientizacao"",""corporal"",""identificando"",""exigencias"",""corporais"",""mesmos""}","{""experimentar"",""fruir"",""tipos"",""ginastica"",""conscientizacao"",""corporal""}","{""ciencia""}",false,https://catalogobncc.github.io/metadados/2022/03/30/efef,Importado dos metadados públicos do Catálogo BNCC. Revisar unidade temática e objeto de conhecimento na planilha oficial BNCC/MEC.
EF89EF11,Ensino Fundamental - Anos Finais,"8º ano; 9º ano",Linguagens,Educação Física,,,"Identificar as diferenças e semelhanças entre a ginástica de conscientização corporal e as de condicionamento físico e discutir como a prática de cada uma dessas manifestações pode contribuir para a melhoria das condições de vida, saúde, bem-estar e cuidado consigo mesmo.","{""diferencas"",""semelhancas"",""ginastica"",""conscientizacao"",""corporal"",""condicionamento"",""fisico"",""pratica"",""dessas"",""manifestacoes""}","{""diferencas"",""semelhancas"",""ginastica"",""conscientizacao"",""corporal"",""condicionamento""}","{""ciencia""}",false,https://catalogobncc.github.io/metadados/2022/03/30/efef,Importado dos metadados públicos do Catálogo BNCC. Revisar unidade temática e objeto de conhecimento na planilha oficial BNCC/MEC.
EF89EF12,Ensino Fundamental - Anos Finais,"8º ano; 9º ano",Linguagens,Educação Física,,,"Experimentar, fruir e recriar danças de salão, valorizando a diversidade cultural e respeitando a tradição dessas culturas.","{""experimentar"",""fruir"",""recriar"",""dancas"",""salao"",""valorizando"",""diversidade"",""cultural"",""respeitando"",""tradicao""}","{""experimentar"",""fruir"",""recriar"",""dancas"",""salao"",""valorizando""}","{""artes""}",true,https://catalogobncc.github.io/metadados/2022/03/30/efef,Importado dos metadados públicos do Catálogo BNCC. Revisar unidade temática e objeto de conhecimento na planilha oficial BNCC/MEC.
EF89EF13,Ensino Fundamental - Anos Finais,"8º ano; 9º ano",Linguagens,Educação Física,,,"Planejar e utilizar estratégias para se apropriar dos elementos constitutivos (ritmo, espaço, gestos) das danças de salão.","{""planejar"",""utilizar"",""estrategias"",""apropriar"",""elementos"",""constitutivos"",""ritmo"",""espaco"",""gestos"",""dancas""}","{""planejar"",""utilizar"",""estrategias"",""apropriar"",""elementos"",""constitutivos""}","{""artes""}",true,https://catalogobncc.github.io/metadados/2022/03/30/efef,Importado dos metadados públicos do Catálogo BNCC. Revisar unidade temática e objeto de conhecimento na planilha oficial BNCC/MEC.
EF89EF14,Ensino Fundamental - Anos Finais,"8º ano; 9º ano",Linguagens,Educação Física,,,Discutir estereótipos e preconceitos relativos às danças de salão e demais práticas corporais e propor alternativas para sua superação.,"{""estereotipos"",""preconceitos"",""relativos"",""dancas"",""salao"",""demais"",""praticas"",""corporais"",""propor"",""alternativas""}","{""estereotipos"",""preconceitos"",""relativos"",""dancas"",""salao"",""demais""}","{""ciencia"",""artes""}",true,https://catalogobncc.github.io/metadados/2022/03/30/efef,Importado dos metadados públicos do Catálogo BNCC. Revisar unidade temática e objeto de conhecimento na planilha oficial BNCC/MEC.
EF89EF15,Ensino Fundamental - Anos Finais,"8º ano; 9º ano",Linguagens,Educação Física,,,"Analisar as características (ritmos, gestos, coreografias e músicas) das danças de salão, bem como suas transformações históricas e os grupos de origem.","{""caracteristicas"",""ritmos"",""gestos"",""coreografias"",""musicas"",""dancas"",""salao"",""transformacoes"",""historicas"",""grupos""}","{""caracteristicas"",""ritmos"",""gestos"",""coreografias"",""musicas"",""dancas""}","{""artes""}",false,https://catalogobncc.github.io/metadados/2022/03/30/efef,Importado dos metadados públicos do Catálogo BNCC. Revisar unidade temática e objeto de conhecimento na planilha oficial BNCC/MEC.
EF89EF16,Ensino Fundamental - Anos Finais,"8º ano; 9º ano",Linguagens,Educação Física,,,"Experimentar e fruir a execução dos movimentos pertencentes às lutas do mundo, adotando procedimentos de segurança e respeitando o oponente.","{""experimentar"",""fruir"",""execucao"",""movimentos"",""pertencentes"",""lutas"",""mundo"",""adotando"",""procedimentos"",""seguranca""}","{""experimentar"",""fruir"",""execucao"",""movimentos"",""pertencentes"",""lutas""}",{},false,https://catalogobncc.github.io/metadados/2022/03/30/efef,Importado dos metadados públicos do Catálogo BNCC. Revisar unidade temática e objeto de conhecimento na planilha oficial BNCC/MEC.
EF89EF17,Ensino Fundamental - Anos Finais,"8º ano; 9º ano",Linguagens,Educação Física,,,"Planejar e utilizar estratégias básicas das lutas experimentadas, reconhecendo as suas características técnico-táticas.","{""planejar"",""utilizar"",""estrategias"",""basicas"",""lutas"",""experimentadas"",""reconhecendo"",""caracteristicas"",""tecnico"",""taticas""}","{""planejar"",""utilizar"",""estrategias"",""basicas"",""lutas"",""experimentadas""}",{},true,https://catalogobncc.github.io/metadados/2022/03/30/efef,Importado dos metadados públicos do Catálogo BNCC. Revisar unidade temática e objeto de conhecimento na planilha oficial BNCC/MEC.
EF89EF18,Ensino Fundamental - Anos Finais,"8º ano; 9º ano",Linguagens,Educação Física,,,"Discutir as transformações históricas, o processo de esportivização e a midiatização de uma ou mais lutas, valorizando e respeitando as culturas de origem.","{""transformacoes"",""historicas"",""processo"",""esportivizacao"",""midiatizacao"",""lutas"",""valorizando"",""respeitando"",""culturas"",""origem""}","{""transformacoes"",""historicas"",""processo"",""esportivizacao"",""midiatizacao"",""lutas""}","{""tecnologia"",""artes""}",false,https://catalogobncc.github.io/metadados/2022/03/30/efef,Importado dos metadados públicos do Catálogo BNCC. Revisar unidade temática e objeto de conhecimento na planilha oficial BNCC/MEC.
EF89EF19,Ensino Fundamental - Anos Finais,"8º ano; 9º ano",Linguagens,Educação Física,,,"Experimentar e fruir diferentes práticas corporais de aventura na natureza, valorizando a própria segurança e integridade física, bem como as dos demais, respeitando o patrimônio natural e minimizando os impactos de degradação ambiental.","{""experimentar"",""fruir"",""praticas"",""corporais"",""aventura"",""natureza"",""valorizando"",""propria"",""seguranca"",""integridade""}","{""experimentar"",""fruir"",""praticas"",""corporais"",""aventura"",""natureza""}","{""ciencia""}",false,https://catalogobncc.github.io/metadados/2022/03/30/efef,Importado dos metadados públicos do Catálogo BNCC. Revisar unidade temática e objeto de conhecimento na planilha oficial BNCC/MEC.
EF89EF20,Ensino Fundamental - Anos Finais,"8º ano; 9º ano",Linguagens,Educação Física,,,"Identificar riscos, formular estratégias e observar normas de segurança para superar os desafios na realização de práticas corporais de aventura na natureza.","{""riscos"",""formular"",""estrategias"",""observar"",""normas"",""seguranca"",""superar"",""desafios"",""realizacao"",""praticas""}","{""riscos"",""formular"",""estrategias"",""observar"",""normas"",""seguranca""}","{""ciencia""}",false,https://catalogobncc.github.io/metadados/2022/03/30/efef,Importado dos metadados públicos do Catálogo BNCC. Revisar unidade temática e objeto de conhecimento na planilha oficial BNCC/MEC.
EF89EF21,Ensino Fundamental - Anos Finais,"8º ano; 9º ano",Linguagens,Educação Física,,,"Identificar as características (equipamentos de segurança, instrumentos, indumentária, organização) das práticas corporais de aventura na natureza, bem como suas transformações históricas.","{""caracteristicas"",""equipamentos"",""seguranca"",""instrumentos"",""indumentaria"",""organizacao"",""praticas"",""corporais"",""aventura"",""natureza""}","{""caracteristicas"",""equipamentos"",""seguranca"",""instrumentos"",""indumentaria"",""organizacao""}","{""ciencia""}",false,https://catalogobncc.github.io/metadados/2022/03/30/efef,Importado dos metadados públicos do Catálogo BNCC. Revisar unidade temática e objeto de conhecimento na planilha oficial BNCC/MEC.
EF89LP01,Ensino Fundamental - Anos Finais,"8º ano; 9º ano",Linguagens,Língua Portuguesa,,,"Analisar os interesses que movem o campo jornalístico, os efeitos das novas tecnologias no campo e as condições que fazem da informação uma mercadoria, de forma a poder desenvolver uma atitude crítica frente aos textos jornalísticos.","{""interesses"",""movem"",""campo"",""jornalistico"",""efeitos"",""novas"",""tecnologias"",""condicoes"",""fazem"",""informacao""}","{""interesses"",""movem"",""campo"",""jornalistico"",""efeitos"",""novas""}","{""tecnologia""}",true,https://catalogobncc.github.io/metadados/2022/03/30/eflp,Importado dos metadados públicos do Catálogo BNCC. Revisar unidade temática e objeto de conhecimento na planilha oficial BNCC/MEC.
EF89LP02,Ensino Fundamental - Anos Finais,"8º ano; 9º ano",Linguagens,Língua Portuguesa,,,"Analisar diferentes práticas (curtir, compartilhar, comentar, curar etc.) e textos pertencentes a diferentes gêneros da cultura digital (meme, gif, comentário, charge digital etc.) envolvidos no trato com a informação e opinião, de forma a possibilitar uma presença mais crítica e ética nas redes.","{""praticas"",""curtir"",""compartilhar"",""comentar"",""curar"",""textos"",""pertencentes"",""generos"",""cultura"",""digital""}","{""praticas"",""curtir"",""compartilhar"",""comentar"",""curar"",""textos""}","{""tecnologia"",""artes""}",false,https://catalogobncc.github.io/metadados/2022/03/30/eflp,Importado dos metadados públicos do Catálogo BNCC. Revisar unidade temática e objeto de conhecimento na planilha oficial BNCC/MEC.
EF89LP03,Ensino Fundamental - Anos Finais,"8º ano; 9º ano",Linguagens,Língua Portuguesa,,,"Analisar textos de opinião (artigos de opinião, editoriais, cartas de leitores, comentários, posts de blog e de redes sociais, charges, memes, gifs etc.) e posicionar-se de forma crítica e fundamentada, ética e respeitosa frente a fatos e opiniões relacionados a esses textos.","{""textos"",""opiniao"",""artigos"",""editoriais"",""cartas"",""leitores"",""comentarios"",""posts"",""redes"",""sociais""}","{""textos"",""opiniao"",""artigos"",""editoriais"",""cartas"",""leitores""}",{},false,https://catalogobncc.github.io/metadados/2022/03/30/eflp,Importado dos metadados públicos do Catálogo BNCC. Revisar unidade temática e objeto de conhecimento na planilha oficial BNCC/MEC.
EF89LP04,Ensino Fundamental - Anos Finais,"8º ano; 9º ano",Linguagens,Língua Portuguesa,,,"Identificar e avaliar teses/opiniões/posicionamentos explícitos e implícitos, argumentos e contra-argumentos em textos argumentativos do campo (carta de leitor, comentário, artigo de opinião, resenha crítica etc.), posicionando-se frente à questão controversa de forma sustentada.","{""avaliar"",""teses"",""opinioes"",""posicionamentos"",""explicitos"",""implicitos"",""argumentos"",""contra"",""textos"",""argumentativos""}","{""avaliar"",""teses"",""opinioes"",""posicionamentos"",""explicitos"",""implicitos""}","{""ciencia""}",false,https://catalogobncc.github.io/metadados/2022/03/30/eflp,Importado dos metadados públicos do Catálogo BNCC. Revisar unidade temática e objeto de conhecimento na planilha oficial BNCC/MEC.
EF89LP05,Ensino Fundamental - Anos Finais,"8º ano; 9º ano",Linguagens,Língua Portuguesa,,,"Analisar o efeito de sentido produzido pelo uso, em textos, de recurso a formas de apropriação textual (paráfrases, citações, discurso direto, indireto ou indireto livre).","{""efeito"",""sentido"",""produzido"",""textos"",""recurso"",""apropriacao"",""textual"",""parafrases"",""citacoes"",""discurso""}","{""efeito"",""sentido"",""produzido"",""textos"",""recurso"",""apropriacao""}",{},false,https://catalogobncc.github.io/metadados/2022/03/30/eflp,Importado dos metadados públicos do Catálogo BNCC. Revisar unidade temática e objeto de conhecimento na planilha oficial BNCC/MEC.
EF89LP06,Ensino Fundamental - Anos Finais,"8º ano; 9º ano",Linguagens,Língua Portuguesa,,,"Analisar o uso de recursos persuasivos em textos argumentativos diversos (como a elaboração do título, escolhas lexicais, construções metafóricas, a explicitação ou a ocultação de fontes de informação) e seus efeitos de sentido.","{""recursos"",""persuasivos"",""textos"",""argumentativos"",""elaboracao"",""titulo"",""escolhas"",""lexicais"",""construcoes"",""metaforicas""}","{""recursos"",""persuasivos"",""textos"",""argumentativos"",""elaboracao"",""titulo""}","{""engenharia""}",true,https://catalogobncc.github.io/metadados/2022/03/30/eflp,Importado dos metadados públicos do Catálogo BNCC. Revisar unidade temática e objeto de conhecimento na planilha oficial BNCC/MEC.
EF89LP07,Ensino Fundamental - Anos Finais,"8º ano; 9º ano",Linguagens,Língua Portuguesa,,,"Analisar, em notícias, reportagens e peças publicitárias em várias mídias, os efeitos de sentido devidos ao tratamento e à composição dos elementos nas imagens em movimento, à performance, à montagem feita (ritmo, duração e sincronização entre as linguagens – complementaridades, interferências etc.) e ao ritmo, melodia, instrumentos e sampleamentos das músicas e efeitos sonoros.","{""noticias"",""reportagens"",""pecas"",""publicitarias"",""varias"",""midias"",""efeitos"",""sentido"",""devidos"",""tratamento""}","{""noticias"",""reportagens"",""pecas"",""publicitarias"",""varias"",""midias""}","{""tecnologia"",""artes""}",false,https://catalogobncc.github.io/metadados/2022/03/30/eflp,Importado dos metadados públicos do Catálogo BNCC. Revisar unidade temática e objeto de conhecimento na planilha oficial BNCC/MEC.
EF89LP08,Ensino Fundamental - Anos Finais,"8º ano; 9º ano",Linguagens,Língua Portuguesa,,,"Planejar reportagem impressa e em outras mídias (rádio ou TV/vídeo, sites), tendo em vista as condições de produção do texto – objetivo, leitores/espectadores, veículos e mídia de circulação etc. – a partir da escolha do fato a ser aprofundado ou do tema a ser focado (de relevância para a turma, escola ou comunidade), do levantamento de dados e informações sobre o fato ou tema – que pode envolver entrevistas com envolvidos ou com especialistas, consultas a fontes diversas, análise de documentos, cobertura de eventos etc. -, do registro dessas informações e dados, da escolha de fotos ou imagens a produzir ou a utilizar etc., da produção de infográficos, quando for o caso, e da organização hipertextual (no caso a publicação em sites ou blogs noticiosos ou mesmo de jornais impressos, por meio de boxes variados).","{""planejar"",""reportagem"",""impressa"",""outras"",""midias"",""radio"",""video"",""sites"",""tendo"",""vista""}","{""planejar"",""reportagem"",""impressa"",""outras"",""midias"",""radio""}","{""tecnologia"",""matematica""}",true,https://catalogobncc.github.io/metadados/2022/03/30/eflp,Importado dos metadados públicos do Catálogo BNCC. Revisar unidade temática e objeto de conhecimento na planilha oficial BNCC/MEC.
EF89LP09,Ensino Fundamental - Anos Finais,"8º ano; 9º ano",Linguagens,Língua Portuguesa,,,"Produzir reportagem impressa, com título, linha fina (optativa), organização composicional (expositiva, interpretativa e/ou opinativa), progressão temática e uso de recursos linguísticos compatíveis com as escolhas feitas e reportagens multimidiáticas, tendo em vista as condições de produção, as características do gênero, os recursos e mídias disponíveis, sua organização hipertextual e o manejo adequado de recursos de captação e edição de áudio e imagem e adequação à norma-padrão.","{""reportagem"",""impressa"",""titulo"",""linha"",""optativa"",""organizacao"",""composicional"",""expositiva"",""interpretativa"",""opinativa""}","{""reportagem"",""impressa"",""titulo"",""linha"",""optativa"",""organizacao""}","{""tecnologia"",""artes""}",true,https://catalogobncc.github.io/metadados/2022/03/30/eflp,Importado dos metadados públicos do Catálogo BNCC. Revisar unidade temática e objeto de conhecimento na planilha oficial BNCC/MEC.
EF89LP10,Ensino Fundamental - Anos Finais,"8º ano; 9º ano",Linguagens,Língua Portuguesa,,,"Planejar artigos de opinião, tendo em vista as condições de produção do texto – objetivo, leitores/espectadores, veículos e mídia de circulação etc. –, a partir da escolha do tema ou questão a ser discutido(a), da relevância para a turma, escola ou comunidade, do levantamento de dados e informações sobre a questão, de argumentos relacionados a diferentes posicionamentos em jogo, da definição – o que pode envolver consultas a fontes diversas, entrevistas com especialistas, análise de textos, organização esquemática das informações e argumentos – dos (tipos de) argumentos e estratégias que pretende utilizar para convencer os leitores.","{""planejar"",""artigos"",""opiniao"",""tendo"",""vista"",""condicoes"",""producao"",""texto"",""objetivo"",""leitores""}","{""planejar"",""artigos"",""opiniao"",""tendo"",""vista"",""condicoes""}","{""tecnologia""}",true,https://catalogobncc.github.io/metadados/2022/03/30/eflp,Importado dos metadados públicos do Catálogo BNCC. Revisar unidade temática e objeto de conhecimento na planilha oficial BNCC/MEC.
EF89LP11,Ensino Fundamental - Anos Finais,"8º ano; 9º ano",Linguagens,Língua Portuguesa,,,"Produzir, revisar e editar peças e campanhas publicitárias, envolvendo o uso articulado e complementar de diferentes peças publicitárias: cartaz, banner, indoor, folheto, panfleto, anúncio de jornal/revista, para internet, spot, propaganda de rádio, TV, a partir da escolha da questão/problema/causa significativa para a escola e/ou a comunidade escolar, da definição do público-alvo, das peças que serão produzidas, das estratégias de persuasão e convencimento que serão utilizadas.","{""revisar"",""editar"",""pecas"",""campanhas"",""publicitarias"",""envolvendo"",""articulado"",""complementar"",""cartaz"",""banner""}","{""revisar"",""editar"",""pecas"",""campanhas"",""publicitarias"",""envolvendo""}",{},true,https://catalogobncc.github.io/metadados/2022/03/30/eflp,Importado dos metadados públicos do Catálogo BNCC. Revisar unidade temática e objeto de conhecimento na planilha oficial BNCC/MEC.
EF89LP12,Ensino Fundamental - Anos Finais,"8º ano; 9º ano",Linguagens,Língua Portuguesa,,,"Planejar coletivamente a realização de um debate sobre tema previamente definido, de interesse coletivo, com regras acordadas e planejar, em grupo, participação em debate a partir do levantamento de informações e argumentos que possam sustentar o posicionamento a ser defendido (o que pode envolver entrevistas com especialistas, consultas a fontes diversas, o registro das informações e dados obtidos etc.), tendo em vista as condições de produção do debate – perfil dos ouvintes e demais participantes, objetivos do debate, motivações para sua realização, argumentos e estratégias de convencimento mais eficazes etc. e participar de debates regrados, na condição de membro de uma equipe de debatedor, apresentador/mediador, espectador (com ou sem direito a perguntas), e/ou de juiz/avaliador, como forma de compreender o funcionamento do debate, e poder participar de forma convincente, ética, respeitosa e crítica e desenvolver uma atitude de respeito e diálogo para com as ideias divergentes.","{""planejar"",""coletivamente"",""realizacao"",""debate"",""previamente"",""definido"",""interesse"",""coletivo"",""regras"",""acordadas""}","{""planejar"",""coletivamente"",""realizacao"",""debate"",""previamente"",""definido""}","{""ciencia"",""tecnologia""}",true,https://catalogobncc.github.io/metadados/2022/03/30/eflp,Importado dos metadados públicos do Catálogo BNCC. Revisar unidade temática e objeto de conhecimento na planilha oficial BNCC/MEC.
EF89LP13,Ensino Fundamental - Anos Finais,"8º ano; 9º ano",Linguagens,Língua Portuguesa,,,"Planejar entrevistas orais com pessoas ligadas ao fato noticiado, especialistas etc., como forma de obter dados e informações sobre os fatos cobertos sobre o tema ou questão discutida ou temáticas em estudo, levando em conta o gênero e seu contexto de produção, partindo do levantamento de informações sobre o entrevistado e sobre a temática e da elaboração de um roteiro de perguntas, garantindo a relevância das informações mantidas e a continuidade temática, realizar entrevista e fazer edição em áudio ou vídeo, incluindo uma contextualização inicial e uma fala de encerramento para publicação da entrevista isoladamente ou como parte integrante de reportagem multimidiática, adequando-a a seu contexto de publicação e garantindo a relevância das informações mantidas e a continuidade temática.","{""planejar"",""entrevistas"",""orais"",""pessoas"",""ligadas"",""noticiado"",""especialistas"",""obter"",""dados"",""informacoes""}","{""planejar"",""entrevistas"",""orais"",""pessoas"",""ligadas"",""noticiado""}","{""tecnologia"",""artes""}",true,https://catalogobncc.github.io/metadados/2022/03/30/eflp,Importado dos metadados públicos do Catálogo BNCC. Revisar unidade temática e objeto de conhecimento na planilha oficial BNCC/MEC.
EF89LP14,Ensino Fundamental - Anos Finais,"8º ano; 9º ano",Linguagens,Língua Portuguesa,,,"Analisar, em textos argumentativos e propositivos, os movimentos argumentativos de sustentação, refutação e negociação e os tipos de argumentos, avaliando a força/tipo dos argumentos utilizados.","{""textos"",""argumentativos"",""propositivos"",""movimentos"",""sustentacao"",""refutacao"",""negociacao"",""tipos"",""argumentos"",""avaliando""}","{""textos"",""argumentativos"",""propositivos"",""movimentos"",""sustentacao"",""refutacao""}","{""ciencia""}",false,https://catalogobncc.github.io/metadados/2022/03/30/eflp,Importado dos metadados públicos do Catálogo BNCC. Revisar unidade temática e objeto de conhecimento na planilha oficial BNCC/MEC.
EF89LP15,Ensino Fundamental - Anos Finais,"8º ano; 9º ano",Linguagens,Língua Portuguesa,,,"Utilizar, nos debates, operadores argumentativos que marcam a defesa de ideia e de diálogo com a tese do outro: concordo, discordo, concordo parcialmente, do meu ponto de vista, na perspectiva aqui assumida etc.","{""utilizar"",""debates"",""operadores"",""argumentativos"",""marcam"",""defesa"",""ideia"",""dialogo"",""outro"",""concordo""}","{""utilizar"",""debates"",""operadores"",""argumentativos"",""marcam"",""defesa""}",{},false,https://catalogobncc.github.io/metadados/2022/03/30/eflp,Importado dos metadados públicos do Catálogo BNCC. Revisar unidade temática e objeto de conhecimento na planilha oficial BNCC/MEC.
EF89LP16,Ensino Fundamental - Anos Finais,"8º ano; 9º ano",Linguagens,Língua Portuguesa,,,"Analisar a modalização realizada em textos noticiosos e argumentativos, por meio das modalidades apreciativas, viabilizadas por classes e estruturas gramaticais como adjetivos, locuções adjetivas, advérbios, locuções adverbiais, orações adjetivas e adverbiais, orações relativas restritivas e explicativas etc., de maneira a perceber a apreciação ideológica sobre os fatos noticiados ou as posições implícitas ou assumidas.","{""modalizacao"",""realizada"",""textos"",""noticiosos"",""argumentativos"",""modalidades"",""apreciativas"",""viabilizadas"",""classes"",""estruturas""}","{""modalizacao"",""realizada"",""textos"",""noticiosos"",""argumentativos"",""modalidades""}","{""engenharia""}",false,https://catalogobncc.github.io/metadados/2022/03/30/eflp,Importado dos metadados públicos do Catálogo BNCC. Revisar unidade temática e objeto de conhecimento na planilha oficial BNCC/MEC.
EF89LP17,Ensino Fundamental - Anos Finais,"8º ano; 9º ano",Linguagens,Língua Portuguesa,,,"Relacionar textos e documentos legais e normativos de importância universal, nacional ou local que envolvam direitos, em especial, de crianças, adolescentes e jovens – tais como a Declaração dos Direitos Humanos, a Constituição Brasileira, o ECA -, e a regulamentação da organização escolar – por exemplo, regimento escolar -, a seus contextos de produção, reconhecendo e analisando possíveis motivações, finalidades e sua vinculação com experiências humanas e fatos históricos e sociais, como forma de ampliar a compreensão dos direitos e deveres, de fomentar os princípios democráticos e uma atuação pautada pela ética da responsabilidade (o outro tem direito a uma vida digna tanto quanto eu tenho).","{""relacionar"",""textos"",""documentos"",""legais"",""normativos"",""importancia"",""universal"",""nacional"",""local"",""envolvam""}","{""relacionar"",""textos"",""documentos"",""legais"",""normativos"",""importancia""}","{""ciencia""}",false,https://catalogobncc.github.io/metadados/2022/03/30/eflp,Importado dos metadados públicos do Catálogo BNCC. Revisar unidade temática e objeto de conhecimento na planilha oficial BNCC/MEC.
EF89LP18,Ensino Fundamental - Anos Finais,"8º ano; 9º ano",Linguagens,Língua Portuguesa,,,"Explorar e analisar instâncias e canais de participação disponíveis na escola (conselho de escola, outros colegiados, grêmio livre), na comunidade (associações, coletivos, movimentos, etc.), no munícipio ou no país, incluindo formas de participação digital, como canais e plataformas de participação (como portal e-cidadania), serviços, portais e ferramentas de acompanhamentos do trabalho de políticos e de tramitação de leis, canais de educação política, bem como de propostas e proposições que circulam nesses canais, de forma a participar do debate de ideias e propostas na esfera social e a engajar-se com a busca de soluções para problemas ou questões que envolvam a vida da escola e da comunidade.","{""explorar"",""instancias"",""canais"",""participacao"",""disponiveis"",""escola"",""conselho"",""outros"",""colegiados"",""gremio""}","{""explorar"",""instancias"",""canais"",""participacao"",""disponiveis"",""escola""}","{""ciencia"",""tecnologia""}",false,https://catalogobncc.github.io/metadados/2022/03/30/eflp,Importado dos metadados públicos do Catálogo BNCC. Revisar unidade temática e objeto de conhecimento na planilha oficial BNCC/MEC.
EF89LP19,Ensino Fundamental - Anos Finais,"8º ano; 9º ano",Linguagens,Língua Portuguesa,,,"Analisar, a partir do contexto de produção, a forma de organização das cartas abertas, abaixo-assinados e petições on-line (identificação dos signatários, explicitação da reivindicação feita, acompanhada ou não de uma breve apresentação da problemática e/ou de justificativas que visam sustentar a reivindicação) e a proposição, discussão e aprovação de propostas políticas ou de soluções para problemas de interesse público, apresentadas ou lidas nos canais digitais de participação, identificando suas marcas linguísticas, como forma de possibilitar a escrita ou subscrição consciente de abaixo-assinados e textos dessa natureza e poder se posicionar de forma crítica e fundamentada frente às propostas","{""contexto"",""producao"",""organizacao"",""cartas"",""abertas"",""abaixo"",""assinados"",""peticoes"",""identificacao"",""signatarios""}","{""contexto"",""producao"",""organizacao"",""cartas"",""abertas"",""abaixo""}","{""ciencia""}",false,https://catalogobncc.github.io/metadados/2022/03/30/eflp,Importado dos metadados públicos do Catálogo BNCC. Revisar unidade temática e objeto de conhecimento na planilha oficial BNCC/MEC.
EF89LP20,Ensino Fundamental - Anos Finais,"8º ano; 9º ano",Linguagens,Língua Portuguesa,,,"Comparar propostas políticas e de solução de problemas, identificando o que se pretende fazer/implementar, por que (motivações, justificativas), para que (objetivos, benefícios e consequências esperados), como (ações e passos), quando etc. e a forma de avaliar a eficácia da proposta/solução, contrastando dados e informações de diferentes fontes, identificando coincidências, complementaridades e contradições, de forma a poder compreender e posicionar-se criticamente sobre os dados e informações usados em fundamentação de propostas e analisar a coerência entre os elementos, de forma a tomar decisões fundamentadas.","{""propostas"",""politicas"",""solucao"",""problemas"",""identificando"",""pretende"",""fazer"",""implementar"",""motivacoes"",""justificativas""}","{""propostas"",""politicas"",""solucao"",""problemas"",""identificando"",""pretende""}","{""tecnologia"",""engenharia""}",true,https://catalogobncc.github.io/metadados/2022/03/30/eflp,Importado dos metadados públicos do Catálogo BNCC. Revisar unidade temática e objeto de conhecimento na planilha oficial BNCC/MEC.
EF89LP21,Ensino Fundamental - Anos Finais,"8º ano; 9º ano",Linguagens,Língua Portuguesa,,,"Realizar enquetes e pesquisas de opinião, de forma a levantar prioridades, problemas a resolver ou propostas que possam contribuir para melhoria da escola ou da comunidade, caracterizar demanda/necessidade, documentando-a de diferentes maneiras por meio de diferentes procedimentos, gêneros e mídias e, quando for o caso, selecionar informações e dados relevantes de fontes pertinentes diversas (sites, impressos, vídeos etc.), avaliando a qualidade e a utilidade dessas fontes, que possam servir de contextualização e fundamentação de propostas, de forma a justificar a proposição de propostas, projetos culturais e ações de intervenção.","{""realizar"",""enquetes"",""pesquisas"",""opiniao"",""levantar"",""prioridades"",""problemas"",""propostas"",""possam"",""contribuir""}","{""realizar"",""enquetes"",""pesquisas"",""opiniao"",""levantar"",""prioridades""}","{""tecnologia"",""engenharia"",""artes""}",false,https://catalogobncc.github.io/metadados/2022/03/30/eflp,Importado dos metadados públicos do Catálogo BNCC. Revisar unidade temática e objeto de conhecimento na planilha oficial BNCC/MEC.
EF89LP22,Ensino Fundamental - Anos Finais,"8º ano; 9º ano",Linguagens,Língua Portuguesa,,,"Compreender e comparar as diferentes posições e interesses em jogo em uma discussão ou apresentação de propostas, avaliando a validade e força dos argumentos e as consequências do que está sendo proposto e, quando for o caso, formular e negociar propostas de diferentes naturezas relativas a interesses coletivos envolvendo a escola ou comunidade escolar.","{""posicoes"",""interesses"",""discussao"",""apresentacao"",""propostas"",""avaliando"",""validade"",""forca"",""argumentos"",""consequencias""}","{""posicoes"",""interesses"",""discussao"",""apresentacao"",""propostas"",""avaliando""}","{""ciencia""}",false,https://catalogobncc.github.io/metadados/2022/03/30/eflp,Importado dos metadados públicos do Catálogo BNCC. Revisar unidade temática e objeto de conhecimento na planilha oficial BNCC/MEC.
EF89LP23,Ensino Fundamental - Anos Finais,"8º ano; 9º ano",Linguagens,Língua Portuguesa,,,"Analisar, em textos argumentativos, reivindicatórios e propositivos, os movimentos argumentativos utilizados (sustentação, refutação e negociação), avaliando a força dos argumentos utilizados.","{""textos"",""argumentativos"",""reivindicatorios"",""propositivos"",""movimentos"",""utilizados"",""sustentacao"",""refutacao"",""negociacao"",""avaliando""}","{""textos"",""argumentativos"",""reivindicatorios"",""propositivos"",""movimentos"",""utilizados""}","{""ciencia""}",false,https://catalogobncc.github.io/metadados/2022/03/30/eflp,Importado dos metadados públicos do Catálogo BNCC. Revisar unidade temática e objeto de conhecimento na planilha oficial BNCC/MEC.
EF89LP24,Ensino Fundamental - Anos Finais,"8º ano; 9º ano",Linguagens,Língua Portuguesa,,,"Realizar pesquisa, estabelecendo o recorte das questões, usando fontes abertas e confiáveis.","{""realizar"",""pesquisa"",""estabelecendo"",""recorte"",""questoes"",""usando"",""fontes"",""abertas"",""confiaveis""}","{""realizar"",""pesquisa"",""estabelecendo"",""recorte"",""questoes"",""usando""}",{},false,https://catalogobncc.github.io/metadados/2022/03/30/eflp,Importado dos metadados públicos do Catálogo BNCC. Revisar unidade temática e objeto de conhecimento na planilha oficial BNCC/MEC.
EF89LP25,Ensino Fundamental - Anos Finais,"8º ano; 9º ano",Linguagens,Língua Portuguesa,,,"Divulgar o resultado de pesquisas por meio de apresentações orais, verbetes de enciclopédias colaborativas, reportagens de divulgação científica, vlogs científicos, vídeos de diferentes tipos etc.","{""divulgar"",""resultado"",""pesquisas"",""apresentacoes"",""orais"",""verbetes"",""enciclopedias"",""colaborativas"",""reportagens"",""divulgacao""}","{""divulgar"",""resultado"",""pesquisas"",""apresentacoes"",""orais"",""verbetes""}","{""ciencia""}",false,https://catalogobncc.github.io/metadados/2022/03/30/eflp,Importado dos metadados públicos do Catálogo BNCC. Revisar unidade temática e objeto de conhecimento na planilha oficial BNCC/MEC.
EF89LP26,Ensino Fundamental - Anos Finais,"8º ano; 9º ano",Linguagens,Língua Portuguesa,,,"Produzir resenhas, a partir das notas e/ou esquemas feitos, com o manejo adequado das vozes envolvidas (do resenhador, do autor da obra e, se for o caso, também dos autores citados na obra resenhada), por meio do uso de paráfrases, marcas do discurso reportado e citações.","{""resenhas"",""notas"",""esquemas"",""feitos"",""manejo"",""adequado"",""vozes"",""envolvidas"",""resenhador"",""autor""}","{""resenhas"",""notas"",""esquemas"",""feitos"",""manejo"",""adequado""}","{""ciencia""}",true,https://catalogobncc.github.io/metadados/2022/03/30/eflp,Importado dos metadados públicos do Catálogo BNCC. Revisar unidade temática e objeto de conhecimento na planilha oficial BNCC/MEC.
EF89LP27,Ensino Fundamental - Anos Finais,"8º ano; 9º ano",Linguagens,Língua Portuguesa,,,"Tecer considerações e formular problematizações pertinentes, em momentos oportunos, em situações de aulas, apresentação oral, seminário etc.","{""tecer"",""consideracoes"",""formular"",""problematizacoes"",""pertinentes"",""momentos"",""oportunos"",""situacoes"",""aulas"",""apresentacao""}","{""tecer"",""consideracoes"",""formular"",""problematizacoes"",""pertinentes"",""momentos""}",{},false,https://catalogobncc.github.io/metadados/2022/03/30/eflp,Importado dos metadados públicos do Catálogo BNCC. Revisar unidade temática e objeto de conhecimento na planilha oficial BNCC/MEC.
EF89LP28,Ensino Fundamental - Anos Finais,"8º ano; 9º ano",Linguagens,Língua Portuguesa,,,"Tomar nota de videoaulas, aulas digitais, apresentações multimídias, vídeos de divulgação científica, documentários e afins, identificando, em função dos objetivos, informações principais para apoio ao estudo e realizando, quando necessário, uma síntese final que destaque e reorganize os pontos ou conceitos centrais e suas relações e que, em alguns casos, seja acompanhada de reflexões pessoais, que podem conter dúvidas, questionamentos, considerações etc.","{""tomar"",""videoaulas"",""aulas"",""digitais"",""apresentacoes"",""multimidias"",""videos"",""divulgacao"",""cientifica"",""documentarios""}","{""tomar"",""videoaulas"",""aulas"",""digitais"",""apresentacoes"",""multimidias""}","{""ciencia"",""tecnologia""}",false,https://catalogobncc.github.io/metadados/2022/03/30/eflp,Importado dos metadados públicos do Catálogo BNCC. Revisar unidade temática e objeto de conhecimento na planilha oficial BNCC/MEC.
EF89LP29,Ensino Fundamental - Anos Finais,"8º ano; 9º ano",Linguagens,Língua Portuguesa,,,"Utilizar e perceber mecanismos de progressão temática, tais como retomadas anafóricas (“que, cujo, onde”, pronomes do caso reto e oblíquos, pronomes demonstrativos, nomes correferentes etc.), catáforas (remetendo para adiante ao invés de retomar o já dito), uso de organizadores textuais, de coesivos etc., e analisar os mecanismos de reformulação e paráfrase utilizados nos textos de divulgação do conhecimento.","{""utilizar"",""perceber"",""mecanismos"",""progressao"",""tematica"",""retomadas"",""anaforicas"",""pronomes"",""obliquos"",""demonstrativos""}","{""utilizar"",""perceber"",""mecanismos"",""progressao"",""tematica"",""retomadas""}","{""engenharia""}",false,https://catalogobncc.github.io/metadados/2022/03/30/eflp,Importado dos metadados públicos do Catálogo BNCC. Revisar unidade temática e objeto de conhecimento na planilha oficial BNCC/MEC.
EF89LP30,Ensino Fundamental - Anos Finais,"8º ano; 9º ano",Linguagens,Língua Portuguesa,,,Analisar a estrutura de hipertexto e hiperlinks em textos de divulgação científica que circulam na Web e proceder à remissão a conceitos e relações por meio de links.,"{""estrutura"",""hipertexto"",""hiperlinks"",""textos"",""divulgacao"",""cientifica"",""circulam"",""proceder"",""remissao"",""conceitos""}","{""estrutura"",""hipertexto"",""hiperlinks"",""textos"",""divulgacao"",""cientifica""}","{""ciencia"",""engenharia""}",false,https://catalogobncc.github.io/metadados/2022/03/30/eflp,Importado dos metadados públicos do Catálogo BNCC. Revisar unidade temática e objeto de conhecimento na planilha oficial BNCC/MEC.
EF89LP31,Ensino Fundamental - Anos Finais,"8º ano; 9º ano",Linguagens,Língua Portuguesa,,,"Analisar e utilizar modalização epistêmica, isto é, modos de indicar uma avaliação sobre o valor de verdade e as condições de verdade de uma proposição, tais como os asseverativos – quando se concorda com (“realmente, evidentemente, naturalmente, efetivamente, claro, certo, lógico, sem dúvida” etc.) ou discorda de (“de jeito nenhum, de forma alguma”) uma ideia; e os quase-asseverativos, que indicam que se considera o conteúdo como quase certo (“talvez, assim, possivelmente, provavelmente, eventualmente”).","{""utilizar"",""modalizacao"",""epistemica"",""modos"",""indicar"",""avaliacao"",""valor"",""verdade"",""condicoes"",""proposicao""}","{""utilizar"",""modalizacao"",""epistemica"",""modos"",""indicar"",""avaliacao""}","{""ciencia""}",false,https://catalogobncc.github.io/metadados/2022/03/30/eflp,Importado dos metadados públicos do Catálogo BNCC. Revisar unidade temática e objeto de conhecimento na planilha oficial BNCC/MEC.
EF89LP32,Ensino Fundamental - Anos Finais,"8º ano; 9º ano",Linguagens,Língua Portuguesa,,,"Analisar os efeitos de sentido decorrentes do uso de mecanismos de intertextualidade (referências, alusões, retomadas) entre os textos literários, entre esses textos literários e outras manifestações artísticas (cinema, teatro, artes visuais e midiáticas, música), quanto aos temas, personagens, estilos, autores etc., e entre o texto original e paródias, paráfrases, pastiches, trailer honesto, vídeos-minuto, vidding, dentre outros.","{""efeitos"",""sentido"",""decorrentes"",""mecanismos"",""intertextualidade"",""referencias"",""alusoes"",""retomadas"",""textos"",""literarios""}","{""efeitos"",""sentido"",""decorrentes"",""mecanismos"",""intertextualidade"",""referencias""}","{""tecnologia"",""engenharia"",""artes""}",false,https://catalogobncc.github.io/metadados/2022/03/30/eflp,Importado dos metadados públicos do Catálogo BNCC. Revisar unidade temática e objeto de conhecimento na planilha oficial BNCC/MEC.
EF89LP33,Ensino Fundamental - Anos Finais,"8º ano; 9º ano",Linguagens,Língua Portuguesa,,,"Ler, de forma autônoma, e compreender – selecionando procedimentos e estratégias de leitura adequados a diferentes objetivos e levando em conta características dos gêneros e suportes – romances, contos contemporâneos, minicontos, fábulas contemporâneas, romances juvenis, biografias romanceadas, novelas, crônicas visuais, narrativas de ficção científica, narrativas de suspense, poemas de forma livre e fixa (como haicai), poema concreto, ciberpoema, dentre outros, expressando avaliação sobre o texto lido e estabelecendo preferências por gêneros, temas, autores.","{""autonoma"",""selecionando"",""procedimentos"",""estrategias"",""leitura"",""adequados"",""objetivos"",""levando"",""conta"",""caracteristicas""}","{""autonoma"",""selecionando"",""procedimentos"",""estrategias"",""leitura"",""adequados""}","{""ciencia""}",false,https://catalogobncc.github.io/metadados/2022/03/30/eflp,Importado dos metadados públicos do Catálogo BNCC. Revisar unidade temática e objeto de conhecimento na planilha oficial BNCC/MEC.
EF89LP34,Ensino Fundamental - Anos Finais,"8º ano; 9º ano",Linguagens,Língua Portuguesa,,,"Analisar a organização de texto dramático apresentado em teatro, televisão, cinema, identificando e percebendo os sentidos decorrentes dos recursos linguísticos e semióticos que sustentam sua realização como peça teatral, novela, filme etc.","{""organizacao"",""texto"",""dramatico"",""apresentado"",""teatro"",""televisao"",""cinema"",""identificando"",""percebendo"",""sentidos""}","{""organizacao"",""texto"",""dramatico"",""apresentado"",""teatro"",""televisao""}","{""ciencia"",""artes""}",false,https://catalogobncc.github.io/metadados/2022/03/30/eflp,Importado dos metadados públicos do Catálogo BNCC. Revisar unidade temática e objeto de conhecimento na planilha oficial BNCC/MEC.
EF89LP35,Ensino Fundamental - Anos Finais,"8º ano; 9º ano",Linguagens,Língua Portuguesa,,,"Criar contos ou crônicas (em especial, líricas), crônicas visuais, minicontos, narrativas de aventura e de ficção científica, dentre outros, com temáticas próprias ao gênero, usando os conhecimentos sobre os constituintes estruturais e recursos expressivos típicos dos gêneros narrativos pretendidos, e, no caso de produção em grupo, ferramentas de escrita colaborativa.","{""criar"",""contos"",""cronicas"",""especial"",""liricas"",""visuais"",""minicontos"",""narrativas"",""aventura"",""ficcao""}","{""criar"",""contos"",""cronicas"",""especial"",""liricas"",""visuais""}","{""ciencia"",""engenharia""}",true,https://catalogobncc.github.io/metadados/2022/03/30/eflp,Importado dos metadados públicos do Catálogo BNCC. Revisar unidade temática e objeto de conhecimento na planilha oficial BNCC/MEC.
EF89LP36,Ensino Fundamental - Anos Finais,"8º ano; 9º ano",Linguagens,Língua Portuguesa,,,"Parodiar poemas conhecidos da literatura e criar textos em versos (como poemas concretos, ciberpoemas, haicais, liras, microrroteiros, lambe-lambes e outros tipos de poemas), explorando o uso de recursos sonoros e semânticos (como figuras de linguagem e jogos de palavras) e visuais (como relações entre imagem e texto verbal e distribuição da mancha gráfica), de forma a propiciar diferentes efeitos de sentido.","{""parodiar"",""poemas"",""conhecidos"",""literatura"",""criar"",""textos"",""versos"",""concretos"",""ciberpoemas"",""haicais""}","{""parodiar"",""poemas"",""conhecidos"",""literatura"",""criar"",""textos""}","{""artes""}",true,https://catalogobncc.github.io/metadados/2022/03/30/eflp,Importado dos metadados públicos do Catálogo BNCC. Revisar unidade temática e objeto de conhecimento na planilha oficial BNCC/MEC.
EF89LP37,Ensino Fundamental - Anos Finais,"8º ano; 9º ano",Linguagens,Língua Portuguesa,,,"Analisar os efeitos de sentido do uso de figuras de linguagem como ironia, eufemismo, antítese, aliteração, assonância, dentre outras.","{""efeitos"",""sentido"",""figuras"",""linguagem"",""ironia"",""eufemismo"",""antitese"",""aliteracao"",""assonancia"",""dentre""}","{""efeitos"",""sentido"",""figuras"",""linguagem"",""ironia"",""eufemismo""}",{},false,https://catalogobncc.github.io/metadados/2022/03/30/eflp,Importado dos metadados públicos do Catálogo BNCC. Revisar unidade temática e objeto de conhecimento na planilha oficial BNCC/MEC.
